Alarm Group ID,Alarm Group Name,Alarm ID,Alarm Name,Alarm Severity
8193,GBTS,6486,	-48V Power too High Alarm,Minor
268390408,BSC6910GSM,6486,	-48V Power too High Alarm,Minor
8193,GBTS,6488,	-48V Power too Low Alarm,Minor
268390408,BSC6910GSM,6488,	-48V Power too Low Alarm,Minor
268390408,BSC6910GSM,2260,13M Clock Maintenance Alarm,Warning
8193,GBTS,3718,13M Clock Maintenance Alarm,Warning
268390408,BSC6910GSM,3718,13M Clock Maintenance Alarm,Warning
8193,GBTS,2260,13M Clock Maintenance Alarm,Warning
8193,GBTS,4760,13M Maintenance Alarm,Warning
268390408,BSC6910GSM,4760,13M Maintenance Alarm,Warning
8193,GBTS,3114,16K Signaling Not Support alarm,Major
268390408,BSC6910GSM,3114,16K Signaling Not Support alarm,Major
268390408,BSC6910GSM,2176,16K Signaling not Support Alarm,Major
8193,GBTS,2176,16K Signaling not Support Alarm,Major
8193,GBTS,4164,16K signaling not support alarm,Major
268390408,BSC6910GSM,4164,16K signaling not support alarm,Major
268390408,BSC6910GSM,3634,16K signaling not support alarm,Major
8193,GBTS,3634,16K signaling not support alarm,Major
268390408,BSC6910GSM,20201,1PPS State Abnormal,Major
268390409,BSC6910UMTS,20201,1PPS State Abnormal,Major
268390408,BSC6910GSM,2144,4 Diversity Alarm,Warning
268390408,BSC6910GSM,4132,4 Diversity Alarm,Warning
8193,GBTS,4132,4 Diversity Alarm,Warning
8193,GBTS,2144,4 Diversity Alarm,Warning
268390408,BSC6910GSM,2130,4-way Diversity receiving alarm,Major
8193,GBTS,2130,4-way Diversity receiving alarm,Major
268390408,BSC6910GSM,4118,4-way Diversity receiving alarm,Major
8193,GBTS,4118,4-way Diversity receiving alarm,Major
268390521,BTS5900,26831,802.1x Authentication Failure,Major
268390417,BTS3900,26831,802.1x Authentication Failure,Major
8200,BTS3900 LTE,26831,802.1x Authentication Failure,Major
268390522,BTS5900 LTE,26831,802.1x Authentication Failure,Major
268390523,BTS5900 WCDMA,26831,802.1x Authentication Failure,Major
268390540,BTS3900 5G,26831,802.1x Authentication Failure,Major
268390526,BTS5900 5G,26831,802.1x Authentication Failure,Major
268390451,MICRO BTS3900,26831,802.1x Authentication Failure,Major
125,BTS3900 WCDMA,26831,802.1x Authentication Failure,Major
8193,GBTS,3164,89C52 FLASH Memory alarm,Major
268390408,BSC6910GSM,3164,89C52 FLASH Memory alarm,Major
8193,GBTS,3204,8K reference clock alarm,Warning
268390408,BSC6910GSM,3204,8K reference clock alarm,Warning
100000,OSS,375,A Certificate Has Expired(CCE),Major
100000,OSS,376,A Certificate Is About to Expire(CCE),Major
268390409,BSC6910UMTS,21561,AAL2 Path Blocked,Warning
268390522,BTS5900 LTE,25838,AAL2 Path Fault,Major
268390417,BTS3900,25838,AAL2 Path Fault,Major
268390521,BTS5900,25838,AAL2 Path Fault,Major
268390523,BTS5900 WCDMA,25838,AAL2 Path Fault,Major
8200,BTS3900 LTE,25838,AAL2 Path Fault,Major
125,BTS3900 WCDMA,25838,AAL2 Path Fault,Major
268390521,BTS5900,26560,AAS Board Not In Position,Major
268390522,BTS5900 LTE,26560,AAS Board Not In Position,Major
268390417,BTS3900,26560,AAS Board Not In Position,Major
268390523,BTS5900 WCDMA,26560,AAS Board Not In Position,Major
125,BTS3900 WCDMA,26560,AAS Board Not In Position,Major
8200,BTS3900 LTE,26560,AAS Board Not In Position,Major
268390521,BTS5900,26561,AAS Hardware Fault,Major
268390417,BTS3900,26561,AAS Hardware Fault,Major
268390523,BTS5900 WCDMA,26561,AAS Hardware Fault,Major
125,BTS3900 WCDMA,26561,AAS Hardware Fault,Major
268390522,BTS5900 LTE,26561,AAS Hardware Fault,Major
8200,BTS3900 LTE,26561,AAS Hardware Fault,Major
8193,GBTS,6050,AC Arrester Failure,Warning
268390408,BSC6910GSM,6050,AC Arrester Failure,Warning
8193,GBTS,4936,AC Input DDRM Over Configuration Alarm,Major
268390408,BSC6910GSM,4936,AC Input DDRM Over Configuration Alarm,Major
8193,GBTS,28003,AC Input Power Failure,Major
268390408,BSC6910GSM,28003,AC Input Power Failure,Major
8193,GBTS,5734,AC Lightning Arrester Failure Alarm,Major
8193,GBTS,3966,AC Lightning Arrester Failure Alarm,Major
268390408,BSC6910GSM,3966,AC Lightning Arrester Failure Alarm,Major
268390408,BSC6910GSM,5734,AC Lightning Arrester Failure Alarm,Major
100000,OSS,367,AC Lost or Out-of-Range (PSN Status),Critical
8193,GBTS,5884,AC Lowvoltage Alarm,Major
8193,GBTS,2360,AC Lowvoltage Alarm,Major
268390408,BSC6910GSM,5884,AC Lowvoltage Alarm,Major
268390408,BSC6910GSM,2360,AC Lowvoltage Alarm,Major
8193,GBTS,12840,AC Off Alarm,Critical
268390408,BSC6910GSM,12840,AC Off Alarm,Critical
8193,GBTS,3706,AC Off or Battery Low Alarm,Warning
268390408,BSC6910GSM,3706,AC Off or Battery Low Alarm,Warning
8193,GBTS,3186,AC Off or Battery Low alarm,Warning
268390408,BSC6910GSM,3186,AC Off or Battery Low alarm,Warning
8193,GBTS,3926,AC Over Voltage Alarm,Major
268390408,BSC6910GSM,3926,AC Over Voltage Alarm,Major
268390408,BSC6910GSM,5992,AC Over Voltage Alarm,Major
8193,GBTS,5992,AC Over Voltage Alarm,Major
8193,GBTS,5882,AC Overvoltage Alarm,Major
268390408,BSC6910GSM,5702,AC Overvoltage Alarm,Major
268390408,BSC6910GSM,5882,AC Overvoltage Alarm,Major
8193,GBTS,5702,AC Overvoltage Alarm,Major
8193,GBTS,2358,AC Overvoltage Alarm,Major
268390408,BSC6910GSM,2358,AC Overvoltage Alarm,Major
268390521,BTS5900,25628,AC Surge Protector Fault,Major
268390540,BTS3900 5G,25628,AC Surge Protector Fault,Major
125,BTS3900 WCDMA,25628,AC Surge Protector Fault,Major
268390408,BSC6910GSM,25628,AC Surge Protector Fault,Major
268390526,BTS5900 5G,25628,AC Surge Protector Fault,Major
268390523,BTS5900 WCDMA,25628,AC Surge Protector Fault,Major
8193,GBTS,25628,AC Surge Protector Fault,Major
8200,BTS3900 LTE,25628,AC Surge Protector Fault,Major
268390417,BTS3900,25628,AC Surge Protector Fault,Major
8193,GBTS,13082,AC Surge Protector Fault,Major
268390522,BTS5900 LTE,25628,AC Surge Protector Fault,Major
268390408,BSC6910GSM,13082,AC Surge Protector Fault,Major
8193,GBTS,10796,AC Surge Protector Fault Alarm,Major
268390408,BSC6910GSM,10796,AC Surge Protector Fault Alarm,Major
8193,GBTS,3928,AC Under Voltage Alarm,Major
8193,GBTS,5994,AC Under Voltage Alarm,Major
268390408,BSC6910GSM,3928,AC Under Voltage Alarm,Major
268390408,BSC6910GSM,5994,AC Under Voltage Alarm,Major
8193,GBTS,5704,AC Undervoltage Alarm,Major
268390408,BSC6910GSM,5704,AC Undervoltage Alarm,Major
268390408,BSC6910GSM,2218,AIS Alarm,Major
268390408,BSC6910GSM,4718,AIS Alarm,Major
8193,GBTS,4718,AIS Alarm,Major
8193,GBTS,2218,AIS Alarm,Major
8200,BTS3900 LTE,26763,AISU Satellite Card Abnormal,Minor
125,BTS3900 WCDMA,26763,AISU Satellite Card Abnormal,Minor
268390523,BTS5900 WCDMA,26763,AISU Satellite Card Abnormal,Minor
268390417,BTS3900,26763,AISU Satellite Card Abnormal,Minor
268390522,BTS5900 LTE,26763,AISU Satellite Card Abnormal,Minor
268390521,BTS5900,26763,AISU Satellite Card Abnormal,Minor
268390522,BTS5900 LTE,25837,ALCAP Fault,Major
8200,BTS3900 LTE,25837,ALCAP Fault,Major
268390521,BTS5900,25837,ALCAP Fault,Major
268390523,BTS5900 WCDMA,25837,ALCAP Fault,Major
125,BTS3900 WCDMA,25837,ALCAP Fault,Major
268390417,BTS3900,25837,ALCAP Fault,Major
8193,GBTS,12814,ALD Communication Alarm,Major
8193,GBTS,10252,ALD Communication Alarm,Major
268390408,BSC6910GSM,12814,ALD Communication Alarm,Major
268390408,BSC6910GSM,10252,ALD Communication Alarm,Major
8193,GBTS,4240,ALD Communication Alarm,Major
268390408,BSC6910GSM,4240,ALD Communication Alarm,Major
8193,GBTS,12836,ALD Current Abnormal Alarm,Major
268390408,BSC6910GSM,4226,ALD Current Abnormal Alarm,Warning
268390408,BSC6910GSM,12836,ALD Current Abnormal Alarm,Major
8193,GBTS,4226,ALD Current Abnormal Alarm,Warning
8193,GBTS,12818,ALD Failure Alarm,Major
268390408,BSC6910GSM,12818,ALD Failure Alarm,Major
268390521,BTS5900,26752,ALD Hardware Fault,Minor
268390523,BTS5900 WCDMA,26752,ALD Hardware Fault,Minor
268390417,BTS3900,26752,ALD Hardware Fault,Minor
268390408,BSC6910GSM,26752,ALD Hardware Fault,Minor
8193,GBTS,26752,ALD Hardware Fault,Minor
125,BTS3900 WCDMA,26752,ALD Hardware Fault,Minor
268390540,BTS3900 5G,26752,ALD Hardware Fault,Minor
8200,BTS3900 LTE,26752,ALD Hardware Fault,Minor
268390526,BTS5900 5G,26752,ALD Hardware Fault,Minor
268390522,BTS5900 LTE,26752,ALD Hardware Fault,Minor
268390526,BTS5900 5G,26541,ALD Maintenance Link Failure,Major
8200,BTS3900 LTE,26541,ALD Maintenance Link Failure,Major
268390523,BTS5900 WCDMA,26541,ALD Maintenance Link Failure,Major
268390540,BTS3900 5G,26541,ALD Maintenance Link Failure,Major
8193,GBTS,26541,ALD Maintenance Link Failure,Major
268390408,BSC6910GSM,26541,ALD Maintenance Link Failure,Major
268390521,BTS5900,26541,ALD Maintenance Link Failure,Major
268390522,BTS5900 LTE,26541,ALD Maintenance Link Failure,Major
125,BTS3900 WCDMA,26541,ALD Maintenance Link Failure,Major
268390417,BTS3900,26541,ALD Maintenance Link Failure,Major
268390521,BTS5900,26762,ALD Permission Configuration and Running Data Inconsistency,Minor
268390523,BTS5900 WCDMA,26762,ALD Permission Configuration and Running Data Inconsistency,Minor
8200,BTS3900 LTE,26762,ALD Permission Configuration and Running Data Inconsistency,Minor
268390540,BTS3900 5G,26762,ALD Permission Configuration and Running Data Inconsistency,Minor
125,BTS3900 WCDMA,26762,ALD Permission Configuration and Running Data Inconsistency,Minor
268390526,BTS5900 5G,26762,ALD Permission Configuration and Running Data Inconsistency,Minor
268390522,BTS5900 LTE,26762,ALD Permission Configuration and Running Data Inconsistency,Minor
268390417,BTS3900,26762,ALD Permission Configuration and Running Data Inconsistency,Minor
100000,OSS,1522,ALM-Traffic Threshold Alarm (Major),Major
100000,OSS,1521,ALM-Traffic Threshold Alarm (Minor),Minor
100000,OSS,1520,ALM-Traffic Threshold Alarm (Warning),Warning
100000,OSS,1525,ALM-Users Threshold Alarm (Major),Major
100000,OSS,1524,ALM-Users Threshold Alarm (Minor),Minor
100000,OSS,1523,ALM-Users Threshold Alarm (Warning),Warning
8193,GBTS,3450,APC alarm,Major
268390408,BSC6910GSM,3450,APC alarm,Major
8193,GBTS,3952,APM Board Communication Alarm,Major
268390408,BSC6910GSM,3952,APM Board Communication Alarm,Major
8193,GBTS,3924,APMU extended B1 alarm,Warning
268390408,BSC6910GSM,3924,APMU extended B1 alarm,Warning
8193,GBTS,3944,APMU extended BB alarm,Warning
268390408,BSC6910GSM,3944,APMU extended BB alarm,Warning
8193,GBTS,3946,APMU extended BC alarm,Warning
268390408,BSC6910GSM,3946,APMU extended BC alarm,Warning
8193,GBTS,3956,APMU extended C1 alarm,Warning
268390408,BSC6910GSM,3956,APMU extended C1 alarm,Warning
8193,GBTS,3958,APMU extended C2 alarm,Warning
268390408,BSC6910GSM,3958,APMU extended C2 alarm,Warning
8193,GBTS,3982,APMU extended CE alarm,Warning
268390408,BSC6910GSM,3982,APMU extended CE alarm,Warning
8193,GBTS,3984,APMU extended CF alarm,Warning
268390408,BSC6910GSM,3984,APMU extended CF alarm,Warning
8193,GBTS,3986,APMU extended D0 alarm,Warning
268390408,BSC6910GSM,3986,APMU extended D0 alarm,Warning
8193,GBTS,3988,APMU extended D1 alarm,Warning
268390408,BSC6910GSM,3988,APMU extended D1 alarm,Warning
8193,GBTS,3990,APMU extended D2 alarm,Warning
268390408,BSC6910GSM,3990,APMU extended D2 alarm,Warning
8193,GBTS,3992,APMU extended D3 alarm,Warning
268390408,BSC6910GSM,3992,APMU extended D3 alarm,Warning
8193,GBTS,3994,APMU extended D4 alarm,Warning
268390408,BSC6910GSM,3994,APMU extended D4 alarm,Warning
8193,GBTS,3996,APMU extended D5 alarm,Warning
268390408,BSC6910GSM,3996,APMU extended D5 alarm,Warning
8193,GBTS,3998,APMU extended D6 alarm,Warning
268390408,BSC6910GSM,3998,APMU extended D6 alarm,Warning
8193,GBTS,4000,APMU extended D7 alarm,Warning
268390408,BSC6910GSM,4000,APMU extended D7 alarm,Warning
8193,GBTS,4168,ARFCN TRX Type Mismatch,Major
268390408,BSC6910GSM,4168,ARFCN TRX Type Mismatch,Major
268390409,BSC6910UMTS,21391,ARP Conflict,Major
268390408,BSC6910GSM,21391,ARP Conflict,Major
268390409,BSC6910UMTS,21406,ARP Detection Failure,Major
268390408,BSC6910GSM,21406,ARP Detection Failure,Major
8193,GBTS,25903,ARP Session Fault,Minor
268390408,BSC6910GSM,25903,ARP Session Fault,Minor
8193,GBTS,3196,ASU Communication alarm,Warning
268390408,BSC6910GSM,3196,ASU Communication alarm,Warning
8193,GBTS,3194,ASU E1 Port alarm,Major
268390408,BSC6910GSM,3194,ASU E1 Port alarm,Major
268390409,BSC6910UMTS,21586,ATM Logical Port Congestion,Minor
268390521,BTS5900,28060,Abis Control Port Fault,Major
268390417,BTS3900,28060,Abis Control Port Fault,Major
100000,OSS,100007,Abnormal Alarm Service Health Check,Major
8193,GBTS,13320,Abnormal Board Temperature Alarm,Minor
268390408,BSC6910GSM,13320,Abnormal Board Temperature Alarm,Minor
100000,OSS,603,Abnormal Counters Over the Limit,Minor
100000,OSS,1060,Abnormal Database Running Status,Major
100000,OSS,101204,Abnormal Deployment of the Primary and Secondary Sites,Major
8193,GBTS,4200,Abnormal Fan Speed,Minor
268390408,BSC6910GSM,4200,Abnormal Fan Speed,Minor
100000,OSS,1078,Abnormal File Replication Between the Local Active and Standby Nodes,Major
8193,GBTS,13322,Abnormal GPS Alarm,Minor
268390408,BSC6910GSM,13322,Abnormal GPS Alarm,Minor
100000,OSS,101201,Abnormal Heartbeat,Critical
100000,OSS,1061,Abnormal Heartbeat Between OSMU and OSS,Major
8193,GBTS,12844,Abnormal IP Clock Link Alarm,Major
268390408,BSC6910GSM,12844,Abnormal IP Clock Link Alarm,Major
268390408,BSC6910GSM,4616,Abnormal IP Clock Link Alarm,Major
268390408,BSC6910GSM,12306,Abnormal IP Clock Link Alarm,Major
8193,GBTS,4616,Abnormal IP Clock Link Alarm,Major
8193,GBTS,12306,Abnormal IP Clock Link Alarm,Major
268390409,BSC6910UMTS,20249,Abnormal Information About DIP Switch of Subrack,Major
268390408,BSC6910GSM,20249,Abnormal Information About DIP Switch of Subrack,Major
100000,OSS,30001100,Abnormal NIC Status,Major
268390408,BSC6910GSM,20051,Abnormal Power Input for a Subrack,Critical
268390409,BSC6910UMTS,20051,Abnormal Power Input for a Subrack,Critical
268390521,BTS5900,25732,Abnormal Receiving on OLP Trunk Optical Fiber Port,Major
268390522,BTS5900 LTE,25732,Abnormal Receiving on OLP Trunk Optical Fiber Port,Major
268390540,BTS3900 5G,25732,Abnormal Receiving on OLP Trunk Optical Fiber Port,Major
8200,BTS3900 LTE,25732,Abnormal Receiving on OLP Trunk Optical Fiber Port,Major
125,BTS3900 WCDMA,25732,Abnormal Receiving on OLP Trunk Optical Fiber Port,Major
268390523,BTS5900 WCDMA,25732,Abnormal Receiving on OLP Trunk Optical Fiber Port,Major
268390526,BTS5900 5G,25732,Abnormal Receiving on OLP Trunk Optical Fiber Port,Major
268390417,BTS3900,25732,Abnormal Receiving on OLP Trunk Optical Fiber Port,Major
100000,OSS,101200,Abnormal Replication,Critical
100000,OSS,1045,Abnormal SSH Trust Relationship,Major
8193,GBTS,13100,Abnormal Temperature at the Air Inlet of the Cabinet,Minor
268390408,BSC6910GSM,13100,Abnormal Temperature at the Air Inlet of the Cabinet,Minor
8193,GBTS,13098,Abnormal Temperature at the Air Outlet of the Cabinet,Minor
268390408,BSC6910GSM,13098,Abnormal Temperature at the Air Outlet of the Cabinet,Minor
8193,GBTS,4942,Access Control Alarm,Major
268390408,BSC6910GSM,4942,Access Control Alarm,Major
268390408,BSC6910GSM,20910,Active OMU Communication Excessive Error Packet Rate,Major
268390409,BSC6910UMTS,20910,Active OMU Communication Excessive Error Packet Rate,Major
268390521,BTS5900,26250,Active Workspace Version Unavailable,Major
8193,GBTS,26250,Active Workspace Version Unavailable,Major
268390451,MICRO BTS3900,26250,Active Workspace Version Unavailable,Major
268390523,BTS5900 WCDMA,26250,Active Workspace Version Unavailable,Major
268390522,BTS5900 LTE,26250,Active Workspace Version Unavailable,Major
268390417,BTS3900,26250,Active Workspace Version Unavailable,Major
268390540,BTS3900 5G,26250,Active Workspace Version Unavailable,Major
8200,BTS3900 LTE,26250,Active Workspace Version Unavailable,Major
125,BTS3900 WCDMA,26250,Active Workspace Version Unavailable,Major
268390408,BSC6910GSM,26250,Active Workspace Version Unavailable,Major
268390526,BTS5900 5G,26250,Active Workspace Version Unavailable,Major
268390409,BSC6910UMTS,20702,Active and Standby OMU Communication Link Failure,Minor
268390408,BSC6910GSM,20702,Active and Standby OMU Communication Link Failure,Minor
268390409,BSC6910UMTS,20907,Active/Standby Status Inconsistency Between Built-in NE and Host NE,Major
268390408,BSC6910GSM,20907,Active/Standby Status Inconsistency Between Built-in NE and Host NE,Major
268390408,BSC6910GSM,21603,Adjacent Node Congestion,Major
268390409,BSC6910UMTS,21603,Adjacent Node Congestion,Major
268390409,BSC6910UMTS,21392,Adjacent Node IP Address Ping Failure,Major
268390408,BSC6910GSM,21392,Adjacent Node IP Address Ping Failure,Major
268390409,BSC6910UMTS,21395,Adjacent Node IP Path Excessive Packet Loss Rate,Minor
268390408,BSC6910GSM,21395,Adjacent Node IP Path Excessive Packet Loss Rate,Minor
268390409,BSC6910UMTS,21393,Adjacent Node IP Path Ping Failure,Major
268390408,BSC6910GSM,21393,Adjacent Node IP Path Ping Failure,Major
100000,OSS,100901,Aggregated Alarm,Major
8193,GBTS,2538,Air-Conditioner Protection Alarm,Major
8193,GBTS,8622,Air-Conditioner Protection Alarm,Major
268390408,BSC6910GSM,8622,Air-Conditioner Protection Alarm,Major
268390408,BSC6910GSM,2538,Air-Conditioner Protection Alarm,Major
268390408,BSC6910GSM,2246,Air-conditioner/Heat-exchanger Alarm,Major
8193,GBTS,2246,Air-conditioner/Heat-exchanger Alarm,Major
8193,GBTS,4746,Air-conditioner/heat-exchanger alarm,Major
268390408,BSC6910GSM,4746,Air-conditioner/heat-exchanger alarm,Major
268390408,BSC6910GSM,20740,Alarm Box Disconnected,Minor
268390409,BSC6910UMTS,20740,Alarm Box Disconnected,Minor
100000,OSS,101207,Alarm Receiving Failures Due to Device Disconnection,Critical
100000,OSS,1500,Alarm indicating that more than 30 objects meet the threshold condition in the same period,Major
100000,OSS,781,Alarm indicating that the Trace Server is disconnected from the SAU data channel,Minor
100000,OSS,1502,Alarm indicating that the threshold for Cell activation success rate exceeds the limit,Minor
100000,OSS,1501,Alarm indicating that the threshold for Cell attach success rate exceeds the limit,Minor
100000,OSS,1504,Alarm indicating that the threshold for Cell inter-SGSN RAU success rate exceeds the limit,Minor
100000,OSS,1503,Alarm indicating that the threshold for Cell intra-SGSN RAU success rate exceeds the limit,Minor
100000,OSS,1515,Alarm indicating that the threshold for MME attach success rate exceeds the limit,Minor
100000,OSS,1516,Alarm indicating that the threshold for MME create bearer success rate exceeds the limit,Minor
100000,OSS,1517,Alarm indicating that the threshold for MME inter-MME TAU success rate exceeds the limit,Minor
100000,OSS,1518,Alarm indicating that the threshold for MME intra-MME TAU success rate exceeds the limit,Minor
100000,OSS,1506,Alarm indicating that the threshold for RAI activation success rate exceeds the limit,Minor
100000,OSS,1505,Alarm indicating that the threshold for RAI attach success rate exceeds the limit,Minor
100000,OSS,1508,Alarm indicating that the threshold for RAI inter-SGSN RAU success rate exceeds the limit,Minor
100000,OSS,1507,Alarm indicating that the threshold for RAI intra-SGSN RAU success rate exceeds the limit,Minor
100000,OSS,1510,Alarm indicating that the threshold for SGSN activation success rate exceeds the limit,Minor
100000,OSS,1509,Alarm indicating that the threshold for SGSN attach success rate exceeds the limit,Minor
100000,OSS,1511,Alarm indicating that the threshold for TAI attach success rate exceeds the limit,Minor
100000,OSS,1512,Alarm indicating that the threshold for TAI create bearer success rate exceeds the limit,Minor
100000,OSS,1513,Alarm indicating that the threshold for TAI inter-MME TAU success rate exceeds the limit,Minor
100000,OSS,1514,Alarm indicating that the threshold for TAI intra-MME TAU success rate exceeds the limit,Minor
100000,OSS,122,Alarm of the Failure to Connect the Master and Standby Syslog Servers,Major
100000,OSS,121,Alarm of the Switchover to the Standby Syslog Server,Major
268390408,BSC6910GSM,21838,All Cell Access Barred Under a BSC,Critical
8193,GBTS,13090,Ambient Humidity Abnormal,Minor
268390409,BSC6910UMTS,20046,Ambient Humidity Abnormal,Major
268390408,BSC6910GSM,13090,Ambient Humidity Abnormal,Minor
268390408,BSC6910GSM,20046,Ambient Humidity Abnormal,Major
8193,GBTS,5638,Ambient Humidity Too High,Major
268390408,BSC6910GSM,5638,Ambient Humidity Too High,Major
8193,GBTS,5640,Ambient Humidity Too Low,Major
268390408,BSC6910GSM,5640,Ambient Humidity Too Low,Major
268390521,BTS5900,25651,Ambient Humidity Unacceptable,Minor
8200,BTS3900 LTE,25651,Ambient Humidity Unacceptable,Minor
268390417,BTS3900,25651,Ambient Humidity Unacceptable,Minor
125,BTS3900 WCDMA,25651,Ambient Humidity Unacceptable,Minor
268390526,BTS5900 5G,25651,Ambient Humidity Unacceptable,Minor
268390540,BTS3900 5G,25651,Ambient Humidity Unacceptable,Minor
268390408,BSC6910GSM,25651,Ambient Humidity Unacceptable,Minor
8193,GBTS,25651,Ambient Humidity Unacceptable,Minor
268390522,BTS5900 LTE,25651,Ambient Humidity Unacceptable,Minor
268390523,BTS5900 WCDMA,25651,Ambient Humidity Unacceptable,Minor
8193,GBTS,13088,Ambient Temperature Abnormal,Minor
268390409,BSC6910UMTS,20045,Ambient Temperature Abnormal,Major
268390408,BSC6910GSM,13088,Ambient Temperature Abnormal,Minor
268390408,BSC6910GSM,20045,Ambient Temperature Abnormal,Major
8193,GBTS,5716,Ambient Temperature Too High Alarm,Major
268390408,BSC6910GSM,5716,Ambient Temperature Too High Alarm,Major
268390408,BSC6910GSM,6006,Ambient Temperature Too High Alarm,Major
8193,GBTS,6006,Ambient Temperature Too High Alarm,Major
8193,GBTS,3940,Ambient Temperature Too High alarm,Major
268390408,BSC6910GSM,3940,Ambient Temperature Too High alarm,Major
8193,GBTS,5718,Ambient Temperature Too Low Alarm,Major
8193,GBTS,6008,Ambient Temperature Too Low Alarm,Major
268390408,BSC6910GSM,6008,Ambient Temperature Too Low Alarm,Major
268390408,BSC6910GSM,5718,Ambient Temperature Too Low Alarm,Major
268390408,BSC6910GSM,3942,Ambient Temperature Too Low Alarm,Major
8193,GBTS,3942,Ambient Temperature Too Low Alarm,Major
268390521,BTS5900,25650,Ambient Temperature Unacceptable,Minor
268390417,BTS3900,25650,Ambient Temperature Unacceptable,Minor
8200,BTS3900 LTE,25650,Ambient Temperature Unacceptable,Minor
268390540,BTS3900 5G,25650,Ambient Temperature Unacceptable,Minor
125,BTS3900 WCDMA,25650,Ambient Temperature Unacceptable,Minor
268390526,BTS5900 5G,25650,Ambient Temperature Unacceptable,Minor
8193,GBTS,25650,Ambient Temperature Unacceptable,Minor
268390522,BTS5900 LTE,25650,Ambient Temperature Unacceptable,Minor
268390408,BSC6910GSM,25650,Ambient Temperature Unacceptable,Minor
268390523,BTS5900 WCDMA,25650,Ambient Temperature Unacceptable,Minor
100000,OSS,299,"An OSS User Is Added to the Administrators, SMManagers, or Subdomain Security Administrator Group",Critical
100000,OSS,999999990,Annual software service fee has expired,Critical
100000,OSS,999999989,Annual software service fee is due soon,Major
100000,OSS,411,Antenna Parameter Value Fluctuation Exceeds the Threshold,Minor
268390408,BSC6910GSM,10246,Antenna and TMA Control Unit Communication Alarm,Major
8193,GBTS,10246,Antenna and TMA Control Unit Communication Alarm,Major
100000,OSS,789,Audit Log Processing Failure,Minor
100000,OSS,100006,Authentication Failures Reach the Maximum,Critical
100000,OSS,41,Auto update certificate failed,Critical
268390521,BTS5900,26842,Automatic Certificate Update Failed,Major
268390451,MICRO BTS3900,26842,Automatic Certificate Update Failed,Minor
8193,GBTS,26842,Automatic Certificate Update Failed,Minor
268390540,BTS3900 5G,26842,Automatic Certificate Update Failed,Major
8200,BTS3900 LTE,26842,Automatic Certificate Update Failed,Major
268390417,BTS3900,26842,Automatic Certificate Update Failed,Major
268390408,BSC6910GSM,26842,Automatic Certificate Update Failed,Minor
268390523,BTS5900 WCDMA,26842,Automatic Certificate Update Failed,Major
125,BTS3900 WCDMA,26842,Automatic Certificate Update Failed,Major
268390522,BTS5900 LTE,26842,Automatic Certificate Update Failed,Major
268390526,BTS5900 5G,26842,Automatic Certificate Update Failed,Major
268390521,BTS5900,26255,Automatic Version Rollback,Major
8193,GBTS,26255,Automatic Version Rollback,Major
268390523,BTS5900 WCDMA,26255,Automatic Version Rollback,Major
8200,BTS3900 LTE,26255,Automatic Version Rollback,Major
268390417,BTS3900,26255,Automatic Version Rollback,Major
268390526,BTS5900 5G,26255,Automatic Version Rollback,Major
268390540,BTS3900 5G,26255,Automatic Version Rollback,Major
268390408,BSC6910GSM,26255,Automatic Version Rollback,Major
125,BTS3900 WCDMA,26255,Automatic Version Rollback,Major
268390522,BTS5900 LTE,26255,Automatic Version Rollback,Major
268390451,MICRO BTS3900,26255,Automatic Version Rollback,Major
100000,OSS,650008,Available Resources on Management Nodes Are Going to Be Insufficient,Major
100000,OSS,118,Avalanche alarm,Major
100000,OSS,103606,Average I/O Wait Too Long,Major
268390521,BTS5900,65203,BATERIA EM DESCARGA,Major
268390521,BTS5900,65212,BATERIA LITIO DESCARREGADA,Major
268390521,BTS5900,65211,BATERIA LITIO DESLIGADA,Major
268390521,BTS5900,65087,BATERIA LITIO FORA OPERAÇÃO,Major
268390521,BTS5900,26205,BBU Board Maintenance Link Failure,Major
125,BTS3900 WCDMA,26205,BBU Board Maintenance Link Failure,Major
268390526,BTS5900 5G,26205,BBU Board Maintenance Link Failure,Major
268390540,BTS3900 5G,26205,BBU Board Maintenance Link Failure,Major
268390523,BTS5900 WCDMA,26205,BBU Board Maintenance Link Failure,Major
8193,GBTS,26205,BBU Board Maintenance Link Failure,Major
268390408,BSC6910GSM,26205,BBU Board Maintenance Link Failure,Major
268390417,BTS3900,26205,BBU Board Maintenance Link Failure,Major
8200,BTS3900 LTE,26205,BBU Board Maintenance Link Failure,Major
268390522,BTS5900 LTE,26205,BBU Board Maintenance Link Failure,Major
268390521,BTS5900,26234,BBU CPRI Interface Error,Minor
268390522,BTS5900 LTE,26234,BBU CPRI Interface Error,Minor
268390540,BTS3900 5G,26234,BBU CPRI Interface Error,Minor
268390451,MICRO BTS3900,26234,BBU CPRI Interface Error,Minor
268390526,BTS5900 5G,26234,BBU CPRI Interface Error,Minor
8200,BTS3900 LTE,26234,BBU CPRI Interface Error,Minor
268390417,BTS3900,26234,BBU CPRI Interface Error,Minor
268390408,BSC6910GSM,26234,BBU CPRI Interface Error,Minor
8193,GBTS,26234,BBU CPRI Interface Error,Minor
268390523,BTS5900 WCDMA,26234,BBU CPRI Interface Error,Minor
125,BTS3900 WCDMA,26234,BBU CPRI Interface Error,Minor
268390521,BTS5900,26246,BBU CPRI Line Rate Negotiation Abnormal,Major
268390417,BTS3900,26246,BBU CPRI Line Rate Negotiation Abnormal,Major
268390540,BTS3900 5G,26246,BBU CPRI Line Rate Negotiation Abnormal,Major
268390526,BTS5900 5G,26246,BBU CPRI Line Rate Negotiation Abnormal,Major
268390523,BTS5900 WCDMA,26246,BBU CPRI Line Rate Negotiation Abnormal,Major
268390451,MICRO BTS3900,26246,BBU CPRI Line Rate Negotiation Abnormal,Major
8200,BTS3900 LTE,26246,BBU CPRI Line Rate Negotiation Abnormal,Major
125,BTS3900 WCDMA,26246,BBU CPRI Line Rate Negotiation Abnormal,Major
268390522,BTS5900 LTE,26246,BBU CPRI Line Rate Negotiation Abnormal,Major
268390451,MICRO BTS3900,26233,BBU CPRI Optical Interface Performance Degraded,Minor
268390408,BSC6910GSM,26233,BBU CPRI Optical Interface Performance Degraded,Minor
8193,GBTS,26233,BBU CPRI Optical Interface Performance Degraded,Minor
268390451,MICRO BTS3900,26230,BBU CPRI Optical Module Fault,Warning
268390523,BTS5900 WCDMA,26230,BBU CPRI Optical Module Fault,Warning
8193,GBTS,26230,BBU CPRI Optical Module Fault,Warning
268390540,BTS3900 5G,26230,BBU CPRI Optical Module Fault,Warning
8200,BTS3900 LTE,26230,BBU CPRI Optical Module Fault,Warning
268390526,BTS5900 5G,26230,BBU CPRI Optical Module Fault,Warning
125,BTS3900 WCDMA,26230,BBU CPRI Optical Module Fault,Warning
268390521,BTS5900,26230,BBU CPRI Optical Module Fault,Warning
268390417,BTS3900,26230,BBU CPRI Optical Module Fault,Warning
268390522,BTS5900 LTE,26230,BBU CPRI Optical Module Fault,Warning
268390408,BSC6910GSM,26230,BBU CPRI Optical Module Fault,Warning
268390451,MICRO BTS3900,26231,BBU CPRI Optical Module or Electrical Port Not Ready,Major
8193,GBTS,26231,BBU CPRI Optical Module or Electrical Port Not Ready,Major
268390521,BTS5900,26231,BBU CPRI Optical Module or Electrical Port Not Ready,Major
268390417,BTS3900,26231,BBU CPRI Optical Module or Electrical Port Not Ready,Major
268390522,BTS5900 LTE,26231,BBU CPRI Optical Module or Electrical Port Not Ready,Major
125,BTS3900 WCDMA,26231,BBU CPRI Optical Module or Electrical Port Not Ready,Major
268390408,BSC6910GSM,26231,BBU CPRI Optical Module or Electrical Port Not Ready,Major
268390540,BTS3900 5G,26231,BBU CPRI Optical Module or Electrical Port Not Ready,Major
8200,BTS3900 LTE,26231,BBU CPRI Optical Module or Electrical Port Not Ready,Major
268390523,BTS5900 WCDMA,26231,BBU CPRI Optical Module or Electrical Port Not Ready,Major
268390526,BTS5900 5G,26231,BBU CPRI Optical Module or Electrical Port Not Ready,Major
268390521,BTS5900,26112,BBU DC Output Out of Range,Major
268390408,BSC6910GSM,26112,BBU DC Output Out of Range,Major
268390523,BTS5900 WCDMA,26112,BBU DC Output Out of Range,Major
268390417,BTS3900,26112,BBU DC Output Out of Range,Major
268390540,BTS3900 5G,26112,BBU DC Output Out of Range,Major
8200,BTS3900 LTE,26112,BBU DC Output Out of Range,Major
268390526,BTS5900 5G,26112,BBU DC Output Out of Range,Major
125,BTS3900 WCDMA,26112,BBU DC Output Out of Range,Major
268390522,BTS5900 LTE,26112,BBU DC Output Out of Range,Major
8193,GBTS,26112,BBU DC Output Out of Range,Major
8193,GBTS,5082,BBU FAN Communication Abnormal,Major
268390408,BSC6910GSM,5082,BBU FAN Communication Abnormal,Major
268390521,BTS5900,26111,BBU Fan Not at Full Speed,Major
268390408,BSC6910GSM,26111,BBU Fan Not at Full Speed,Major
268390540,BTS3900 5G,26111,BBU Fan Not at Full Speed,Major
268390526,BTS5900 5G,26111,BBU Fan Not at Full Speed,Major
268390417,BTS3900,26111,BBU Fan Not at Full Speed,Major
125,BTS3900 WCDMA,26111,BBU Fan Not at Full Speed,Major
8193,GBTS,26111,BBU Fan Not at Full Speed,Major
268390523,BTS5900 WCDMA,26111,BBU Fan Not at Full Speed,Major
268390522,BTS5900 LTE,26111,BBU Fan Not at Full Speed,Major
8200,BTS3900 LTE,26111,BBU Fan Not at Full Speed,Major
268390526,BTS5900 5G,26110,BBU Fan Stalled,Major
125,BTS3900 WCDMA,26110,BBU Fan Stalled,Major
8193,GBTS,26110,BBU Fan Stalled,Major
268390540,BTS3900 5G,26110,BBU Fan Stalled,Major
268390408,BSC6910GSM,26110,BBU Fan Stalled,Major
268390521,BTS5900,26110,BBU Fan Stalled,Major
268390522,BTS5900 LTE,26110,BBU Fan Stalled,Major
8200,BTS3900 LTE,26110,BBU Fan Stalled,Major
268390523,BTS5900 WCDMA,26110,BBU Fan Stalled,Major
268390417,BTS3900,26110,BBU Fan Stalled,Major
268390521,BTS5900,26324,BBU IR Interface Error,Minor
268390523,BTS5900 WCDMA,26324,BBU IR Interface Error,Minor
125,BTS3900 WCDMA,26324,BBU IR Interface Error,Minor
8200,BTS3900 LTE,26324,BBU IR Interface Error,Minor
268390522,BTS5900 LTE,26324,BBU IR Interface Error,Minor
268390417,BTS3900,26324,BBU IR Interface Error,Minor
268390521,BTS5900,26325,BBU IR Line Rate Negotiation Abnormal,Major
8200,BTS3900 LTE,26325,BBU IR Line Rate Negotiation Abnormal,Major
268390523,BTS5900 WCDMA,26325,BBU IR Line Rate Negotiation Abnormal,Major
268390417,BTS3900,26325,BBU IR Line Rate Negotiation Abnormal,Major
268390522,BTS5900 LTE,26325,BBU IR Line Rate Negotiation Abnormal,Major
125,BTS3900 WCDMA,26325,BBU IR Line Rate Negotiation Abnormal,Major
268390521,BTS5900,26320,BBU IR Optical Module Fault,Warning
268390523,BTS5900 WCDMA,26320,BBU IR Optical Module Fault,Warning
125,BTS3900 WCDMA,26320,BBU IR Optical Module Fault,Warning
268390522,BTS5900 LTE,26320,BBU IR Optical Module Fault,Warning
268390417,BTS3900,26320,BBU IR Optical Module Fault,Warning
8200,BTS3900 LTE,26320,BBU IR Optical Module Fault,Warning
268390521,BTS5900,26321,BBU IR Optical Module or Electrical Port Not Ready,Major
268390417,BTS3900,26321,BBU IR Optical Module or Electrical Port Not Ready,Major
268390522,BTS5900 LTE,26321,BBU IR Optical Module or Electrical Port Not Ready,Major
268390523,BTS5900 WCDMA,26321,BBU IR Optical Module or Electrical Port Not Ready,Major
8200,BTS3900 LTE,26321,BBU IR Optical Module or Electrical Port Not Ready,Major
125,BTS3900 WCDMA,26321,BBU IR Optical Module or Electrical Port Not Ready,Major
268390451,MICRO BTS3900,26232,BBU Optical Module Transmit/Receive Fault,Minor
268390408,BSC6910GSM,26232,BBU Optical Module Transmit/Receive Fault,Minor
8193,GBTS,26232,BBU Optical Module Transmit/Receive Fault,Minor
8193,GBTS,5086,BBU Power Alarm,Critical
268390408,BSC6910GSM,5086,BBU Power Alarm,Critical
8193,GBTS,9746,BBU Temperature Alarm,Major
268390408,BSC6910GSM,9746,BBU Temperature Alarm,Major
268390521,BTS5900,26240,BBU Topology and Configuration Mismatch,Major
268390523,BTS5900 WCDMA,26240,BBU Topology and Configuration Mismatch,Major
268390526,BTS5900 5G,26240,BBU Topology and Configuration Mismatch,Major
268390522,BTS5900 LTE,26240,BBU Topology and Configuration Mismatch,Major
268390417,BTS3900,26240,BBU Topology and Configuration Mismatch,Major
8193,GBTS,26240,BBU Topology and Configuration Mismatch,Major
268390540,BTS3900 5G,26240,BBU Topology and Configuration Mismatch,Major
268390408,BSC6910GSM,26240,BBU Topology and Configuration Mismatch,Major
8200,BTS3900 LTE,26240,BBU Topology and Configuration Mismatch,Major
125,BTS3900 WCDMA,26240,BBU Topology and Configuration Mismatch,Major
268390451,MICRO BTS3900,25899,BFD Session Fault,Minor
8193,GBTS,25899,BFD Session Fault,Minor
125,BTS3900 WCDMA,25899,BFD Session Fault,Minor
268390521,BTS5900,25899,BFD Session Fault,Minor
268390408,BSC6910GSM,25899,BFD Session Fault,Minor
268390522,BTS5900 LTE,25899,BFD Session Fault,Minor
8200,BTS3900 LTE,25899,BFD Session Fault,Minor
268390540,BTS3900 5G,25899,BFD Session Fault,Minor
268390523,BTS5900 WCDMA,25899,BFD Session Fault,Minor
268390417,BTS3900,25899,BFD Session Fault,Minor
268390526,BTS5900 5G,25899,BFD Session Fault,Minor
1029528,Link Set,40009,BICC Link Set Broken,Critical
268390408,BSC6910GSM,21829,BSC Node Redundancy Configuration Exception,Major
268390408,BSC6910GSM,21828,BSC Node Redundancy Heart Beat Link Break,Critical
268390408,BSC6910GSM,21839,BSC Service Object Configuration Incomplete,Major
8193,GBTS,21840,BSL Fault,Major
268390408,BSC6910GSM,21840,BSL Fault,Major
268390408,BSC6910GSM,21814,BSS Internal Voice Channel Abnormal,Minor
8193,GBTS,12816,BTS Clock Synchronization Abnormal Alarm,Major
268390408,BSC6910GSM,12292,BTS Clock Synchronization Abnormal Alarm,Major
8193,GBTS,12292,BTS Clock Synchronization Abnormal Alarm,Major
268390408,BSC6910GSM,12816,BTS Clock Synchronization Abnormal Alarm,Major
8193,GBTS,12308,BTS Configuration Conflict Alarm,Major
268390408,BSC6910GSM,12810,BTS Configuration Conflict Alarm,Major
268390408,BSC6910GSM,12308,BTS Configuration Conflict Alarm,Major
8193,GBTS,12810,BTS Configuration Conflict Alarm,Major
268390408,BSC6910GSM,20758,BTS License Will Be Revoked,Minor
268390408,BSC6910GSM,2226,BTS Maintenance Alarm,Warning
8193,GBTS,2226,BTS Maintenance Alarm,Warning
268390408,BSC6910GSM,4726,BTS Maintenance Alarm,Warning
8193,GBTS,4726,BTS Maintenance Alarm,Warning
8193,GBTS,21806,BTS Not Support Configured Function,Major
268390408,BSC6910GSM,21806,BTS Not Support Configured Function,Major
8193,GBTS,21831,BTS Signal Interface Create Fail,Major
268390408,BSC6910GSM,21831,BTS Signal Interface Create Fail,Major
8193,GBTS,20801,BTS Statistical Alarm,Minor
268390408,BSC6910GSM,20801,BTS Statistical Alarm,Minor
268390408,BSC6910GSM,20804,BTS Unavailable,Major
8193,GBTS,12296,BTS Version Rollback Alarm,Warning
268390408,BSC6910GSM,12296,BTS Version Rollback Alarm,Warning
8193,GBTS,12808,BTS Version Rollback Alarm,Warning
268390408,BSC6910GSM,12808,BTS Version Rollback Alarm,Warning
8193,GBTS,3200,BTS3001C Power Abnormal alarm,Warning
268390408,BSC6910GSM,3200,BTS3001C Power Abnormal alarm,Warning
8193,GBTS,3198,BTS3001C Temperature alarm,Warning
268390408,BSC6910GSM,3198,BTS3001C Temperature alarm,Warning
8193,GBTS,6036,BTS3006C/3002E AC Arrester Failure,Warning
268390408,BSC6910GSM,6036,BTS3006C/3002E AC Arrester Failure,Warning
8193,GBTS,4944,BTS3006C/3002E Boolean 1 Alarm,Warning
268390408,BSC6910GSM,4944,BTS3006C/3002E Boolean 1 Alarm,Warning
8193,GBTS,4962,BTS3006C/3002E Boolean 10 Alarm,Warning
268390408,BSC6910GSM,4962,BTS3006C/3002E Boolean 10 Alarm,Warning
8193,GBTS,4964,BTS3006C/3002E Boolean 11 Alarm,Warning
268390408,BSC6910GSM,4964,BTS3006C/3002E Boolean 11 Alarm,Warning
8193,GBTS,4966,BTS3006C/3002E Boolean 12 Alarm,Warning
268390408,BSC6910GSM,4966,BTS3006C/3002E Boolean 12 Alarm,Warning
8193,GBTS,4968,BTS3006C/3002E Boolean 13 Alarm,Warning
268390408,BSC6910GSM,4968,BTS3006C/3002E Boolean 13 Alarm,Warning
8193,GBTS,4970,BTS3006C/3002E Boolean 14 Alarm,Warning
268390408,BSC6910GSM,4970,BTS3006C/3002E Boolean 14 Alarm,Warning
8193,GBTS,4972,BTS3006C/3002E Boolean 15 Alarm,Warning
268390408,BSC6910GSM,4972,BTS3006C/3002E Boolean 15 Alarm,Warning
8193,GBTS,4974,BTS3006C/3002E Boolean 16 Alarm,Warning
268390408,BSC6910GSM,4974,BTS3006C/3002E Boolean 16 Alarm,Warning
8193,GBTS,4976,BTS3006C/3002E Boolean 17 Alarm,Warning
268390408,BSC6910GSM,4976,BTS3006C/3002E Boolean 17 Alarm,Warning
8193,GBTS,4978,BTS3006C/3002E Boolean 18 Alarm,Warning
268390408,BSC6910GSM,4978,BTS3006C/3002E Boolean 18 Alarm,Warning
8193,GBTS,4980,BTS3006C/3002E Boolean 19 Alarm,Warning
268390408,BSC6910GSM,4980,BTS3006C/3002E Boolean 19 Alarm,Warning
8193,GBTS,4946,BTS3006C/3002E Boolean 2 Alarm,Warning
268390408,BSC6910GSM,4946,BTS3006C/3002E Boolean 2 Alarm,Warning
8193,GBTS,4982,BTS3006C/3002E Boolean 20 Alarm,Warning
268390408,BSC6910GSM,4982,BTS3006C/3002E Boolean 20 Alarm,Warning
8193,GBTS,4984,BTS3006C/3002E Boolean 21 Alarm,Warning
268390408,BSC6910GSM,4984,BTS3006C/3002E Boolean 21 Alarm,Warning
8193,GBTS,4986,BTS3006C/3002E Boolean 22 Alarm,Warning
268390408,BSC6910GSM,4986,BTS3006C/3002E Boolean 22 Alarm,Warning
8193,GBTS,4988,BTS3006C/3002E Boolean 23 Alarm,Warning
268390408,BSC6910GSM,4988,BTS3006C/3002E Boolean 23 Alarm,Warning
8193,GBTS,4990,BTS3006C/3002E Boolean 24 Alarm,Warning
268390408,BSC6910GSM,4990,BTS3006C/3002E Boolean 24 Alarm,Warning
8193,GBTS,4992,BTS3006C/3002E Boolean 25 Alarm,Warning
268390408,BSC6910GSM,4992,BTS3006C/3002E Boolean 25 Alarm,Warning
8193,GBTS,4994,BTS3006C/3002E Boolean 26 Alarm,Warning
268390408,BSC6910GSM,4994,BTS3006C/3002E Boolean 26 Alarm,Warning
8193,GBTS,4996,BTS3006C/3002E Boolean 27 Alarm,Warning
268390408,BSC6910GSM,4996,BTS3006C/3002E Boolean 27 Alarm,Warning
8193,GBTS,4998,BTS3006C/3002E Boolean 28 Alarm,Warning
268390408,BSC6910GSM,4998,BTS3006C/3002E Boolean 28 Alarm,Warning
8193,GBTS,5000,BTS3006C/3002E Boolean 29 Alarm,Warning
268390408,BSC6910GSM,5000,BTS3006C/3002E Boolean 29 Alarm,Warning
8193,GBTS,4948,BTS3006C/3002E Boolean 3 Alarm,Warning
268390408,BSC6910GSM,4948,BTS3006C/3002E Boolean 3 Alarm,Warning
8193,GBTS,5002,BTS3006C/3002E Boolean 30 Alarm,Warning
268390408,BSC6910GSM,5002,BTS3006C/3002E Boolean 30 Alarm,Warning
8193,GBTS,5004,BTS3006C/3002E Boolean 31 Alarm,Warning
268390408,BSC6910GSM,5004,BTS3006C/3002E Boolean 31 Alarm,Warning
8193,GBTS,5006,BTS3006C/3002E Boolean 32 Alarm,Warning
268390408,BSC6910GSM,5006,BTS3006C/3002E Boolean 32 Alarm,Warning
8193,GBTS,4950,BTS3006C/3002E Boolean 4 Alarm,Warning
268390408,BSC6910GSM,4950,BTS3006C/3002E Boolean 4 Alarm,Warning
8193,GBTS,4952,BTS3006C/3002E Boolean 5 Alarm,Warning
268390408,BSC6910GSM,4952,BTS3006C/3002E Boolean 5 Alarm,Warning
8193,GBTS,4954,BTS3006C/3002E Boolean 6 Alarm,Warning
268390408,BSC6910GSM,4954,BTS3006C/3002E Boolean 6 Alarm,Warning
8193,GBTS,4956,BTS3006C/3002E Boolean 7 Alarm,Warning
268390408,BSC6910GSM,4956,BTS3006C/3002E Boolean 7 Alarm,Warning
8193,GBTS,4958,BTS3006C/3002E Boolean 8 Alarm,Warning
268390408,BSC6910GSM,4958,BTS3006C/3002E Boolean 8 Alarm,Warning
8193,GBTS,4960,BTS3006C/3002E Boolean 9 Alarm,Warning
268390408,BSC6910GSM,4960,BTS3006C/3002E Boolean 9 Alarm,Warning
8193,GBTS,6032,BTS3006C/BTS3002E Boolean 1 Alarm,Warning
268390408,BSC6910GSM,6032,BTS3006C/BTS3002E Boolean 1 Alarm,Warning
8193,GBTS,6212,BTS3006C/BTS3002E Boolean 1 alarm,Warning
268390408,BSC6910GSM,6212,BTS3006C/BTS3002E Boolean 1 alarm,Warning
8193,GBTS,6230,BTS3006C/BTS3002E Boolean 10 alarm,Warning
268390408,BSC6910GSM,6230,BTS3006C/BTS3002E Boolean 10 alarm,Warning
8193,GBTS,6232,BTS3006C/BTS3002E Boolean 11 alarm,Warning
268390408,BSC6910GSM,6232,BTS3006C/BTS3002E Boolean 11 alarm,Warning
8193,GBTS,6234,BTS3006C/BTS3002E Boolean 12 alarm,Warning
268390408,BSC6910GSM,6234,BTS3006C/BTS3002E Boolean 12 alarm,Warning
8193,GBTS,6236,BTS3006C/BTS3002E Boolean 13 alarm,Warning
268390408,BSC6910GSM,6236,BTS3006C/BTS3002E Boolean 13 alarm,Warning
8193,GBTS,6238,BTS3006C/BTS3002E Boolean 14 alarm,Warning
268390408,BSC6910GSM,6238,BTS3006C/BTS3002E Boolean 14 alarm,Warning
8193,GBTS,6240,BTS3006C/BTS3002E Boolean 15 alarm,Warning
268390408,BSC6910GSM,6240,BTS3006C/BTS3002E Boolean 15 alarm,Warning
8193,GBTS,6242,BTS3006C/BTS3002E Boolean 16 alarm,Warning
268390408,BSC6910GSM,6242,BTS3006C/BTS3002E Boolean 16 alarm,Warning
8193,GBTS,6244,BTS3006C/BTS3002E Boolean 17 alarm,Warning
268390408,BSC6910GSM,6244,BTS3006C/BTS3002E Boolean 17 alarm,Warning
8193,GBTS,6246,BTS3006C/BTS3002E Boolean 18 alarm,Warning
268390408,BSC6910GSM,6246,BTS3006C/BTS3002E Boolean 18 alarm,Warning
8193,GBTS,6248,BTS3006C/BTS3002E Boolean 19 alarm,Warning
268390408,BSC6910GSM,6248,BTS3006C/BTS3002E Boolean 19 alarm,Warning
8193,GBTS,6034,BTS3006C/BTS3002E Boolean 2 Alarm,Warning
268390408,BSC6910GSM,6034,BTS3006C/BTS3002E Boolean 2 Alarm,Warning
8193,GBTS,6214,BTS3006C/BTS3002E Boolean 2 alarm,Warning
268390408,BSC6910GSM,6214,BTS3006C/BTS3002E Boolean 2 alarm,Warning
8193,GBTS,6250,BTS3006C/BTS3002E Boolean 20 alarm,Warning
268390408,BSC6910GSM,6250,BTS3006C/BTS3002E Boolean 20 alarm,Warning
8193,GBTS,6252,BTS3006C/BTS3002E Boolean 21 alarm,Warning
268390408,BSC6910GSM,6252,BTS3006C/BTS3002E Boolean 21 alarm,Warning
8193,GBTS,6254,BTS3006C/BTS3002E Boolean 22 alarm,Warning
268390408,BSC6910GSM,6254,BTS3006C/BTS3002E Boolean 22 alarm,Warning
8193,GBTS,6256,BTS3006C/BTS3002E Boolean 23 alarm,Warning
268390408,BSC6910GSM,6256,BTS3006C/BTS3002E Boolean 23 alarm,Warning
8193,GBTS,6258,BTS3006C/BTS3002E Boolean 24 alarm,Warning
268390408,BSC6910GSM,6258,BTS3006C/BTS3002E Boolean 24 alarm,Warning
8193,GBTS,6260,BTS3006C/BTS3002E Boolean 25 alarm,Warning
268390408,BSC6910GSM,6260,BTS3006C/BTS3002E Boolean 25 alarm,Warning
8193,GBTS,6262,BTS3006C/BTS3002E Boolean 26 alarm,Warning
268390408,BSC6910GSM,6262,BTS3006C/BTS3002E Boolean 26 alarm,Warning
8193,GBTS,6264,BTS3006C/BTS3002E Boolean 27 alarm,Warning
268390408,BSC6910GSM,6264,BTS3006C/BTS3002E Boolean 27 alarm,Warning
8193,GBTS,6266,BTS3006C/BTS3002E Boolean 28 alarm,Warning
268390408,BSC6910GSM,6266,BTS3006C/BTS3002E Boolean 28 alarm,Warning
8193,GBTS,6268,BTS3006C/BTS3002E Boolean 29 alarm,Warning
268390408,BSC6910GSM,6268,BTS3006C/BTS3002E Boolean 29 alarm,Warning
8193,GBTS,6216,BTS3006C/BTS3002E Boolean 3 alarm,Warning
268390408,BSC6910GSM,6216,BTS3006C/BTS3002E Boolean 3 alarm,Warning
8193,GBTS,6270,BTS3006C/BTS3002E Boolean 30 alarm,Warning
268390408,BSC6910GSM,6270,BTS3006C/BTS3002E Boolean 30 alarm,Warning
8193,GBTS,6272,BTS3006C/BTS3002E Boolean 31 alarm,Warning
268390408,BSC6910GSM,6272,BTS3006C/BTS3002E Boolean 31 alarm,Warning
8193,GBTS,6274,BTS3006C/BTS3002E Boolean 32 alarm,Warning
268390408,BSC6910GSM,6274,BTS3006C/BTS3002E Boolean 32 alarm,Warning
8193,GBTS,6038,BTS3006C/BTS3002E Boolean 4 Alarm,Warning
268390408,BSC6910GSM,6038,BTS3006C/BTS3002E Boolean 4 Alarm,Warning
8193,GBTS,6218,BTS3006C/BTS3002E Boolean 4 alarm,Warning
268390408,BSC6910GSM,6218,BTS3006C/BTS3002E Boolean 4 alarm,Warning
8193,GBTS,6040,BTS3006C/BTS3002E Boolean 5 Alarm,Warning
268390408,BSC6910GSM,6040,BTS3006C/BTS3002E Boolean 5 Alarm,Warning
8193,GBTS,6220,BTS3006C/BTS3002E Boolean 5 alarm,Warning
268390408,BSC6910GSM,6220,BTS3006C/BTS3002E Boolean 5 alarm,Warning
8193,GBTS,6042,BTS3006C/BTS3002E Boolean 6 Alarm,Warning
268390408,BSC6910GSM,6042,BTS3006C/BTS3002E Boolean 6 Alarm,Warning
8193,GBTS,6222,BTS3006C/BTS3002E Boolean 6 alarm,Warning
268390408,BSC6910GSM,6222,BTS3006C/BTS3002E Boolean 6 alarm,Warning
8193,GBTS,6044,BTS3006C/BTS3002E Boolean 7 Alarm,Warning
268390408,BSC6910GSM,6044,BTS3006C/BTS3002E Boolean 7 Alarm,Warning
8193,GBTS,6224,BTS3006C/BTS3002E Boolean 7 alarm,Warning
268390408,BSC6910GSM,6224,BTS3006C/BTS3002E Boolean 7 alarm,Warning
8193,GBTS,6226,BTS3006C/BTS3002E Boolean 8 alarm,Warning
268390408,BSC6910GSM,6226,BTS3006C/BTS3002E Boolean 8 alarm,Warning
8193,GBTS,6228,BTS3006C/BTS3002E Boolean 9 alarm,Warning
268390408,BSC6910GSM,6228,BTS3006C/BTS3002E Boolean 9 alarm,Warning
8193,GBTS,6290,BTS3006C/BTS3002E LOW Analog Input Signal 4 Alarm,Warning
268390408,BSC6910GSM,6290,BTS3006C/BTS3002E LOW Analog Input Signal 4 Alarm,Warning
8193,GBTS,6278,BTS3006C/BTS3002E Low Analog Input Signal 1 Alarm,Warning
268390408,BSC6910GSM,6278,BTS3006C/BTS3002E Low Analog Input Signal 1 Alarm,Warning
8193,GBTS,6282,BTS3006C/BTS3002E Low Analog Input Signal 2 Alarm,Warning
268390408,BSC6910GSM,6282,BTS3006C/BTS3002E Low Analog Input Signal 2 Alarm,Warning
8193,GBTS,6286,BTS3006C/BTS3002E Low Analog Input Signal 3 Alarm,Warning
268390408,BSC6910GSM,6286,BTS3006C/BTS3002E Low Analog Input Signal 3 Alarm,Warning
8193,GBTS,6276,BTS3006C/BTS3002E Over Analog Input Signal 1 Alarm,Warning
268390408,BSC6910GSM,6276,BTS3006C/BTS3002E Over Analog Input Signal 1 Alarm,Warning
8193,GBTS,6280,BTS3006C/BTS3002E Over Analog Input Signal 2 Alarm,Warning
268390408,BSC6910GSM,6280,BTS3006C/BTS3002E Over Analog Input Signal 2 Alarm,Warning
8193,GBTS,6284,BTS3006C/BTS3002E Over Analog Input Signal 3 Alarm,Warning
268390408,BSC6910GSM,6284,BTS3006C/BTS3002E Over Analog Input Signal 3 Alarm,Warning
8193,GBTS,6288,BTS3006C/BTS3002E Over Analog Input Signal 4 Alarm,Warning
268390408,BSC6910GSM,6288,BTS3006C/BTS3002E Over Analog Input Signal 4 Alarm,Warning
8193,GBTS,5658,BTS3012 AC Arrester Failure,Major
268390408,BSC6910GSM,5658,BTS3012 AC Arrester Failure,Major
8193,GBTS,5654,BTS3012 Boolean 1 Alarm,Warning
268390408,BSC6910GSM,5654,BTS3012 Boolean 1 Alarm,Warning
8193,GBTS,4846,BTS3012 Boolean 11 Alarm,Warning
268390408,BSC6910GSM,4846,BTS3012 Boolean 11 Alarm,Warning
8193,GBTS,4848,BTS3012 Boolean 12 Alarm,Warning
268390408,BSC6910GSM,4848,BTS3012 Boolean 12 Alarm,Warning
8193,GBTS,4850,BTS3012 Boolean 13 Alarm,Warning
268390408,BSC6910GSM,4850,BTS3012 Boolean 13 Alarm,Warning
8193,GBTS,4852,BTS3012 Boolean 14 Alarm,Warning
268390408,BSC6910GSM,4852,BTS3012 Boolean 14 Alarm,Warning
8193,GBTS,4854,BTS3012 Boolean 15 Alarm,Warning
268390408,BSC6910GSM,4854,BTS3012 Boolean 15 Alarm,Warning
8193,GBTS,4856,BTS3012 Boolean 16 Alarm,Warning
268390408,BSC6910GSM,4856,BTS3012 Boolean 16 Alarm,Warning
8193,GBTS,6422,BTS3012 Boolean 16 alarm,Warning
268390408,BSC6910GSM,6422,BTS3012 Boolean 16 alarm,Warning
8193,GBTS,4862,BTS3012 Boolean 19 Alarm,Warning
268390408,BSC6910GSM,4862,BTS3012 Boolean 19 Alarm,Warning
8193,GBTS,5656,BTS3012 Boolean 2 Alarm,Warning
268390408,BSC6910GSM,5656,BTS3012 Boolean 2 Alarm,Warning
8193,GBTS,4864,BTS3012 Boolean 20 Alarm,Warning
268390408,BSC6910GSM,4864,BTS3012 Boolean 20 Alarm,Warning
8193,GBTS,4866,BTS3012 Boolean 21 Alarm,Warning
268390408,BSC6910GSM,4866,BTS3012 Boolean 21 Alarm,Warning
8193,GBTS,4868,BTS3012 Boolean 22 Alarm,Warning
268390408,BSC6910GSM,4868,BTS3012 Boolean 22 Alarm,Warning
8193,GBTS,4870,BTS3012 Boolean 23 Alarm,Warning
268390408,BSC6910GSM,4870,BTS3012 Boolean 23 Alarm,Warning
8193,GBTS,4872,BTS3012 Boolean 24 Alarm,Warning
268390408,BSC6910GSM,4872,BTS3012 Boolean 24 Alarm,Warning
8193,GBTS,5660,BTS3012 Boolean 4 Alarm,Warning
268390408,BSC6910GSM,5660,BTS3012 Boolean 4 Alarm,Warning
8193,GBTS,5662,BTS3012 Boolean 5 Alarm,Warning
268390408,BSC6910GSM,5662,BTS3012 Boolean 5 Alarm,Warning
8193,GBTS,5664,BTS3012 Boolean 6 Alarm,Warning
268390408,BSC6910GSM,5664,BTS3012 Boolean 6 Alarm,Warning
8193,GBTS,5666,BTS3012 Boolean 7 Alarm,Warning
268390408,BSC6910GSM,5666,BTS3012 Boolean 7 Alarm,Warning
8193,GBTS,6438,BTS3012 Boolean1 Alarm,Warning
268390408,BSC6910GSM,6438,BTS3012 Boolean1 Alarm,Warning
8193,GBTS,6456,BTS3012 Boolean10 Alarm,Warning
268390408,BSC6910GSM,6456,BTS3012 Boolean10 Alarm,Warning
8193,GBTS,6458,BTS3012 Boolean11 Alarm,Warning
268390408,BSC6910GSM,6458,BTS3012 Boolean11 Alarm,Warning
8193,GBTS,6460,BTS3012 Boolean12 Alarm,Warning
268390408,BSC6910GSM,6460,BTS3012 Boolean12 Alarm,Warning
8193,GBTS,6462,BTS3012 Boolean13 Alarm,Warning
268390408,BSC6910GSM,6462,BTS3012 Boolean13 Alarm,Warning
8193,GBTS,6464,BTS3012 Boolean14 Alarm,Warning
268390408,BSC6910GSM,6464,BTS3012 Boolean14 Alarm,Warning
8193,GBTS,6466,BTS3012 Boolean15 Alarm,Warning
268390408,BSC6910GSM,6466,BTS3012 Boolean15 Alarm,Warning
8193,GBTS,6424,BTS3012 Boolean17 Alarm,Warning
268390408,BSC6910GSM,6424,BTS3012 Boolean17 Alarm,Warning
8193,GBTS,6426,BTS3012 Boolean18 Alarm,Warning
268390408,BSC6910GSM,6426,BTS3012 Boolean18 Alarm,Warning
8193,GBTS,6428,BTS3012 Boolean19 Alarm,Warning
268390408,BSC6910GSM,6428,BTS3012 Boolean19 Alarm,Warning
8193,GBTS,6440,BTS3012 Boolean2 Alarm,Warning
268390408,BSC6910GSM,6440,BTS3012 Boolean2 Alarm,Warning
8193,GBTS,6430,BTS3012 Boolean20 Alarm,Warning
268390408,BSC6910GSM,6430,BTS3012 Boolean20 Alarm,Warning
8193,GBTS,6432,BTS3012 Boolean21 Alarm,Warning
268390408,BSC6910GSM,6432,BTS3012 Boolean21 Alarm,Warning
8193,GBTS,6434,BTS3012 Boolean22 Alarm,Warning
268390408,BSC6910GSM,6434,BTS3012 Boolean22 Alarm,Warning
8193,GBTS,6436,BTS3012 Boolean23 Alarm,Warning
268390408,BSC6910GSM,6436,BTS3012 Boolean23 Alarm,Warning
8193,GBTS,6468,BTS3012 Boolean24 Alarm,Warning
268390408,BSC6910GSM,6468,BTS3012 Boolean24 Alarm,Warning
8193,GBTS,6470,BTS3012 Boolean25 Alarm,Warning
268390408,BSC6910GSM,6470,BTS3012 Boolean25 Alarm,Warning
8193,GBTS,6472,BTS3012 Boolean26 Alarm,Warning
268390408,BSC6910GSM,6472,BTS3012 Boolean26 Alarm,Warning
8193,GBTS,6474,BTS3012 Boolean27 Alarm,Warning
268390408,BSC6910GSM,6474,BTS3012 Boolean27 Alarm,Warning
8193,GBTS,6476,BTS3012 Boolean28 Alarm,Warning
268390408,BSC6910GSM,6476,BTS3012 Boolean28 Alarm,Warning
8193,GBTS,6478,BTS3012 Boolean29 Alarm,Warning
268390408,BSC6910GSM,6478,BTS3012 Boolean29 Alarm,Warning
8193,GBTS,6442,BTS3012 Boolean3 Alarm,Warning
268390408,BSC6910GSM,6442,BTS3012 Boolean3 Alarm,Warning
8193,GBTS,6480,BTS3012 Boolean30 Alarm,Warning
268390408,BSC6910GSM,6480,BTS3012 Boolean30 Alarm,Warning
8193,GBTS,6482,BTS3012 Boolean31 Alarm,Warning
268390408,BSC6910GSM,6482,BTS3012 Boolean31 Alarm,Warning
8193,GBTS,6484,BTS3012 Boolean32 Alarm,Warning
268390408,BSC6910GSM,6484,BTS3012 Boolean32 Alarm,Warning
8193,GBTS,6444,BTS3012 Boolean4 Alarm,Warning
268390408,BSC6910GSM,6444,BTS3012 Boolean4 Alarm,Warning
8193,GBTS,6446,BTS3012 Boolean5 Alarm,Warning
268390408,BSC6910GSM,6446,BTS3012 Boolean5 Alarm,Warning
8193,GBTS,6448,BTS3012 Boolean6 Alarm,Warning
268390408,BSC6910GSM,6448,BTS3012 Boolean6 Alarm,Warning
8193,GBTS,6450,BTS3012 Boolean7 Alarm,Warning
268390408,BSC6910GSM,6450,BTS3012 Boolean7 Alarm,Warning
8193,GBTS,6452,BTS3012 Boolean8 Alarm,Warning
268390408,BSC6910GSM,6452,BTS3012 Boolean8 Alarm,Warning
8193,GBTS,6454,BTS3012 Boolean9 Alarm,Warning
268390408,BSC6910GSM,6454,BTS3012 Boolean9 Alarm,Warning
8193,GBTS,4842,BTS3012 Cabinet 3 Arrester Alarm,Major
268390408,BSC6910GSM,4842,BTS3012 Cabinet 3 Arrester Alarm,Major
8193,GBTS,4844,BTS3012 Cabinet 4 Arrester Alarm,Major
268390408,BSC6910GSM,4844,BTS3012 Cabinet 4 Arrester Alarm,Major
8193,GBTS,4858,BTS3012 Cabinet 6 Arrester Alarm,Major
268390408,BSC6910GSM,4858,BTS3012 Cabinet 6 Arrester Alarm,Major
8193,GBTS,4860,BTS3012 Cabinet 7 Arrester Alarm,Major
268390408,BSC6910GSM,4860,BTS3012 Cabinet 7 Arrester Alarm,Major
268390408,BSC6910GSM,4782,BTS3012 boolean 3 alarm,Warning
8193,GBTS,4782,BTS3012 boolean 3 alarm,Warning
268390408,BSC6910GSM,4784,BTS3012 boolean 4 alarm,Warning
8193,GBTS,4784,BTS3012 boolean 4 alarm,Warning
268390408,BSC6910GSM,4786,BTS3012 boolean 5 alarm,Warning
8193,GBTS,4786,BTS3012 boolean 5 alarm,Warning
268390408,BSC6910GSM,4788,BTS3012 boolean 6 alarm,Warning
8193,GBTS,4788,BTS3012 boolean 6 alarm,Warning
8193,GBTS,4790,BTS3012 boolean 7 alarm,Warning
268390408,BSC6910GSM,4790,BTS3012 boolean 7 alarm,Warning
8193,GBTS,4792,BTS3012 boolean 8 alarm,Warning
268390408,BSC6910GSM,4792,BTS3012 boolean 8 alarm,Warning
8193,GBTS,4778,BTS3012 cabinet 0 arrester alarm,Major
268390408,BSC6910GSM,4778,BTS3012 cabinet 0 arrester alarm,Major
8193,GBTS,4780,BTS3012 cabinet 1 arrester alarm,Critical
268390408,BSC6910GSM,4780,BTS3012 cabinet 1 arrester alarm,Critical
8193,GBTS,2480,BTS3012A Air-Conditioner Alarm,Major
8193,GBTS,8564,BTS3012A Air-Conditioner Alarm,Major
268390408,BSC6910GSM,8564,BTS3012A Air-Conditioner Alarm,Major
268390408,BSC6910GSM,2480,BTS3012A Air-Conditioner Alarm,Major
8193,GBTS,2492,BTS3012A Heat-Exchanger Alarm,Major
268390408,BSC6910GSM,2492,BTS3012A Heat-Exchanger Alarm,Major
8193,GBTS,5672,BTS3012AE AC Arrester Failure,Major
268390408,BSC6910GSM,5672,BTS3012AE AC Arrester Failure,Major
8193,GBTS,5668,BTS3012AE Boolean 1 Alarm,Warning
8193,GBTS,4874,BTS3012AE Boolean 1 Alarm,Warning
268390408,BSC6910GSM,4874,BTS3012AE Boolean 1 Alarm,Warning
268390408,BSC6910GSM,5668,BTS3012AE Boolean 1 Alarm,Warning
8193,GBTS,4892,BTS3012AE Boolean 10 Alarm,Warning
268390408,BSC6910GSM,4892,BTS3012AE Boolean 10 Alarm,Warning
8193,GBTS,4894,BTS3012AE Boolean 11 Alarm,Warning
268390408,BSC6910GSM,4894,BTS3012AE Boolean 11 Alarm,Warning
8193,GBTS,4896,BTS3012AE Boolean 12 Alarm,Warning
268390408,BSC6910GSM,4896,BTS3012AE Boolean 12 Alarm,Warning
8193,GBTS,4898,BTS3012AE Boolean 13 Alarm,Warning
268390408,BSC6910GSM,4898,BTS3012AE Boolean 13 Alarm,Warning
8193,GBTS,4900,BTS3012AE Boolean 14 Alarm,Warning
268390408,BSC6910GSM,4900,BTS3012AE Boolean 14 Alarm,Warning
8193,GBTS,4902,BTS3012AE Boolean 15 Alarm,Warning
268390408,BSC6910GSM,4902,BTS3012AE Boolean 15 Alarm,Warning
8193,GBTS,4904,BTS3012AE Boolean 16 Alarm,Warning
268390408,BSC6910GSM,4904,BTS3012AE Boolean 16 Alarm,Warning
8193,GBTS,4906,BTS3012AE Boolean 17 Alarm,Warning
268390408,BSC6910GSM,4906,BTS3012AE Boolean 17 Alarm,Warning
8193,GBTS,4908,BTS3012AE Boolean 18 Alarm,Warning
268390408,BSC6910GSM,4908,BTS3012AE Boolean 18 Alarm,Warning
8193,GBTS,4910,BTS3012AE Boolean 19 Alarm,Warning
268390408,BSC6910GSM,4910,BTS3012AE Boolean 19 Alarm,Warning
8193,GBTS,5670,BTS3012AE Boolean 2 Alarm,Warning
8193,GBTS,4876,BTS3012AE Boolean 2 Alarm,Warning
268390408,BSC6910GSM,4876,BTS3012AE Boolean 2 Alarm,Warning
268390408,BSC6910GSM,5670,BTS3012AE Boolean 2 Alarm,Warning
8193,GBTS,4912,BTS3012AE Boolean 20 Alarm,Warning
268390408,BSC6910GSM,4912,BTS3012AE Boolean 20 Alarm,Warning
8193,GBTS,4914,BTS3012AE Boolean 21 Alarm,Warning
268390408,BSC6910GSM,4914,BTS3012AE Boolean 21 Alarm,Warning
8193,GBTS,4916,BTS3012AE Boolean 22 Alarm,Warning
268390408,BSC6910GSM,4916,BTS3012AE Boolean 22 Alarm,Warning
8193,GBTS,4918,BTS3012AE Boolean 23 Alarm,Warning
268390408,BSC6910GSM,4918,BTS3012AE Boolean 23 Alarm,Warning
8193,GBTS,4920,BTS3012AE Boolean 24 Alarm,Warning
268390408,BSC6910GSM,4920,BTS3012AE Boolean 24 Alarm,Warning
8193,GBTS,4878,BTS3012AE Boolean 3 Alarm,Warning
268390408,BSC6910GSM,4878,BTS3012AE Boolean 3 Alarm,Warning
8193,GBTS,5674,BTS3012AE Boolean 4 Alarm,Warning
8193,GBTS,4880,BTS3012AE Boolean 4 Alarm,Warning
268390408,BSC6910GSM,5674,BTS3012AE Boolean 4 Alarm,Warning
268390408,BSC6910GSM,4880,BTS3012AE Boolean 4 Alarm,Warning
8193,GBTS,5676,BTS3012AE Boolean 5 Alarm,Warning
268390408,BSC6910GSM,4882,BTS3012AE Boolean 5 Alarm,Warning
268390408,BSC6910GSM,5676,BTS3012AE Boolean 5 Alarm,Warning
8193,GBTS,4882,BTS3012AE Boolean 5 Alarm,Warning
8193,GBTS,5678,BTS3012AE Boolean 6 Alarm,Warning
8193,GBTS,4884,BTS3012AE Boolean 6 Alarm,Warning
268390408,BSC6910GSM,5678,BTS3012AE Boolean 6 Alarm,Warning
268390408,BSC6910GSM,4884,BTS3012AE Boolean 6 Alarm,Warning
8193,GBTS,5680,BTS3012AE Boolean 7 Alarm,Warning
268390408,BSC6910GSM,4886,BTS3012AE Boolean 7 Alarm,Warning
268390408,BSC6910GSM,5680,BTS3012AE Boolean 7 Alarm,Warning
8193,GBTS,4886,BTS3012AE Boolean 7 Alarm,Warning
8193,GBTS,4888,BTS3012AE Boolean 8 Alarm,Warning
268390408,BSC6910GSM,4888,BTS3012AE Boolean 8 Alarm,Warning
8193,GBTS,4890,BTS3012AE Boolean 9 Alarm,Warning
268390408,BSC6910GSM,4890,BTS3012AE Boolean 9 Alarm,Warning
8193,GBTS,12852,BTS3900E boolean 1 alarm,Warning
268390408,BSC6910GSM,12852,BTS3900E boolean 1 alarm,Warning
8193,GBTS,12854,BTS3900E boolean 2 alarm,Warning
268390408,BSC6910GSM,12854,BTS3900E boolean 2 alarm,Warning
8193,GBTS,12856,BTS3900E boolean 3 alarm,Warning
268390408,BSC6910GSM,12856,BTS3900E boolean 3 alarm,Warning
8193,GBTS,12858,BTS3900E boolean 4 alarm,Warning
268390408,BSC6910GSM,12858,BTS3900E boolean 4 alarm,Warning
268390409,BSC6910UMTS,21386,Backup Channel Faulty,Major
268390408,BSC6910GSM,21386,Backup Channel Faulty,Major
268390409,BSC6910UMTS,20213,Backup Clock Signal Inputs Faulty,Minor
268390408,BSC6910GSM,20213,Backup Clock Signal Inputs Faulty,Minor
100000,OSS,1067,Backup Data Packages Do Not Exist,Minor
268390409,BSC6910UMTS,22392,Backup RNC Hardware Capacity Reaching the Limit in RNC in Pool Node Redundancy,Minor
8193,GBTS,11352,Backup clock alarm,Major
268390408,BSC6910GSM,11352,Backup clock alarm,Major
268390526,BTS5900 5G,25950,Base Station Being Attacked,Minor
268390523,BTS5900 WCDMA,25950,Base Station Being Attacked,Minor
268390408,BSC6910GSM,25950,Base Station Being Attacked,Major
8200,BTS3900 LTE,25950,Base Station Being Attacked,Minor
268390521,BTS5900,25950,Base Station Being Attacked,Minor
268390417,BTS3900,25950,Base Station Being Attacked,Minor
8193,GBTS,25950,Base Station Being Attacked,Major
125,BTS3900 WCDMA,25950,Base Station Being Attacked,Minor
268390522,BTS5900 LTE,25950,Base Station Being Attacked,Minor
268390540,BTS3900 5G,25950,Base Station Being Attacked,Minor
268390451,MICRO BTS3900,25950,Base Station Being Attacked,Minor
268390521,BTS5900,26113,Base Station DC Power Supply Abnormal,Major
268390540,BTS3900 5G,26113,Base Station DC Power Supply Abnormal,Major
8193,GBTS,26113,Base Station DC Power Supply Abnormal,Major
268390417,BTS3900,26113,Base Station DC Power Supply Abnormal,Major
125,BTS3900 WCDMA,26113,Base Station DC Power Supply Abnormal,Major
268390408,BSC6910GSM,26113,Base Station DC Power Supply Abnormal,Major
268390523,BTS5900 WCDMA,26113,Base Station DC Power Supply Abnormal,Major
8200,BTS3900 LTE,26113,Base Station DC Power Supply Abnormal,Major
268390522,BTS5900 LTE,26113,Base Station DC Power Supply Abnormal,Major
268390526,BTS5900 5G,26113,Base Station DC Power Supply Abnormal,Major
268390521,BTS5900,26265,Base Station Frame Number Synchronization Error,Major
268390522,BTS5900 LTE,26265,Base Station Frame Number Synchronization Error,Major
268390540,BTS3900 5G,26265,Base Station Frame Number Synchronization Error,Major
268390526,BTS5900 5G,26265,Base Station Frame Number Synchronization Error,Major
8193,GBTS,26265,Base Station Frame Number Synchronization Error,Major
268390408,BSC6910GSM,26265,Base Station Frame Number Synchronization Error,Major
125,BTS3900 WCDMA,26265,Base Station Frame Number Synchronization Error,Major
268390451,MICRO BTS3900,26265,Base Station Frame Number Synchronization Error,Major
8200,BTS3900 LTE,26265,Base Station Frame Number Synchronization Error,Major
268390523,BTS5900 WCDMA,26265,Base Station Frame Number Synchronization Error,Major
268390417,BTS3900,26265,Base Station Frame Number Synchronization Error,Major
268390521,BTS5900,28230,Base Station Service Overload,Minor
268390417,BTS3900,28230,Base Station Service Overload,Minor
268390523,BTS5900 WCDMA,28230,Base Station Service Overload,Minor
125,BTS3900 WCDMA,28230,Base Station Service Overload,Minor
268390451,MICRO BTS3900,28230,Base Station Service Overload,Minor
268390521,BTS5900,26283,Base Station Service Unavailable,Major
268390417,BTS3900,26283,Base Station Service Unavailable,Major
125,BTS3900 WCDMA,26283,Base Station Service Unavailable,Major
268390540,BTS3900 5G,26283,Base Station Service Unavailable,Major
8200,BTS3900 LTE,26283,Base Station Service Unavailable,Major
268390526,BTS5900 5G,26283,Base Station Service Unavailable,Major
268390522,BTS5900 LTE,26283,Base Station Service Unavailable,Major
268390451,MICRO BTS3900,26283,Base Station Service Unavailable,Major
268390523,BTS5900 WCDMA,26283,Base Station Service Unavailable,Major
8193,GBTS,5064,BaseBand Board Temperature Abnormal,Minor
268390408,BSC6910GSM,5064,BaseBand Board Temperature Abnormal,Minor
8193,GBTS,25632,Battery Cabin Heater Fault,Major
268390408,BSC6910GSM,25632,Battery Cabin Heater Fault,Major
8193,GBTS,5748,Battery Cabinet Heater Fault Alarm,Major
8193,GBTS,3980,Battery Cabinet Heater Fault Alarm,Major
268390408,BSC6910GSM,3980,Battery Cabinet Heater Fault Alarm,Major
8193,GBTS,3980,Battery Cabinet Heater Fault Alarm,Major
268390408,BSC6910GSM,3938,Battery Circle Circuit Broken Alarm,Major
268390408,BSC6910GSM,6004,Battery Circle Circuit Broken Alarm,Major
268390408,BSC6910GSM,5714,Battery Circle Circuit Broken Alarm,Major
8193,GBTS,5714,Battery Circle Circuit Broken Alarm,Major
8193,GBTS,6004,Battery Circle Circuit Broken Alarm,Major
8193,GBTS,3938,Battery Circle Circuit Broken Alarm,Major
8200,BTS3900 LTE,25640,Battery Configuration Inconsistency,Warning
268390522,BTS5900 LTE,25640,Battery Configuration Inconsistency,Warning
268390521,BTS5900,25640,Battery Configuration Inconsistency,Warning
268390417,BTS3900,25640,Battery Configuration Inconsistency,Warning
268390523,BTS5900 WCDMA,25640,Battery Configuration Inconsistency,Warning
268390526,BTS5900 5G,25640,Battery Configuration Inconsistency,Warning
268390540,BTS3900 5G,25640,Battery Configuration Inconsistency,Warning
268390408,BSC6910GSM,25640,Battery Configuration Inconsistency,Warning
8193,GBTS,25640,Battery Configuration Inconsistency,Warning
125,BTS3900 WCDMA,25640,Battery Configuration Inconsistency,Warning
268390408,BSC6910GSM,13076,Battery Current Abnormal,Major
8193,GBTS,13076,Battery Current Abnormal,Major
268390417,BTS3900,25625,Battery Current Out of Range,Major
8193,GBTS,25625,Battery Current Out of Range,Major
268390521,BTS5900,25625,Battery Current Out of Range,Major
268390522,BTS5900 LTE,25625,Battery Current Out of Range,Major
8200,BTS3900 LTE,25625,Battery Current Out of Range,Major
268390540,BTS3900 5G,25625,Battery Current Out of Range,Major
268390526,BTS5900 5G,25625,Battery Current Out of Range,Major
268390523,BTS5900 WCDMA,25625,Battery Current Out of Range,Major
268390408,BSC6910GSM,25625,Battery Current Out of Range,Major
125,BTS3900 WCDMA,25625,Battery Current Out of Range,Major
268390408,BSC6910GSM,13074,Battery Disconnected,Warning
8193,GBTS,13074,Battery Disconnected,Warning
8200,BTS3900 LTE,25635,Battery Failure,Major
268390417,BTS3900,25635,Battery Failure,Major
268390522,BTS5900 LTE,25635,Battery Failure,Major
268390521,BTS5900,25635,Battery Failure,Major
268390540,BTS3900 5G,25635,Battery Failure,Major
268390526,BTS5900 5G,25635,Battery Failure,Major
268390523,BTS5900 WCDMA,25635,Battery Failure,Major
8193,GBTS,25635,Battery Failure,Major
125,BTS3900 WCDMA,25635,Battery Failure,Major
268390408,BSC6910GSM,25635,Battery Failure,Major
8193,GBTS,2326,Battery Fuse Broken Alarm,Minor
268390408,BSC6910GSM,5850,Battery Fuse Broken Alarm,Minor
268390408,BSC6910GSM,2326,Battery Fuse Broken Alarm,Minor
8193,GBTS,5850,Battery Fuse Broken Alarm,Minor
8200,BTS3900 LTE,25634,Battery Not In Position,Major
268390417,BTS3900,25634,Battery Not In Position,Major
8193,GBTS,25634,Battery Not In Position,Major
268390522,BTS5900 LTE,25634,Battery Not In Position,Major
268390521,BTS5900,25634,Battery Not In Position,Major
268390526,BTS5900 5G,25634,Battery Not In Position,Major
268390523,BTS5900 WCDMA,25634,Battery Not In Position,Major
268390540,BTS3900 5G,25634,Battery Not In Position,Major
268390408,BSC6910GSM,25634,Battery Not In Position,Major
125,BTS3900 WCDMA,25634,Battery Not In Position,Major
8193,GBTS,2324,Battery Power Off Alarm,Warning
268390408,BSC6910GSM,5848,Battery Power Off Alarm,Warning
268390408,BSC6910GSM,6002,Battery Power Off Alarm,Major
8193,GBTS,6002,Battery Power Off Alarm,Major
268390408,BSC6910GSM,2324,Battery Power Off Alarm,Warning
8193,GBTS,5712,Battery Power Off Alarm,Major
268390408,BSC6910GSM,5712,Battery Power Off Alarm,Major
8193,GBTS,5848,Battery Power Off Alarm,Warning
268390408,BSC6910GSM,3936,Battery Power Off alarm,Major
8193,GBTS,3936,Battery Power Off alarm,Major
268390521,BTS5900,25624,Battery Power Unavailable,Warning
268390417,BTS3900,25624,Battery Power Unavailable,Warning
268390522,BTS5900 LTE,25624,Battery Power Unavailable,Warning
8200,BTS3900 LTE,25624,Battery Power Unavailable,Warning
8193,GBTS,25624,Battery Power Unavailable,Warning
268390523,BTS5900 WCDMA,25624,Battery Power Unavailable,Warning
268390526,BTS5900 5G,25624,Battery Power Unavailable,Warning
268390540,BTS3900 5G,25624,Battery Power Unavailable,Warning
268390408,BSC6910GSM,25624,Battery Power Unavailable,Warning
125,BTS3900 WCDMA,25624,Battery Power Unavailable,Warning
268390408,BSC6910GSM,13096,Battery Temperature Abnormal,Minor
8193,GBTS,13096,Battery Temperature Abnormal,Minor
8193,GBTS,5720,Battery Temperature Too High Alarm,Major
268390408,BSC6910GSM,3948,Battery Temperature Too High Alarm,Major
268390408,BSC6910GSM,6014,Battery Temperature Too High Alarm,Major
268390408,BSC6910GSM,5720,Battery Temperature Too High Alarm,Major
8193,GBTS,6014,Battery Temperature Too High Alarm,Major
8193,GBTS,3948,Battery Temperature Too High Alarm,Major
8193,GBTS,5722,Battery Temperature Too Low Alarm,Major
268390408,BSC6910GSM,3950,Battery Temperature Too Low Alarm,Major
268390408,BSC6910GSM,5722,Battery Temperature Too Low Alarm,Major
8193,GBTS,3950,Battery Temperature Too Low Alarm,Major
8193,GBTS,6016,Battery Temperature Too Low Alarm,Major
268390408,BSC6910GSM,6016,Battery Temperature Too Low Alarm,Major
268390417,BTS3900,25654,Battery Temperature Unacceptable,Minor
8200,BTS3900 LTE,25654,Battery Temperature Unacceptable,Minor
268390521,BTS5900,25654,Battery Temperature Unacceptable,Minor
268390522,BTS5900 LTE,25654,Battery Temperature Unacceptable,Minor
268390523,BTS5900 WCDMA,25654,Battery Temperature Unacceptable,Minor
268390526,BTS5900 5G,25654,Battery Temperature Unacceptable,Minor
268390540,BTS3900 5G,25654,Battery Temperature Unacceptable,Minor
125,BTS3900 WCDMA,25654,Battery Temperature Unacceptable,Minor
8193,GBTS,25654,Battery Temperature Unacceptable,Minor
268390408,BSC6910GSM,25654,Battery Temperature Unacceptable,Minor
268390408,BSC6910GSM,2356,Battery high temperature alarm,Major
8193,GBTS,2356,Battery high temperature alarm,Major
100000,OSS,528,Blacklisted NE Versions,Major
268390408,BSC6910GSM,20239,Board Active-Standby Abnormal,Major
268390409,BSC6910UMTS,20239,Board Active-Standby Abnormal,Major
268390417,BTS3900,28302,Board BFN Abnormal,Major
268390521,BTS5900,28302,Board BFN Abnormal,Major
268390451,MICRO BTS3900,28302,Board BFN Abnormal,Major
268390523,BTS5900 WCDMA,28302,Board BFN Abnormal,Major
125,BTS3900 WCDMA,28302,Board BFN Abnormal,Major
268390408,BSC6910GSM,20234,Board BIOS CRC Fault Alarm,Major
268390409,BSC6910UMTS,20234,Board BIOS CRC Fault Alarm,Major
268390451,MICRO BTS3900,26210,Board Blocked,Major
268390417,BTS3900,26210,Board Blocked,Major
8200,BTS3900 LTE,26210,Board Blocked,Major
268390521,BTS5900,26210,Board Blocked,Major
268390522,BTS5900 LTE,26210,Board Blocked,Major
125,BTS3900 WCDMA,26210,Board Blocked,Major
268390523,BTS5900 WCDMA,26210,Board Blocked,Major
268390408,BSC6910GSM,26210,Board Blocked,Major
268390526,BTS5900 5G,26210,Board Blocked,Major
268390408,BSC6910GSM,20247,Board Blocked,Warning
268390540,BTS3900 5G,26210,Board Blocked,Major
8193,GBTS,26210,Board Blocked,Major
268390409,BSC6910UMTS,20247,Board Blocked,Warning
8193,GBTS,5070,Board Chip Loading Failed,Critical
268390408,BSC6910GSM,5070,Board Chip Loading Failed,Critical
8193,GBTS,5084,Board Clock Abnormal,Major
268390408,BSC6910GSM,5084,Board Clock Abnormal,Major
268390417,BTS3900,26106,Board Clock Input Unavailable,Major
268390522,BTS5900 LTE,26106,Board Clock Input Unavailable,Major
268390521,BTS5900,26106,Board Clock Input Unavailable,Major
8200,BTS3900 LTE,26106,Board Clock Input Unavailable,Major
268390526,BTS5900 5G,26106,Board Clock Input Unavailable,Major
268390523,BTS5900 WCDMA,26106,Board Clock Input Unavailable,Major
268390540,BTS3900 5G,26106,Board Clock Input Unavailable,Major
268390408,BSC6910GSM,26106,Board Clock Input Unavailable,Major
125,BTS3900 WCDMA,26106,Board Clock Input Unavailable,Major
8193,GBTS,26106,Board Clock Input Unavailable,Major
8193,GBTS,6420,Board Communication Alarm,Major
268390408,BSC6910GSM,6420,Board Communication Alarm,Major
268390408,BSC6910GSM,4722,Board Communication Alarm,Major
268390408,BSC6910GSM,5292,Board Communication Alarm,Major
8193,GBTS,4722,Board Communication Alarm,Major
8193,GBTS,5292,Board Communication Alarm,Major
268390408,BSC6910GSM,20262,Board Communication Fault,Minor
268390409,BSC6910UMTS,20262,Board Communication Fault,Minor
268390409,BSC6910UMTS,21403,Board Configuration Data Change Invalid,Major
268390408,BSC6910GSM,21403,Board Configuration Data Change Invalid,Major
8193,GBTS,28019,Board Configuration Error,Major
268390408,BSC6910GSM,28019,Board Configuration Error,Major
268390417,BTS3900,28350,Board Configuration Inconsistent with Resource Group Configuration,Major
268390521,BTS5900,28350,Board Configuration Inconsistent with Resource Group Configuration,Major
268390523,BTS5900 WCDMA,28350,Board Configuration Inconsistent with Resource Group Configuration,Major
125,BTS3900 WCDMA,28350,Board Configuration Inconsistent with Resource Group Configuration,Major
268390521,BTS5900,28301,Board Downlink Service Processing Channel Abnormal,Minor
268390417,BTS3900,28301,Board Downlink Service Processing Channel Abnormal,Minor
268390451,MICRO BTS3900,28301,Board Downlink Service Processing Channel Abnormal,Minor
268390523,BTS5900 WCDMA,28301,Board Downlink Service Processing Channel Abnormal,Minor
125,BTS3900 WCDMA,28301,Board Downlink Service Processing Channel Abnormal,Minor
125,BTS3900 WCDMA,26208,Board File System Damaged,Major
268390522,BTS5900 LTE,26208,Board File System Damaged,Major
8200,BTS3900 LTE,26208,Board File System Damaged,Major
268390521,BTS5900,26208,Board File System Damaged,Major
268390451,MICRO BTS3900,26208,Board File System Damaged,Major
268390417,BTS3900,26208,Board File System Damaged,Major
268390523,BTS5900 WCDMA,26208,Board File System Damaged,Major
268390540,BTS3900 5G,26208,Board File System Damaged,Major
268390526,BTS5900 5G,26208,Board File System Damaged,Major
268390408,BSC6910GSM,20291,Board Frequent Abnormal Reset,Major
268390409,BSC6910UMTS,20291,Board Frequent Abnormal Reset,Major
268390408,BSC6910GSM,12804,Board Hardware Failure Alarm,Critical
268390408,BSC6910GSM,12300,Board Hardware Failure Alarm,Critical
8193,GBTS,12300,Board Hardware Failure Alarm,Critical
8193,GBTS,12804,Board Hardware Failure Alarm,Critical
125,BTS3900 WCDMA,26200,Board Hardware Fault,Minor
8200,BTS3900 LTE,26200,Board Hardware Fault,Minor
268390451,MICRO BTS3900,26200,Board Hardware Fault,Minor
268390417,BTS3900,26200,Board Hardware Fault,Minor
268390522,BTS5900 LTE,26200,Board Hardware Fault,Minor
268390521,BTS5900,26200,Board Hardware Fault,Minor
268390523,BTS5900 WCDMA,26200,Board Hardware Fault,Minor
268390526,BTS5900 5G,26200,Board Hardware Fault,Minor
268390408,BSC6910GSM,26200,Board Hardware Fault,Minor
268390408,BSC6910GSM,20243,Board Hardware Fault,Major
268390540,BTS3900 5G,26200,Board Hardware Fault,Minor
8193,GBTS,26200,Board Hardware Fault,Minor
268390409,BSC6910UMTS,20243,Board Hardware Fault,Major
268390408,BSC6910GSM,12850,Board Hardware Indication Fault,Warning
8193,GBTS,12850,Board Hardware Indication Fault,Warning
8193,GBTS,5068,Board Initialization Failed,Minor
268390408,BSC6910GSM,5068,Board Initialization Failed,Minor
268390526,BTS5900 5G,26107,Board Input Voltage Out of Range,Major
268390521,BTS5900,26107,Board Input Voltage Out of Range,Major
8200,BTS3900 LTE,26107,Board Input Voltage Out of Range,Major
268390522,BTS5900 LTE,26107,Board Input Voltage Out of Range,Major
268390417,BTS3900,26107,Board Input Voltage Out of Range,Major
268390540,BTS3900 5G,26107,Board Input Voltage Out of Range,Major
268390523,BTS5900 WCDMA,26107,Board Input Voltage Out of Range,Major
268390408,BSC6910GSM,26107,Board Input Voltage Out of Range,Major
8193,GBTS,26107,Board Input Voltage Out of Range,Major
125,BTS3900 WCDMA,26107,Board Input Voltage Out of Range,Major
8193,GBTS,5066,Board Internal Hardware Abnormal,Minor
268390408,BSC6910GSM,5066,Board Internal Hardware Abnormal,Minor
8193,GBTS,12820,Board Maintenance Link Abnormal Alarm,Major
268390408,BSC6910GSM,12820,Board Maintenance Link Abnormal Alarm,Major
125,BTS3900 WCDMA,26204,Board Not In Position,Major
268390522,BTS5900 LTE,26204,Board Not In Position,Major
268390417,BTS3900,26204,Board Not In Position,Major
268390521,BTS5900,26204,Board Not In Position,Major
8200,BTS3900 LTE,26204,Board Not In Position,Major
268390408,BSC6910GSM,26204,Board Not In Position,Major
268390526,BTS5900 5G,26204,Board Not In Position,Major
268390540,BTS3900 5G,26204,Board Not In Position,Major
268390523,BTS5900 WCDMA,26204,Board Not In Position,Major
8193,GBTS,26204,Board Not In Position,Major
8200,BTS3900 LTE,26216,Board Not Securely Installed,Major
268390521,BTS5900,26216,Board Not Securely Installed,Major
268390522,BTS5900 LTE,26216,Board Not Securely Installed,Major
268390417,BTS3900,26216,Board Not Securely Installed,Major
268390526,BTS5900 5G,26216,Board Not Securely Installed,Major
268390408,BSC6910GSM,26216,Board Not Securely Installed,Major
268390523,BTS5900 WCDMA,26216,Board Not Securely Installed,Major
268390540,BTS3900 5G,26216,Board Not Securely Installed,Major
125,BTS3900 WCDMA,26216,Board Not Securely Installed,Major
8193,GBTS,26216,Board Not Securely Installed,Major
268390451,MICRO BTS3900,26202,Board Overload,Minor
8200,BTS3900 LTE,26202,Board Overload,Minor
268390522,BTS5900 LTE,26202,Board Overload,Minor
125,BTS3900 WCDMA,26202,Board Overload,Minor
268390521,BTS5900,26202,Board Overload,Minor
268390417,BTS3900,26202,Board Overload,Minor
268390408,BSC6910GSM,26202,Board Overload,Minor
268390523,BTS5900 WCDMA,26202,Board Overload,Minor
268390526,BTS5900 5G,26202,Board Overload,Minor
268390540,BTS3900 5G,26202,Board Overload,Minor
8193,GBTS,26202,Board Overload,Minor
8193,GBTS,5078,Board Power Abnormal,Major
268390408,BSC6910GSM,5078,Board Power Abnormal,Major
8193,GBTS,2540,Board Power on Failed Alarm,Major
268390408,BSC6910GSM,8624,Board Power on Failed Alarm,Major
8193,GBTS,8624,Board Power on Failed Alarm,Major
268390408,BSC6910GSM,2540,Board Power on Failed Alarm,Major
268390417,BTS3900,26214,Board Powered Off,Major
268390521,BTS5900,26214,Board Powered Off,Major
125,BTS3900 WCDMA,26214,Board Powered Off,Major
8200,BTS3900 LTE,26214,Board Powered Off,Major
268390522,BTS5900 LTE,26214,Board Powered Off,Major
268390526,BTS5900 5G,26214,Board Powered Off,Major
268390523,BTS5900 WCDMA,26214,Board Powered Off,Major
268390408,BSC6910GSM,26214,Board Powered Off,Major
268390540,BTS3900 5G,26214,Board Powered Off,Major
8193,GBTS,26214,Board Powered Off,Major
268390521,BTS5900,26253,Board Software Auto-Supply Failure,Major
268390417,BTS3900,26253,Board Software Auto-Supply Failure,Major
8200,BTS3900 LTE,26253,Board Software Auto-Supply Failure,Major
268390522,BTS5900 LTE,26253,Board Software Auto-Supply Failure,Major
8193,GBTS,26253,Board Software Auto-Supply Failure,Major
268390523,BTS5900 WCDMA,26253,Board Software Auto-Supply Failure,Major
268390451,MICRO BTS3900,26253,Board Software Auto-Supply Failure,Major
268390408,BSC6910GSM,26253,Board Software Auto-Supply Failure,Major
268390540,BTS3900 5G,26253,Board Software Auto-Supply Failure,Major
268390526,BTS5900 5G,26253,Board Software Auto-Supply Failure,Major
125,BTS3900 WCDMA,26253,Board Software Auto-Supply Failure,Major
268390408,BSC6910GSM,12806,Board Software Fault,Major
8193,GBTS,12806,Board Software Fault,Major
268390408,BSC6910GSM,12294,Board Software Fault Alarm,Major
8193,GBTS,12294,Board Software Fault Alarm,Major
8200,BTS3900 LTE,26203,Board Software Program Error,Major
268390417,BTS3900,26203,Board Software Program Error,Major
268390522,BTS5900 LTE,26203,Board Software Program Error,Major
268390451,MICRO BTS3900,26203,Board Software Program Error,Major
268390521,BTS5900,26203,Board Software Program Error,Major
125,BTS3900 WCDMA,26203,Board Software Program Error,Major
268390523,BTS5900 WCDMA,26203,Board Software Program Error,Major
268390540,BTS3900 5G,26203,Board Software Program Error,Major
268390526,BTS5900 5G,26203,Board Software Program Error,Major
268390408,BSC6910GSM,26203,Board Software Program Error,Major
8193,GBTS,26203,Board Software Program Error,Major
8193,GBTS,26254,Board Software Synchronization Failure,Minor
268390522,BTS5900 LTE,26254,Board Software Synchronization Failure,Minor
268390521,BTS5900,26254,Board Software Synchronization Failure,Minor
268390417,BTS3900,26254,Board Software Synchronization Failure,Minor
8200,BTS3900 LTE,26254,Board Software Synchronization Failure,Minor
268390408,BSC6910GSM,26254,Board Software Synchronization Failure,Minor
268390540,BTS3900 5G,26254,Board Software Synchronization Failure,Minor
268390526,BTS5900 5G,26254,Board Software Synchronization Failure,Minor
268390523,BTS5900 WCDMA,26254,Board Software Synchronization Failure,Minor
268390451,MICRO BTS3900,26254,Board Software Synchronization Failure,Minor
125,BTS3900 WCDMA,26254,Board Software Synchronization Failure,Minor
268390408,BSC6910GSM,20257,Board Startup and Running Failure,Major
268390409,BSC6910UMTS,20257,Board Startup and Running Failure,Major
268390408,BSC6910GSM,20242,Board Subsystem Unavailable,Major
268390409,BSC6910UMTS,20242,Board Subsystem Unavailable,Major
268390408,BSC6910GSM,20280,Board Temperature Abnormal,Major
268390409,BSC6910UMTS,20280,Board Temperature Abnormal,Major
8193,GBTS,12834,Board Temperature Abnormal Alarm,Major
268390408,BSC6910GSM,12312,Board Temperature Abnormal Alarm,Major
268390408,BSC6910GSM,12834,Board Temperature Abnormal Alarm,Major
8193,GBTS,12312,Board Temperature Abnormal Alarm,Major
268390522,BTS5900 LTE,26104,Board Temperature Unacceptable,Minor
268390521,BTS5900,26104,Board Temperature Unacceptable,Minor
268390526,BTS5900 5G,26104,Board Temperature Unacceptable,Minor
8200,BTS3900 LTE,26104,Board Temperature Unacceptable,Minor
268390417,BTS3900,26104,Board Temperature Unacceptable,Minor
268390451,MICRO BTS3900,26104,Board Temperature Unacceptable,Minor
268390540,BTS3900 5G,26104,Board Temperature Unacceptable,Minor
268390523,BTS5900 WCDMA,26104,Board Temperature Unacceptable,Minor
125,BTS3900 WCDMA,26104,Board Temperature Unacceptable,Minor
268390408,BSC6910GSM,26104,Board Temperature Unacceptable,Minor
8193,GBTS,26104,Board Temperature Unacceptable,Minor
268390408,BSC6910GSM,20251,Board Temperature too High,Critical
268390409,BSC6910UMTS,20251,Board Temperature too High,Critical
268390408,BSC6910GSM,21399,Board Transmission Resource Insufficiency,Minor
268390409,BSC6910UMTS,21399,Board Transmission Resource Insufficiency,Minor
268390408,BSC6910GSM,5312,Board Type Mismatch,Major
8193,GBTS,5312,Board Type Mismatch,Major
8193,GBTS,2206,Board Type Mismatch Alarm,Major
268390408,BSC6910GSM,2206,Board Type Mismatch Alarm,Major
8193,GBTS,5334,Board Type Mismatch Alarm,Major
8193,GBTS,2300,Board Type Mismatch Alarm,Major
268390408,BSC6910GSM,5334,Board Type Mismatch Alarm,Major
268390408,BSC6910GSM,10724,Board Type Mismatch Alarm,Major
268390408,BSC6910GSM,12260,Board Type Mismatch Alarm,Major
8193,GBTS,12260,Board Type Mismatch Alarm,Major
268390408,BSC6910GSM,6628,Board Type Mismatch Alarm,Major
268390408,BSC6910GSM,2590,Board Type Mismatch Alarm,Major
8193,GBTS,10724,Board Type Mismatch Alarm,Major
268390408,BSC6910GSM,2300,Board Type Mismatch Alarm,Major
8193,GBTS,9698,Board Type Mismatch Alarm,Major
8193,GBTS,2590,Board Type Mismatch Alarm,Major
8193,GBTS,6628,Board Type Mismatch Alarm,Major
268390408,BSC6910GSM,9698,Board Type Mismatch Alarm,Major
8200,BTS3900 LTE,26251,Board Type and Configuration Mismatch,Minor
268390417,BTS3900,26251,Board Type and Configuration Mismatch,Minor
268390521,BTS5900,26251,Board Type and Configuration Mismatch,Minor
8193,GBTS,26251,Board Type and Configuration Mismatch,Major
268390522,BTS5900 LTE,26251,Board Type and Configuration Mismatch,Minor
268390523,BTS5900 WCDMA,26251,Board Type and Configuration Mismatch,Minor
268390451,MICRO BTS3900,26251,Board Type and Configuration Mismatch,Minor
268390408,BSC6910GSM,26251,Board Type and Configuration Mismatch,Major
268390540,BTS3900 5G,26251,Board Type and Configuration Mismatch,Minor
268390526,BTS5900 5G,26251,Board Type and Configuration Mismatch,Minor
125,BTS3900 WCDMA,26251,Board Type and Configuration Mismatch,Minor
268390408,BSC6910GSM,20241,Board Unavailable,Major
268390409,BSC6910UMTS,20241,Board Unavailable,Major
8200,BTS3900 LTE,26252,Board Unrecognizable,Major
268390417,BTS3900,26252,Board Unrecognizable,Major
268390522,BTS5900 LTE,26252,Board Unrecognizable,Major
268390521,BTS5900,26252,Board Unrecognizable,Major
268390540,BTS3900 5G,26252,Board Unrecognizable,Major
268390526,BTS5900 5G,26252,Board Unrecognizable,Major
268390523,BTS5900 WCDMA,26252,Board Unrecognizable,Major
125,BTS3900 WCDMA,26252,Board Unrecognizable,Major
268390521,BTS5900,28300,Board Uplink Service Processing Channel Abnormal,Major
268390417,BTS3900,28300,Board Uplink Service Processing Channel Abnormal,Major
268390451,MICRO BTS3900,28300,Board Uplink Service Processing Channel Abnormal,Major
268390523,BTS5900 WCDMA,28300,Board Uplink Service Processing Channel Abnormal,Major
125,BTS3900 WCDMA,28300,Board Uplink Service Processing Channel Abnormal,Major
268390408,BSC6910GSM,20233,Board Voltage Abnormity Alarm,Major
268390409,BSC6910UMTS,20233,Board Voltage Abnormity Alarm,Major
268390521,BTS5900,26207,Board in Wrong Slot,Major
125,BTS3900 WCDMA,26207,Board in Wrong Slot,Major
8200,BTS3900 LTE,26207,Board in Wrong Slot,Major
268390522,BTS5900 LTE,26207,Board in Wrong Slot,Major
268390417,BTS3900,26207,Board in Wrong Slot,Major
268390523,BTS5900 WCDMA,26207,Board in Wrong Slot,Major
268390526,BTS5900 5G,26207,Board in Wrong Slot,Major
268390540,BTS3900 5G,26207,Board in Wrong Slot,Major
268390408,BSC6910GSM,4194,Board type mismatch alarm,Major
8193,GBTS,4194,Board type mismatch alarm,Major
100000,OSS,103608,Bond NIC Status Abnormal,Major
8193,GBTS,5032,Boolean 1 Alarm,Warning
8193,GBTS,6046,Boolean 1 Alarm,Warning
268390408,BSC6910GSM,6046,Boolean 1 Alarm,Warning
268390408,BSC6910GSM,5032,Boolean 1 Alarm,Warning
268390408,BSC6910GSM,6292,Boolean 1 alarm,Warning
8193,GBTS,6292,Boolean 1 alarm,Warning
8193,GBTS,5050,Boolean 10 Alarm,Warning
268390408,BSC6910GSM,5050,Boolean 10 Alarm,Warning
268390408,BSC6910GSM,6310,Boolean 10 alarm,Warning
8193,GBTS,6310,Boolean 10 alarm,Warning
8193,GBTS,5052,Boolean 11 Alarm,Warning
268390408,BSC6910GSM,5052,Boolean 11 Alarm,Warning
268390408,BSC6910GSM,6312,Boolean 11 alarm,Warning
8193,GBTS,6312,Boolean 11 alarm,Warning
8193,GBTS,5054,Boolean 12 Alarm,Warning
268390408,BSC6910GSM,5054,Boolean 12 Alarm,Warning
8193,GBTS,6314,Boolean 12 alarm,Warning
268390408,BSC6910GSM,6314,Boolean 12 alarm,Warning
8193,GBTS,5056,Boolean 13 Alarm,Warning
268390408,BSC6910GSM,5056,Boolean 13 Alarm,Warning
8193,GBTS,6316,Boolean 13 alarm,Warning
268390408,BSC6910GSM,6316,Boolean 13 alarm,Warning
8193,GBTS,5058,Boolean 14 Alarm,Warning
268390408,BSC6910GSM,5058,Boolean 14 Alarm,Warning
8193,GBTS,6318,Boolean 14 alarm,Warning
268390408,BSC6910GSM,6318,Boolean 14 alarm,Warning
8193,GBTS,5060,Boolean 15 Alarm,Warning
268390408,BSC6910GSM,5060,Boolean 15 Alarm,Warning
8193,GBTS,6320,Boolean 15 alarm,Warning
268390408,BSC6910GSM,6320,Boolean 15 alarm,Warning
8193,GBTS,5062,Boolean 16 Alarm,Warning
268390408,BSC6910GSM,5062,Boolean 16 Alarm,Warning
8193,GBTS,6322,Boolean 16 alarm,Warning
268390408,BSC6910GSM,6322,Boolean 16 alarm,Warning
8193,GBTS,6324,Boolean 17 alarm,Warning
268390408,BSC6910GSM,6324,Boolean 17 alarm,Warning
8193,GBTS,6326,Boolean 18 alarm,Warning
268390408,BSC6910GSM,6326,Boolean 18 alarm,Warning
8193,GBTS,6328,Boolean 19 alarm,Warning
268390408,BSC6910GSM,6328,Boolean 19 alarm,Warning
8193,GBTS,5034,Boolean 2 Alarm,Warning
268390408,BSC6910GSM,6048,Boolean 2 Alarm,Warning
8193,GBTS,6048,Boolean 2 Alarm,Warning
268390408,BSC6910GSM,5034,Boolean 2 Alarm,Warning
268390408,BSC6910GSM,6294,Boolean 2 alarm,Warning
8193,GBTS,6294,Boolean 2 alarm,Warning
8193,GBTS,6330,Boolean 20 alarm,Warning
268390408,BSC6910GSM,6330,Boolean 20 alarm,Warning
8193,GBTS,6332,Boolean 21 alarm,Warning
268390408,BSC6910GSM,6332,Boolean 21 alarm,Warning
8193,GBTS,6334,Boolean 22 alarm,Warning
268390408,BSC6910GSM,6334,Boolean 22 alarm,Warning
8193,GBTS,6336,Boolean 23 alarm,Warning
268390408,BSC6910GSM,6336,Boolean 23 alarm,Warning
8193,GBTS,6338,Boolean 24 alarm,Warning
268390408,BSC6910GSM,6338,Boolean 24 alarm,Warning
8193,GBTS,6340,Boolean 25 alarm,Warning
268390408,BSC6910GSM,6340,Boolean 25 alarm,Warning
8193,GBTS,6342,Boolean 26 alarm,Warning
268390408,BSC6910GSM,6342,Boolean 26 alarm,Warning
8193,GBTS,6344,Boolean 27 alarm,Warning
268390408,BSC6910GSM,6344,Boolean 27 alarm,Warning
8193,GBTS,6346,Boolean 28 alarm,Warning
268390408,BSC6910GSM,6346,Boolean 28 alarm,Warning
8193,GBTS,6348,Boolean 29 alarm,Warning
268390408,BSC6910GSM,6348,Boolean 29 alarm,Warning
8193,GBTS,5036,Boolean 3 Alarm,Warning
268390408,BSC6910GSM,5036,Boolean 3 Alarm,Warning
268390408,BSC6910GSM,6296,Boolean 3 alarm,Warning
8193,GBTS,6296,Boolean 3 alarm,Warning
8193,GBTS,6350,Boolean 30 alarm,Warning
268390408,BSC6910GSM,6350,Boolean 30 alarm,Warning
8193,GBTS,6352,Boolean 31 alarm,Warning
268390408,BSC6910GSM,6352,Boolean 31 alarm,Warning
8193,GBTS,6354,Boolean 32 alarm,Warning
268390408,BSC6910GSM,6354,Boolean 32 alarm,Warning
8193,GBTS,5038,Boolean 4 Alarm,Warning
8193,GBTS,6052,Boolean 4 Alarm,Warning
268390408,BSC6910GSM,6052,Boolean 4 Alarm,Warning
268390408,BSC6910GSM,5038,Boolean 4 Alarm,Warning
268390408,BSC6910GSM,6298,Boolean 4 alarm,Warning
8193,GBTS,6298,Boolean 4 alarm,Warning
8193,GBTS,5040,Boolean 5 Alarm,Warning
8193,GBTS,6054,Boolean 5 Alarm,Warning
268390408,BSC6910GSM,6054,Boolean 5 Alarm,Warning
268390408,BSC6910GSM,5040,Boolean 5 Alarm,Warning
268390408,BSC6910GSM,6300,Boolean 5 alarm,Warning
8193,GBTS,6300,Boolean 5 alarm,Warning
8193,GBTS,5042,Boolean 6 Alarm,Warning
268390408,BSC6910GSM,5042,Boolean 6 Alarm,Warning
8193,GBTS,6056,Boolean 6 Alarm,Warning
268390408,BSC6910GSM,6056,Boolean 6 Alarm,Warning
268390408,BSC6910GSM,6302,Boolean 6 alarm,Warning
8193,GBTS,6302,Boolean 6 alarm,Warning
8193,GBTS,5044,Boolean 7 Alarm,Warning
268390408,BSC6910GSM,5044,Boolean 7 Alarm,Warning
268390408,BSC6910GSM,6058,Boolean 7 Alarm,Warning
8193,GBTS,6058,Boolean 7 Alarm,Warning
268390408,BSC6910GSM,6304,Boolean 7 alarm,Warning
8193,GBTS,6304,Boolean 7 alarm,Warning
8193,GBTS,5046,Boolean 8 Alarm,Warning
268390408,BSC6910GSM,5046,Boolean 8 Alarm,Warning
268390408,BSC6910GSM,6306,Boolean 8 alarm,Warning
8193,GBTS,6306,Boolean 8 alarm,Warning
8193,GBTS,5048,Boolean 9 Alarm,Warning
268390408,BSC6910GSM,5048,Boolean 9 Alarm,Warning
268390408,BSC6910GSM,6308,Boolean 9 alarm,Warning
8193,GBTS,6308,Boolean 9 alarm,Warning
268390408,BSC6910GSM,20224,Broadcast Packet Overflow,Major
268390409,BSC6910UMTS,20224,Broadcast Packet Overflow,Major
268390521,BTS5900,25957,Broadcast Packets Exceeding Alarm,Major
268390526,BTS5900 5G,25957,Broadcast Packets Exceeding Alarm,Major
268390522,BTS5900 LTE,25957,Broadcast Packets Exceeding Alarm,Major
268390417,BTS3900,25957,Broadcast Packets Exceeding Alarm,Major
8200,BTS3900 LTE,25957,Broadcast Packets Exceeding Alarm,Major
268390523,BTS5900 WCDMA,25957,Broadcast Packets Exceeding Alarm,Major
268390540,BTS3900 5G,25957,Broadcast Packets Exceeding Alarm,Major
125,BTS3900 WCDMA,25957,Broadcast Packets Exceeding Alarm,Major
268390408,BSC6910GSM,4612,Broken LAPD Link Alarm,Major
8193,GBTS,4612,Broken LAPD Link Alarm,Major
268390521,BTS5900,25672,Burglar Alarm,Critical
8200,BTS3900 LTE,25672,Burglar Alarm,Critical
268390417,BTS3900,25672,Burglar Alarm,Critical
268390522,BTS5900 LTE,25672,Burglar Alarm,Critical
268390540,BTS3900 5G,25672,Burglar Alarm,Critical
268390523,BTS5900 WCDMA,25672,Burglar Alarm,Critical
268390526,BTS5900 5G,25672,Burglar Alarm,Critical
8193,GBTS,25672,Burglar Alarm,Critical
268390408,BSC6910GSM,13106,Burglar Alarm,Critical
8193,GBTS,13106,Burglar Alarm,Critical
125,BTS3900 WCDMA,25672,Burglar Alarm,Critical
268390408,BSC6910GSM,25672,Burglar Alarm,Critical
100000,OSS,800002,CA has expired,Critical
100000,OSS,800001,CA is about to expire,Major
8193,GBTS,5080,CAN BUS Communication Abnormal,Major
268390408,BSC6910GSM,4702,CAN BUS Communication Abnormal,Major
268390408,BSC6910GSM,5080,CAN BUS Communication Abnormal,Major
8193,GBTS,4702,CAN BUS Communication Abnormal,Major
268390408,BSC6910GSM,4704,CAN I2C Link Abnormal,Major
8193,GBTS,4704,CAN I2C Link Abnormal,Major
268390409,BSC6910UMTS,22393,CBC Communication Fault,Major
268390408,BSC6910GSM,21809,CBC Communication Fault,Major
268390408,BSC6910GSM,5302,CCDU inner data bus alarm,Major
8193,GBTS,5302,CCDU inner data bus alarm,Major
100000,OSS,355,CCE CPU Usage Is High,Major
100000,OSS,357,CCE Disk Usage Is High,Major
100000,OSS,356,CCE Memory Usage Is High,Major
268390417,BTS3900,25836,CCP Fault,Major
268390521,BTS5900,25836,CCP Fault,Major
268390451,MICRO BTS3900,25836,CCP Fault,Major
268390523,BTS5900 WCDMA,25836,CCP Fault,Major
125,BTS3900 WCDMA,25836,CCP Fault,Major
268390409,BSC6910UMTS,22205,CCP Faulty,Major
268390409,BSC6910UMTS,22213,CCP Information Inconsistency Between the RNC and the NodeB,Major
8200,BTS3900 LTE,25719,CCU Topology and Configuration Mismatch,Major
125,BTS3900 WCDMA,25719,CCU Topology and Configuration Mismatch,Major
268390521,BTS5900,25719,CCU Topology and Configuration Mismatch,Major
268390417,BTS3900,25719,CCU Topology and Configuration Mismatch,Major
268390522,BTS5900 LTE,25719,CCU Topology and Configuration Mismatch,Major
268390540,BTS3900 5G,25719,CCU Topology and Configuration Mismatch,Major
268390526,BTS5900 5G,25719,CCU Topology and Configuration Mismatch,Major
268390523,BTS5900 WCDMA,25719,CCU Topology and Configuration Mismatch,Major
268390408,BSC6910GSM,25719,CCU Topology and Configuration Mismatch,Major
8193,GBTS,25719,CCU Topology and Configuration Mismatch,Major
8200,BTS3900 LTE,25721,CCU-BBU Communication Failure,Minor
268390521,BTS5900,25721,CCU-BBU Communication Failure,Minor
268390417,BTS3900,25721,CCU-BBU Communication Failure,Minor
268390522,BTS5900 LTE,25721,CCU-BBU Communication Failure,Minor
125,BTS3900 WCDMA,25721,CCU-BBU Communication Failure,Minor
268390540,BTS3900 5G,25721,CCU-BBU Communication Failure,Minor
268390526,BTS5900 5G,25721,CCU-BBU Communication Failure,Minor
268390523,BTS5900 WCDMA,25721,CCU-BBU Communication Failure,Minor
268390408,BSC6910GSM,25721,CCU-BBU Communication Failure,Minor
8193,GBTS,25721,CCU-BBU Communication Failure,Minor
8193,GBTS,2302,CDU Band Mismatch ARFCN Alarm,Major
268390408,BSC6910GSM,5314,CDU Band Mismatch ARFCN Alarm,Major
8193,GBTS,5314,CDU Band Mismatch ARFCN Alarm,Major
268390408,BSC6910GSM,2302,CDU Band Mismatch ARFCN Alarm,Major
268390408,BSC6910GSM,2280,CDU Communication Alarm,Major
8193,GBTS,2280,CDU Communication Alarm,Major
8193,GBTS,2278,CDU Diversity RX LNA Alarm,Minor
268390408,BSC6910GSM,2278,CDU Diversity RX LNA Alarm,Minor
268390408,BSC6910GSM,5296,CDU Diversity RX TTA Alarm,Minor
8193,GBTS,5296,CDU Diversity RX TTA Alarm,Minor
268390408,BSC6910GSM,2284,CDU Diversity RX TTA Alarm,Minor
8193,GBTS,2284,CDU Diversity RX TTA Alarm,Minor
8193,GBTS,2276,CDU Main RX LNA Alarm,Minor
268390408,BSC6910GSM,2276,CDU Main RX LNA Alarm,Minor
268390408,BSC6910GSM,5294,CDU Main RX TTA Alarm,Minor
8193,GBTS,2282,CDU Main RX TTA Alarm,Minor
268390408,BSC6910GSM,2282,CDU Main RX TTA Alarm,Minor
8193,GBTS,5294,CDU Main RX TTA Alarm,Minor
8193,GBTS,2286,CDU VSWR Critical Alarm,Major
268390408,BSC6910GSM,2286,CDU VSWR Critical Alarm,Major
268390408,BSC6910GSM,2274,CDU VSWR Level 1 Alarm,Warning
8193,GBTS,2274,CDU VSWR Level 1 Alarm,Warning
268390408,BSC6910GSM,2272,CDU VSWR Level 2 Alarm,Minor
8193,GBTS,2272,CDU VSWR Level 2 Alarm,Minor
268390408,BSC6910GSM,5316,CDU extended 60 alarm,Warning
8193,GBTS,5316,CDU extended 60 alarm,Warning
268390408,BSC6910GSM,21590,CIC Downlink One-Way Mute,Major
268390408,BSC6910GSM,22389,CN Node Flow Control,Major
268390409,BSC6910UMTS,22389,CN Node Flow Control,Major
268390409,BSC6910UMTS,22395,CN Node Inhibited,Major
268390408,BSC6910GSM,20263,CPU Blocked,Warning
268390409,BSC6910UMTS,20263,CPU Blocked,Warning
268390408,BSC6910GSM,20256,CPU Overload,Critical
268390409,BSC6910UMTS,20256,CPU Overload,Critical
268390409,BSC6910UMTS,20750,CRC Value Inconsistency in Board Startup,Minor
268390408,BSC6910GSM,20750,CRC Value Inconsistency in Board Startup,Minor
100000,OSS,800005,CRL is published failed,Critical
8193,GBTS,21825,CSL Fault,Major
268390408,BSC6910GSM,21825,CSL Fault,Major
268390417,BTS3900,26919,CXU AC Power Input Failure,Major
268390522,BTS5900 LTE,26919,CXU AC Power Input Failure,Major
268390521,BTS5900,26919,CXU AC Power Input Failure,Major
268390526,BTS5900 5G,26919,CXU AC Power Input Failure,Major
268390523,BTS5900 WCDMA,26919,CXU AC Power Input Failure,Major
268390540,BTS3900 5G,26919,CXU AC Power Input Failure,Major
8200,BTS3900 LTE,26919,CXU AC Power Input Failure,Major
125,BTS3900 WCDMA,26919,CXU AC Power Input Failure,Major
268390417,BTS3900,26913,CXU Clock Abnormal,Major
268390522,BTS5900 LTE,26913,CXU Clock Abnormal,Major
268390521,BTS5900,26913,CXU Clock Abnormal,Major
268390523,BTS5900 WCDMA,26913,CXU Clock Abnormal,Major
268390540,BTS3900 5G,26913,CXU Clock Abnormal,Major
268390526,BTS5900 5G,26913,CXU Clock Abnormal,Major
125,BTS3900 WCDMA,26913,CXU Clock Abnormal,Major
8200,BTS3900 LTE,26913,CXU Clock Abnormal,Major
268390417,BTS3900,26916,CXU DC Power Input Failure,Major
268390522,BTS5900 LTE,26916,CXU DC Power Input Failure,Major
268390521,BTS5900,26916,CXU DC Power Input Failure,Major
268390540,BTS3900 5G,26916,CXU DC Power Input Failure,Major
268390523,BTS5900 WCDMA,26916,CXU DC Power Input Failure,Major
268390526,BTS5900 5G,26916,CXU DC Power Input Failure,Major
125,BTS3900 WCDMA,26916,CXU DC Power Input Failure,Major
8200,BTS3900 LTE,26916,CXU DC Power Input Failure,Major
268390417,BTS3900,26914,CXU External Power Supply Insufficient,Major
268390522,BTS5900 LTE,26914,CXU External Power Supply Insufficient,Major
268390521,BTS5900,26914,CXU External Power Supply Insufficient,Major
268390540,BTS3900 5G,26914,CXU External Power Supply Insufficient,Major
268390523,BTS5900 WCDMA,26914,CXU External Power Supply Insufficient,Major
268390526,BTS5900 5G,26914,CXU External Power Supply Insufficient,Major
8200,BTS3900 LTE,26914,CXU External Power Supply Insufficient,Major
125,BTS3900 WCDMA,26914,CXU External Power Supply Insufficient,Major
268390521,BTS5900,26908,CXU Hardware Fault,Minor
268390417,BTS3900,26908,CXU Hardware Fault,Minor
268390522,BTS5900 LTE,26908,CXU Hardware Fault,Minor
268390526,BTS5900 5G,26908,CXU Hardware Fault,Minor
268390540,BTS3900 5G,26908,CXU Hardware Fault,Minor
268390523,BTS5900 WCDMA,26908,CXU Hardware Fault,Minor
8200,BTS3900 LTE,26908,CXU Hardware Fault,Minor
125,BTS3900 WCDMA,26908,CXU Hardware Fault,Minor
268390521,BTS5900,26904,CXU Link TX/RX Error,Minor
268390417,BTS3900,26904,CXU Link TX/RX Error,Minor
268390522,BTS5900 LTE,26904,CXU Link TX/RX Error,Minor
268390523,BTS5900 WCDMA,26904,CXU Link TX/RX Error,Minor
268390540,BTS3900 5G,26904,CXU Link TX/RX Error,Minor
268390526,BTS5900 5G,26904,CXU Link TX/RX Error,Minor
8200,BTS3900 LTE,26904,CXU Link TX/RX Error,Minor
125,BTS3900 WCDMA,26904,CXU Link TX/RX Error,Minor
268390521,BTS5900,26918,CXU Maintenance Link Failure,Major
268390417,BTS3900,26918,CXU Maintenance Link Failure,Major
268390522,BTS5900 LTE,26918,CXU Maintenance Link Failure,Major
268390526,BTS5900 5G,26918,CXU Maintenance Link Failure,Major
268390523,BTS5900 WCDMA,26918,CXU Maintenance Link Failure,Major
268390540,BTS3900 5G,26918,CXU Maintenance Link Failure,Major
125,BTS3900 WCDMA,26918,CXU Maintenance Link Failure,Major
8200,BTS3900 LTE,26918,CXU Maintenance Link Failure,Major
268390417,BTS3900,26906,CXU Optical Module Fault,Warning
268390521,BTS5900,26906,CXU Optical Module Fault,Warning
268390522,BTS5900 LTE,26906,CXU Optical Module Fault,Warning
268390526,BTS5900 5G,26906,CXU Optical Module Fault,Warning
268390540,BTS3900 5G,26906,CXU Optical Module Fault,Warning
268390523,BTS5900 WCDMA,26906,CXU Optical Module Fault,Warning
8200,BTS3900 LTE,26906,CXU Optical Module Fault,Warning
125,BTS3900 WCDMA,26906,CXU Optical Module Fault,Warning
268390417,BTS3900,26917,CXU Optical Module Temperature Unacceptable,Minor
268390522,BTS5900 LTE,26917,CXU Optical Module Temperature Unacceptable,Minor
268390521,BTS5900,26917,CXU Optical Module Temperature Unacceptable,Minor
268390526,BTS5900 5G,26917,CXU Optical Module Temperature Unacceptable,Minor
268390523,BTS5900 WCDMA,26917,CXU Optical Module Temperature Unacceptable,Minor
268390540,BTS3900 5G,26917,CXU Optical Module Temperature Unacceptable,Minor
8200,BTS3900 LTE,26917,CXU Optical Module Temperature Unacceptable,Minor
125,BTS3900 WCDMA,26917,CXU Optical Module Temperature Unacceptable,Minor
268390417,BTS3900,26902,CXU Optical Module Type Mismatch,Major
268390522,BTS5900 LTE,26902,CXU Optical Module Type Mismatch,Major
268390521,BTS5900,26902,CXU Optical Module Type Mismatch,Major
268390523,BTS5900 WCDMA,26902,CXU Optical Module Type Mismatch,Major
268390540,BTS3900 5G,26902,CXU Optical Module Type Mismatch,Major
268390526,BTS5900 5G,26902,CXU Optical Module Type Mismatch,Major
125,BTS3900 WCDMA,26902,CXU Optical Module Type Mismatch,Major
8200,BTS3900 LTE,26902,CXU Optical Module Type Mismatch,Major
268390522,BTS5900 LTE,26901,CXU Optical Module or Electrical Port Not Ready,Major
268390521,BTS5900,26901,CXU Optical Module or Electrical Port Not Ready,Major
268390417,BTS3900,26901,CXU Optical Module or Electrical Port Not Ready,Major
268390540,BTS3900 5G,26901,CXU Optical Module or Electrical Port Not Ready,Major
268390523,BTS5900 WCDMA,26901,CXU Optical Module or Electrical Port Not Ready,Major
268390526,BTS5900 5G,26901,CXU Optical Module or Electrical Port Not Ready,Major
125,BTS3900 WCDMA,26901,CXU Optical Module or Electrical Port Not Ready,Major
8200,BTS3900 LTE,26901,CXU Optical Module or Electrical Port Not Ready,Major
268390521,BTS5900,26910,CXU Overload,Minor
268390522,BTS5900 LTE,26910,CXU Overload,Minor
268390417,BTS3900,26910,CXU Overload,Minor
268390526,BTS5900 5G,26910,CXU Overload,Minor
268390523,BTS5900 WCDMA,26910,CXU Overload,Minor
268390540,BTS3900 5G,26910,CXU Overload,Minor
8200,BTS3900 LTE,26910,CXU Overload,Minor
125,BTS3900 WCDMA,26910,CXU Overload,Minor
268390521,BTS5900,26915,CXU Runtime Topology Abnormal,Major
268390522,BTS5900 LTE,26915,CXU Runtime Topology Abnormal,Major
268390417,BTS3900,26915,CXU Runtime Topology Abnormal,Major
268390523,BTS5900 WCDMA,26915,CXU Runtime Topology Abnormal,Major
268390526,BTS5900 5G,26915,CXU Runtime Topology Abnormal,Major
268390540,BTS3900 5G,26915,CXU Runtime Topology Abnormal,Major
8200,BTS3900 LTE,26915,CXU Runtime Topology Abnormal,Major
125,BTS3900 WCDMA,26915,CXU Runtime Topology Abnormal,Major
268390417,BTS3900,26909,CXU Software Program Error,Major
268390522,BTS5900 LTE,26909,CXU Software Program Error,Major
268390521,BTS5900,26909,CXU Software Program Error,Major
268390523,BTS5900 WCDMA,26909,CXU Software Program Error,Major
268390526,BTS5900 5G,26909,CXU Software Program Error,Major
268390540,BTS3900 5G,26909,CXU Software Program Error,Major
8200,BTS3900 LTE,26909,CXU Software Program Error,Major
125,BTS3900 WCDMA,26909,CXU Software Program Error,Major
268390417,BTS3900,26907,CXU Temperature Unacceptable,Minor
268390521,BTS5900,26907,CXU Temperature Unacceptable,Minor
268390522,BTS5900 LTE,26907,CXU Temperature Unacceptable,Minor
268390523,BTS5900 WCDMA,26907,CXU Temperature Unacceptable,Minor
268390526,BTS5900 5G,26907,CXU Temperature Unacceptable,Minor
268390540,BTS3900 5G,26907,CXU Temperature Unacceptable,Minor
8200,BTS3900 LTE,26907,CXU Temperature Unacceptable,Minor
125,BTS3900 WCDMA,26907,CXU Temperature Unacceptable,Minor
268390521,BTS5900,25656,Cabinet Air Inlet Temperature Unacceptable,Minor
268390522,BTS5900 LTE,25656,Cabinet Air Inlet Temperature Unacceptable,Minor
268390417,BTS3900,25656,Cabinet Air Inlet Temperature Unacceptable,Minor
8200,BTS3900 LTE,25656,Cabinet Air Inlet Temperature Unacceptable,Minor
268390523,BTS5900 WCDMA,25656,Cabinet Air Inlet Temperature Unacceptable,Minor
268390526,BTS5900 5G,25656,Cabinet Air Inlet Temperature Unacceptable,Minor
268390540,BTS3900 5G,25656,Cabinet Air Inlet Temperature Unacceptable,Minor
125,BTS3900 WCDMA,25656,Cabinet Air Inlet Temperature Unacceptable,Minor
268390408,BSC6910GSM,25656,Cabinet Air Inlet Temperature Unacceptable,Minor
8193,GBTS,25656,Cabinet Air Inlet Temperature Unacceptable,Minor
8200,BTS3900 LTE,25655,Cabinet Air Outlet Temperature Unacceptable,Minor
268390522,BTS5900 LTE,25655,Cabinet Air Outlet Temperature Unacceptable,Minor
268390521,BTS5900,25655,Cabinet Air Outlet Temperature Unacceptable,Minor
268390417,BTS3900,25655,Cabinet Air Outlet Temperature Unacceptable,Minor
268390523,BTS5900 WCDMA,25655,Cabinet Air Outlet Temperature Unacceptable,Minor
268390526,BTS5900 5G,25655,Cabinet Air Outlet Temperature Unacceptable,Minor
268390540,BTS3900 5G,25655,Cabinet Air Outlet Temperature Unacceptable,Minor
8193,GBTS,25655,Cabinet Air Outlet Temperature Unacceptable,Minor
125,BTS3900 WCDMA,25655,Cabinet Air Outlet Temperature Unacceptable,Minor
268390408,BSC6910GSM,25655,Cabinet Air Outlet Temperature Unacceptable,Minor
268390417,BTS3900,26293,Cabinet Capability  Mismatch,Minor
8200,BTS3900 LTE,26293,Cabinet Capability  Mismatch,Minor
268390522,BTS5900 LTE,26293,Cabinet Capability  Mismatch,Minor
268390521,BTS5900,26293,Cabinet Capability  Mismatch,Minor
125,BTS3900 WCDMA,26293,Cabinet Capability  Mismatch,Minor
268390523,BTS5900 WCDMA,26293,Cabinet Capability  Mismatch,Minor
268390526,BTS5900 5G,26293,Cabinet Capability  Mismatch,Minor
268390540,BTS3900 5G,26293,Cabinet Capability  Mismatch,Minor
268390408,BSC6910GSM,20037,Cabinet Door Open,Minor
268390409,BSC6910UMTS,20037,Cabinet Door Open,Minor
268390408,BSC6910GSM,13094,Cabinet Humidity Abnormal,Minor
8193,GBTS,13094,Cabinet Humidity Abnormal,Minor
268390522,BTS5900 LTE,25653,Cabinet Humidity Unacceptable,Minor
8200,BTS3900 LTE,25653,Cabinet Humidity Unacceptable,Minor
268390521,BTS5900,25653,Cabinet Humidity Unacceptable,Minor
268390417,BTS3900,25653,Cabinet Humidity Unacceptable,Minor
268390540,BTS3900 5G,25653,Cabinet Humidity Unacceptable,Minor
268390523,BTS5900 WCDMA,25653,Cabinet Humidity Unacceptable,Minor
268390526,BTS5900 5G,25653,Cabinet Humidity Unacceptable,Minor
268390408,BSC6910GSM,25653,Cabinet Humidity Unacceptable,Minor
8193,GBTS,25653,Cabinet Humidity Unacceptable,Minor
125,BTS3900 WCDMA,25653,Cabinet Humidity Unacceptable,Minor
268390408,BSC6910GSM,20057,Cabinet Power Over Alarm,Major
268390409,BSC6910UMTS,20057,Cabinet Power Over Alarm,Major
268390408,BSC6910GSM,13092,Cabinet Temperature Abnormal,Minor
8193,GBTS,13092,Cabinet Temperature Abnormal,Minor
268390522,BTS5900 LTE,25652,Cabinet Temperature Unacceptable,Minor
268390521,BTS5900,25652,Cabinet Temperature Unacceptable,Minor
8200,BTS3900 LTE,25652,Cabinet Temperature Unacceptable,Minor
268390417,BTS3900,25652,Cabinet Temperature Unacceptable,Minor
268390523,BTS5900 WCDMA,25652,Cabinet Temperature Unacceptable,Minor
268390526,BTS5900 5G,25652,Cabinet Temperature Unacceptable,Minor
268390540,BTS3900 5G,25652,Cabinet Temperature Unacceptable,Minor
268390408,BSC6910GSM,25652,Cabinet Temperature Unacceptable,Minor
8193,GBTS,25652,Cabinet Temperature Unacceptable,Minor
125,BTS3900 WCDMA,25652,Cabinet Temperature Unacceptable,Minor
8193,GBTS,4208,Cable Connection of the TRX Output Port Alarm,Major
268390408,BSC6910GSM,4208,Cable Connection of the TRX Output Port Alarm,Major
8193,GBTS,28010,Carrier Configuration Error,Warning
268390521,BTS5900,28010,Carrier Configuration Error,Warning
268390417,BTS3900,28010,Carrier Configuration Error,Warning
268390408,BSC6910GSM,28010,Carrier Configuration Error,Warning
8193,GBTS,28009,Carrier No Traffic,Minor
268390521,BTS5900,28009,Carrier No Traffic,Minor
268390417,BTS3900,28009,Carrier No Traffic,Minor
268390408,BSC6910GSM,28009,Carrier No Traffic,Minor
8193,GBTS,5348,Cavity Board Type Mismatch,Warning
268390408,BSC6910GSM,5348,Cavity Board Type Mismatch,Warning
268390408,BSC6910GSM,5126,Cavity Configuration alarm,Major
8193,GBTS,5126,Cavity Configuration alarm,Major
268390408,BSC6910GSM,5128,Cavity Tune Abnormal alarm,Major
8193,GBTS,5128,Cavity Tune Abnormal alarm,Major
268390408,BSC6910GSM,5300,Cavity Tune Failure Alarm,Major
8193,GBTS,5300,Cavity Tune Failure Alarm,Major
268390417,BTS3900,29245,Cell Blocked,Major
268390521,BTS5900,29245,Cell Blocked,Major
268390522,BTS5900 LTE,29245,Cell Blocked,Major
268390451,MICRO BTS3900,29245,Cell Blocked,Major
8200,BTS3900 LTE,29245,Cell Blocked,Major
268390417,BTS3900,29243,Cell Capability Degraded,Minor
268390522,BTS5900 LTE,29243,Cell Capability Degraded,Minor
268390521,BTS5900,29243,Cell Capability Degraded,Minor
268390451,MICRO BTS3900,29243,Cell Capability Degraded,Major
8200,BTS3900 LTE,29243,Cell Capability Degraded,Minor
268390521,BTS5900,28211,Cell Configuration Abnormal,Major
268390417,BTS3900,28211,Cell Configuration Abnormal,Major
268390451,MICRO BTS3900,28211,Cell Configuration Abnormal,Major
268390523,BTS5900 WCDMA,28211,Cell Configuration Abnormal,Major
125,BTS3900 WCDMA,28211,Cell Configuration Abnormal,Major
268390521,BTS5900,28204,Cell DL Load Simulation Startup,Minor
268390417,BTS3900,28204,Cell DL Load Simulation Startup,Minor
268390523,BTS5900 WCDMA,28204,Cell DL Load Simulation Startup,Minor
268390451,MICRO BTS3900,28204,Cell DL Load Simulation Startup,Minor
125,BTS3900 WCDMA,28204,Cell DL Load Simulation Startup,Minor
8193,GBTS,21816,Cell Logical Channel Failure Alarm,Major
268390408,BSC6910GSM,21816,Cell Logical Channel Failure Alarm,Major
268390521,BTS5900,28209,Cell No Traffic,Minor
268390417,BTS3900,28209,Cell No Traffic,Minor
268390522,BTS5900 LTE,29257,Cell No Traffic,Major
8200,BTS3900 LTE,29257,Cell No Traffic,Major
268390417,BTS3900,29257,Cell No Traffic,Major
268390523,BTS5900 WCDMA,28209,Cell No Traffic,Minor
268390521,BTS5900,29257,Cell No Traffic,Major
268390451,MICRO BTS3900,28209,Cell No Traffic,Minor
125,BTS3900 WCDMA,28209,Cell No Traffic,Minor
100000,OSS,311,Cell Outage,Major
268390521,BTS5900,28205,Cell Output Power too Low,Minor
268390417,BTS3900,28205,Cell Output Power too Low,Minor
268390523,BTS5900 WCDMA,28205,Cell Output Power too Low,Minor
268390451,MICRO BTS3900,28205,Cell Output Power too Low,Minor
125,BTS3900 WCDMA,28205,Cell Output Power too Low,Minor
268390408,BSC6910GSM,21822,Cell PCH Congestion,Minor
8193,GBTS,21822,Cell PCH Congestion,Minor
268390522,BTS5900 LTE,29247,Cell PCI Conflict,Warning
268390417,BTS3900,29247,Cell PCI Conflict,Warning
268390521,BTS5900,29247,Cell PCI Conflict,Warning
268390451,MICRO BTS3900,29247,Cell PCI Conflict,Warning
8200,BTS3900 LTE,29247,Cell PCI Conflict,Warning
268390408,BSC6910GSM,22006,Cell PS Service Faulty,Major
8193,GBTS,22006,Cell PS Service Faulty,Major
268390408,BSC6910GSM,21817,Cell RACH Congestion,Minor
8193,GBTS,21817,Cell RACH Congestion,Minor
268390521,BTS5900,28213,Cell RTWP Excessive,Minor
268390417,BTS3900,28213,Cell RTWP Excessive,Minor
268390523,BTS5900 WCDMA,28213,Cell RTWP Excessive,Minor
125,BTS3900 WCDMA,28213,Cell RTWP Excessive,Minor
268390522,BTS5900 LTE,29250,Cell RX Channel Interference Noise Power Unbalanced,Minor
268390417,BTS3900,29250,Cell RX Channel Interference Noise Power Unbalanced,Minor
268390521,BTS5900,29250,Cell RX Channel Interference Noise Power Unbalanced,Minor
268390451,MICRO BTS3900,29250,Cell RX Channel Interference Noise Power Unbalanced,Minor
8200,BTS3900 LTE,29250,Cell RX Channel Interference Noise Power Unbalanced,Minor
268390451,MICRO BTS3900,29241,Cell Reconfiguration Failed,Minor
268390522,BTS5900 LTE,29246,Cell Simulated Load Startup,Minor
268390417,BTS3900,29246,Cell Simulated Load Startup,Minor
268390521,BTS5900,29246,Cell Simulated Load Startup,Minor
268390451,MICRO BTS3900,29246,Cell Simulated Load Startup,Minor
8200,BTS3900 LTE,29246,Cell Simulated Load Startup,Minor
268390522,BTS5900 LTE,29240,Cell Unavailable,Major
268390417,BTS3900,29240,Cell Unavailable,Major
268390521,BTS5900,29240,Cell Unavailable,Major
268390451,MICRO BTS3900,29240,Cell Unavailable,Major
8200,BTS3900 LTE,29240,Cell Unavailable,Major
268390408,BSC6910GSM,20803,Certificate Auto-update Failed,Major
268390409,BSC6910UMTS,20803,Certificate Auto-update Failed,Major
100000,OSS,100005,Certificate Has Expired,Major
268390522,BTS5900 LTE,26841,Certificate Invalid,Warning
268390417,BTS3900,26841,Certificate Invalid,Warning
268390521,BTS5900,26841,Certificate Invalid,Warning
268390523,BTS5900 WCDMA,26841,Certificate Invalid,Warning
268390526,BTS5900 5G,26841,Certificate Invalid,Warning
268390408,BSC6910GSM,26841,Certificate Invalid,Major
268390451,MICRO BTS3900,26841,Certificate Invalid,Warning
268390540,BTS3900 5G,26841,Certificate Invalid,Warning
8200,BTS3900 LTE,26841,Certificate Invalid,Warning
125,BTS3900 WCDMA,26841,Certificate Invalid,Warning
8193,GBTS,26841,Certificate Invalid,Major
100000,OSS,100003,Certificate Is About to Expire,Minor
268390522,BTS5900 LTE,26843,Certificate Status Failed to Be Obtained,Major
268390417,BTS3900,26843,Certificate Status Failed to Be Obtained,Major
268390521,BTS5900,26843,Certificate Status Failed to Be Obtained,Major
268390523,BTS5900 WCDMA,26843,Certificate Status Failed to Be Obtained,Major
268390526,BTS5900 5G,26843,Certificate Status Failed to Be Obtained,Major
268390540,BTS3900 5G,26843,Certificate Status Failed to Be Obtained,Major
8200,BTS3900 LTE,26843,Certificate Status Failed to Be Obtained,Major
125,BTS3900 WCDMA,26843,Certificate Status Failed to Be Obtained,Major
100000,OSS,800007,Certificate has expired of Certificate Authority Service,Critical
100000,OSS,800006,Certificate is about to expire of Certificate Authority Service,Major
100000,OSS,800010,Certificate of the CA Proxy Service Has Expired,Critical
100000,OSS,800009,Certificate of the CA Proxy Service Is About To Expire,Major
100000,OSS,51026,Certificate of the Remote DR System About to Expire,Major
100000,OSS,51025,Certificate of the Remote DR System Has Expired,Critical
8193,GBTS,21804,Channel Manually Blocked,Warning
268390408,BSC6910GSM,21804,Channel Manually Blocked,Warning
268390408,BSC6910GSM,4708,Clock Reference Abnormal Alarm,Warning
8193,GBTS,4708,Clock Reference Abnormal Alarm,Warning
8193,GBTS,3146,Clock Reference Abnormal alarm,Warning
8193,GBTS,3666,Clock Reference Abnormal alarm,Warning
268390408,BSC6910GSM,3146,Clock Reference Abnormal alarm,Warning
268390408,BSC6910GSM,3666,Clock Reference Abnormal alarm,Warning
268390408,BSC6910GSM,20212,Clock Reference Source of An Interface Board Unavailable,Major
268390408,BSC6910GSM,20208,Clock Reference Source of Main Control Board Unavailable,Major
268390409,BSC6910UMTS,20208,Clock Reference Source of Main Control Board Unavailable,Major
268390408,BSC6910GSM,2208,Clock Reference abnormal Alarm,Warning
8193,GBTS,2208,Clock Reference abnormal Alarm,Warning
268390408,BSC6910GSM,20204,Clock Signal Inputs Faulty,Major
268390409,BSC6910UMTS,20204,Clock Signal Inputs Faulty,Major
268390409,BSC6910UMTS,20203,Clock Signal Outputs Faulty,Minor
268390408,BSC6910GSM,20203,Clock Signal Outputs Faulty,Minor
268390408,BSC6910GSM,20274,Clock Signal Outputs to the Backplane Faulty,Major
268390409,BSC6910UMTS,20274,Clock Signal Outputs to the Backplane Faulty,Major
268390408,BSC6910GSM,4698,Clock Source Type Configuration Conflict,Minor
8193,GBTS,4698,Clock Source Type Configuration Conflict,Minor
8193,GBTS,4834,Clock Synchronization for Co-Site Failed,Major
268390408,BSC6910GSM,4834,Clock Synchronization for Co-Site Failed,Major
8193,GBTS,3438,Clock alarm,Major
268390408,BSC6910GSM,3438,Clock alarm,Major
100000,OSS,788,Cluster Resource Abnormal,Minor
100000,OSS,650010,Cluster Still Contains Faulty Hosts,Critical
268390408,BSC6910GSM,5290,Combining and Distribution Unit Diversity RX LNA Alarm,Minor
8193,GBTS,5290,Combining and Distribution Unit Diversity RX LNA Alarm,Minor
268390408,BSC6910GSM,5130,Combining and Distribution Unit Extended 03 Alarm,Warning
8193,GBTS,5130,Combining and Distribution Unit Extended 03 Alarm,Warning
268390408,BSC6910GSM,5132,Combining and Distribution Unit Extended 04 Alarm,Warning
8193,GBTS,5132,Combining and Distribution Unit Extended 04 Alarm,Warning
268390408,BSC6910GSM,5134,Combining and Distribution Unit Extended 05 Alarm,Warning
8193,GBTS,5134,Combining and Distribution Unit Extended 05 Alarm,Warning
268390408,BSC6910GSM,5288,Combining and Distribution Unit Main RX LNA Alarm,Minor
8193,GBTS,5288,Combining and Distribution Unit Main RX LNA Alarm,Minor
268390408,BSC6910GSM,5298,Combining and Distribution Unit VSWR Critical Alarm,Major
8193,GBTS,5298,Combining and Distribution Unit VSWR Critical Alarm,Major
268390408,BSC6910GSM,5286,Combining and Distribution Unit VSWR Level 1 Alarm,Warning
8193,GBTS,5286,Combining and Distribution Unit VSWR Level 1 Alarm,Warning
268390408,BSC6910GSM,5284,Combining and Distribution Unit VSWR Level 2 Alarm,Minor
8193,GBTS,5284,Combining and Distribution Unit VSWR Level 2 Alarm,Minor
268390408,BSC6910GSM,10272,Commands or Parameters Not Supported by RET Alarm,Major
8193,GBTS,10272,Commands or Parameters Not Supported by RET Alarm,Major
268390408,BSC6910GSM,20223,Communication Between GE Switching Board and OMU Faulty,Major
268390409,BSC6910UMTS,20223,Communication Between GE Switching Board and OMU Faulty,Major
268390408,BSC6910GSM,20222,Communication Between GE Switching Boards Faulty,Major
268390409,BSC6910UMTS,20222,Communication Between GE Switching Boards Faulty,Major
100000,OSS,787,Communication Between Internal OSS Services Is Abnormal,Major
268390408,BSC6910GSM,20227,Communication Between Subracks Faulty,Critical
268390409,BSC6910UMTS,20227,Communication Between Subracks Faulty,Critical
268390408,BSC6910GSM,13086,Communication Between the PSU and APMU Abnormal,Major
8193,GBTS,13086,Communication Between the PSU and APMU Abnormal,Major
268390408,BSC6910GSM,20277,Communication Congestion Between Subracks,Major
268390409,BSC6910UMTS,20277,Communication Congestion Between Subracks,Major
268390408,BSC6910GSM,20853,Communication Failure Between BSC and VNP,Major
268390409,BSC6910UMTS,20738,Communication Failure Between NE and EMS,Minor
268390408,BSC6910GSM,20738,Communication Failure Between NE and EMS,Minor
268390408,BSC6910GSM,20279,Communication Failure Between a Service Board and an SCU Board,Major
268390409,BSC6910UMTS,20279,Communication Failure Between a Service Board and an SCU Board,Major
268390409,BSC6910UMTS,22012,Communication with AC server Abnormal,Major
268390408,BSC6910GSM,22012,Communication with AC server Abnormal,Major
268390408,BSC6910GSM,10776,Compressor of air-condition Alarm,Major
8193,GBTS,10776,Compressor of air-condition Alarm,Major
268390408,BSC6910GSM,10778,Condensator high temperature alarm,Warning
8193,GBTS,10778,Condensator high temperature alarm,Warning
268390408,BSC6910GSM,22244,Configuration Between Related NE Dismatch,Major
268390409,BSC6910UMTS,22244,Configuration Between Related NE Dismatch,Major
268390409,BSC6910UMTS,20741,Configuration Data Exceeding License Capacity,Major
268390408,BSC6910GSM,20741,Configuration Data Exceeding License Capacity,Major
268390521,BTS5900,26245,Configuration Data Inconsistency,Major
8200,BTS3900 LTE,26245,Configuration Data Inconsistency,Major
268390522,BTS5900 LTE,26245,Configuration Data Inconsistency,Major
268390417,BTS3900,26245,Configuration Data Inconsistency,Major
8193,GBTS,26245,Configuration Data Inconsistency,Major
268390540,BTS3900 5G,26245,Configuration Data Inconsistency,Major
268390451,MICRO BTS3900,26245,Configuration Data Inconsistency,Major
268390408,BSC6910GSM,26245,Configuration Data Inconsistency,Major
268390523,BTS5900 WCDMA,26245,Configuration Data Inconsistency,Major
268390526,BTS5900 5G,26245,Configuration Data Inconsistency,Major
125,BTS3900 WCDMA,26245,Configuration Data Inconsistency,Major
268390521,BTS5900,26247,Configuration Failure,Warning
268390522,BTS5900 LTE,26247,Configuration Failure,Warning
8200,BTS3900 LTE,26247,Configuration Failure,Warning
268390417,BTS3900,26247,Configuration Failure,Warning
268390451,MICRO BTS3900,26247,Configuration Failure,Minor
268390540,BTS3900 5G,26247,Configuration Failure,Warning
268390526,BTS5900 5G,26247,Configuration Failure,Warning
268390523,BTS5900 WCDMA,26247,Configuration Failure,Warning
125,BTS3900 WCDMA,26247,Configuration Failure,Warning
268390521,BTS5900,26242,Configuration File Damaged,Major
8200,BTS3900 LTE,26242,Configuration File Damaged,Major
268390522,BTS5900 LTE,26242,Configuration File Damaged,Major
268390417,BTS3900,26242,Configuration File Damaged,Major
268390526,BTS5900 5G,26242,Configuration File Damaged,Major
268390540,BTS3900 5G,26242,Configuration File Damaged,Major
268390451,MICRO BTS3900,26242,Configuration File Damaged,Major
268390523,BTS5900 WCDMA,26242,Configuration File Damaged,Major
125,BTS3900 WCDMA,26242,Configuration File Damaged,Major
268390408,BSC6910GSM,22013,Configuration Inconsistency Between Controller and CN,Major
268390409,BSC6910UMTS,22388,Configuration of Service Objects Incomplete,Major
268390417,BTS3900,26761,Configured ALD Subunit Type Inconsistent with the Actual Type,Major
268390521,BTS5900,26761,Configured ALD Subunit Type Inconsistent with the Actual Type,Major
268390522,BTS5900 LTE,26761,Configured ALD Subunit Type Inconsistent with the Actual Type,Major
8200,BTS3900 LTE,26761,Configured ALD Subunit Type Inconsistent with the Actual Type,Major
268390526,BTS5900 5G,26761,Configured ALD Subunit Type Inconsistent with the Actual Type,Major
268390523,BTS5900 WCDMA,26761,Configured ALD Subunit Type Inconsistent with the Actual Type,Major
268390540,BTS3900 5G,26761,Configured ALD Subunit Type Inconsistent with the Actual Type,Major
125,BTS3900 WCDMA,26761,Configured ALD Subunit Type Inconsistent with the Actual Type,Major
268390417,BTS3900,26811,Configured Capacity Limit Exceeding Licensed Limit,Major
268390522,BTS5900 LTE,26811,Configured Capacity Limit Exceeding Licensed Limit,Major
268390521,BTS5900,26811,Configured Capacity Limit Exceeding Licensed Limit,Major
268390451,MICRO BTS3900,26811,Configured Capacity Limit Exceeding Licensed Limit,Major
268390523,BTS5900 WCDMA,26811,Configured Capacity Limit Exceeding Licensed Limit,Major
125,BTS3900 WCDMA,26811,Configured Capacity Limit Exceeding Licensed Limit,Major
8200,BTS3900 LTE,26811,Configured Capacity Limit Exceeding Licensed Limit,Major
268390408,BSC6910GSM,20278,Configured board type inconsistent with the type of the board that is running,Major
268390409,BSC6910UMTS,20278,Configured board type inconsistent with the type of the board that is running,Major
100000,OSS,1081,Connect the infrastructure Failure,Major
100000,OSS,354,Connection Interrupted Between CCE and Device,Major
8200,BTS3900 LTE,25674,Cooler Fault,Major
268390521,BTS5900,25674,Cooler Fault,Major
268390522,BTS5900 LTE,25674,Cooler Fault,Major
268390417,BTS3900,25674,Cooler Fault,Major
268390523,BTS5900 WCDMA,25674,Cooler Fault,Major
268390540,BTS3900 5G,25674,Cooler Fault,Major
268390526,BTS5900 5G,25674,Cooler Fault,Major
125,BTS3900 WCDMA,25674,Cooler Fault,Major
100000,OSS,372,Critical Overtemperature(CPUN Memory),Major
268390408,BSC6910GSM,20210,Current Clock Reference Source of Main Control Board Abnormal,Major
268390409,BSC6910UMTS,20210,Current Clock Reference Source of Main Control Board Abnormal,Major
268390409,BSC6910UMTS,20206,Current System Clock Reference Source Status Abnormal,Major
268390408,BSC6910GSM,20206,Current System Clock Reference Source Status Abnormal,Major
268390408,BSC6910GSM,2170,DBUS Alarm,Minor
8193,GBTS,2170,DBUS Alarm,Minor
268390408,BSC6910GSM,4158,DBUS alarm,Major
8193,GBTS,3108,DBUS alarm,Minor
8193,GBTS,3628,DBUS alarm,Minor
268390408,BSC6910GSM,3628,DBUS alarm,Minor
8193,GBTS,4158,DBUS alarm,Major
268390408,BSC6910GSM,3108,DBUS alarm,Minor
8193,GBTS,5736,DC Lightning Arrester Failure Alarm,Major
268390408,BSC6910GSM,3968,DC Lightning Arrester Failure Alarm,Major
268390408,BSC6910GSM,5736,DC Lightning Arrester Failure Alarm,Major
8193,GBTS,3968,DC Lightning Arrester Failure Alarm,Major
8193,GBTS,2330,DC Lowvoltage Alarm,Major
268390408,BSC6910GSM,2330,DC Lowvoltage Alarm,Major
268390408,BSC6910GSM,5854,DC Lowvoltage Alarm,Major
8193,GBTS,5854,DC Lowvoltage Alarm,Major
268390408,BSC6910GSM,13068,DC Output Abnormal,Critical
8193,GBTS,13068,DC Output Abnormal,Critical
268390408,BSC6910GSM,5996,DC Over Voltage Alarm,Major
8193,GBTS,5706,DC Over Voltage Alarm,Major
8193,GBTS,5996,DC Over Voltage Alarm,Major
268390408,BSC6910GSM,5706,DC Over Voltage Alarm,Major
8193,GBTS,3930,DC Over Voltage alarm,Major
268390408,BSC6910GSM,3930,DC Over Voltage alarm,Major
8193,GBTS,2332,DC Overvoltage Alarm,Major
268390408,BSC6910GSM,2332,DC Overvoltage Alarm,Major
268390408,BSC6910GSM,5856,DC Overvoltage Alarm,Major
8193,GBTS,5856,DC Overvoltage Alarm,Major
268390408,BSC6910GSM,13084,DC Surge Protector Fault,Major
8193,GBTS,13084,DC Surge Protector Fault,Major
8193,GBTS,10798,DC Surge Protector Fault Alarm,Critical
268390408,BSC6910GSM,10798,DC Surge Protector Fault Alarm,Critical
268390408,BSC6910GSM,5998,DC Under Voltage Alarm,Major
8193,GBTS,5708,DC Under Voltage Alarm,Major
268390408,BSC6910GSM,5708,DC Under Voltage Alarm,Major
8193,GBTS,5998,DC Under Voltage Alarm,Major
268390408,BSC6910GSM,3932,DC Under Voltage alarm,Major
8193,GBTS,3932,DC Under Voltage alarm,Major
8193,GBTS,5336,DDPU Type Mismatch Trx Alarm,Major
268390408,BSC6910GSM,5336,DDPU Type Mismatch Trx Alarm,Major
8193,GBTS,6506,DEMU Hardware Failure Alarm,Major
268390408,BSC6910GSM,6506,DEMU Hardware Failure Alarm,Major
268390521,BTS5900,65208,DISJUNTOR CONSUMIDOR,Major
268390521,BTS5900,65209,DISJUNTOR GERAL,Major
8200,BTS3900 LTE,25958,DNS Resolution Failure,Major
268390522,BTS5900 LTE,25958,DNS Resolution Failure,Major
268390417,BTS3900,25958,DNS Resolution Failure,Major
268390526,BTS5900 5G,25958,DNS Resolution Failure,Major
268390521,BTS5900,25958,DNS Resolution Failure,Major
268390451,MICRO BTS3900,25958,DNS Resolution Failure,Major
268390523,BTS5900 WCDMA,25958,DNS Resolution Failure,Major
268390540,BTS3900 5G,25958,DNS Resolution Failure,Major
125,BTS3900 WCDMA,25958,DNS Resolution Failure,Major
268390522,BTS5900 LTE,26403,DPCL Link Communication Failure,Major
268390521,BTS5900,26403,DPCL Link Communication Failure,Major
268390417,BTS3900,26403,DPCL Link Communication Failure,Major
8200,BTS3900 LTE,26403,DPCL Link Communication Failure,Major
268390526,BTS5900 5G,26403,DPCL Link Communication Failure,Major
268390523,BTS5900 WCDMA,26403,DPCL Link Communication Failure,Major
268390540,BTS3900 5G,26403,DPCL Link Communication Failure,Major
125,BTS3900 WCDMA,26403,DPCL Link Communication Failure,Major
8193,GBTS,11364,DPTU board communication alarm,Major
268390408,BSC6910GSM,11364,DPTU board communication alarm,Major
8193,GBTS,11296,DPTU temperature abnormal alarm,Major
268390408,BSC6910GSM,11296,DPTU temperature abnormal alarm,Major
268390522,BTS5900 LTE,26404,DRS Maintenance Link Failure,Major
268390521,BTS5900,26404,DRS Maintenance Link Failure,Major
8200,BTS3900 LTE,26404,DRS Maintenance Link Failure,Major
268390417,BTS3900,26404,DRS Maintenance Link Failure,Major
268390526,BTS5900 5G,26404,DRS Maintenance Link Failure,Major
268390540,BTS3900 5G,26404,DRS Maintenance Link Failure,Major
268390523,BTS5900 WCDMA,26404,DRS Maintenance Link Failure,Major
125,BTS3900 WCDMA,26404,DRS Maintenance Link Failure,Major
268390522,BTS5900 LTE,26570,DRS and DRS Master Module Capability Mismatch,Major
268390521,BTS5900,26570,DRS and DRS Master Module Capability Mismatch,Major
268390417,BTS3900,26570,DRS and DRS Master Module Capability Mismatch,Major
8200,BTS3900 LTE,26570,DRS and DRS Master Module Capability Mismatch,Major
268390526,BTS5900 5G,26570,DRS and DRS Master Module Capability Mismatch,Major
268390523,BTS5900 WCDMA,26570,DRS and DRS Master Module Capability Mismatch,Major
268390540,BTS3900 5G,26570,DRS and DRS Master Module Capability Mismatch,Major
125,BTS3900 WCDMA,26570,DRS and DRS Master Module Capability Mismatch,Major
268390408,BSC6910GSM,3580,DRU Band Mismatch ARFCN alarm,Major
8193,GBTS,3580,DRU Band Mismatch ARFCN alarm,Major
268390408,BSC6910GSM,3654,DRU Clock Critical alarm,Major
8193,GBTS,3654,DRU Clock Critical alarm,Major
268390408,BSC6910GSM,3570,DRU Close Power Amplifier alarm,Major
8193,GBTS,3570,DRU Close Power Amplifier alarm,Major
268390408,BSC6910GSM,3662,DRU Communication alarm,Major
8193,GBTS,3662,DRU Communication alarm,Major
268390408,BSC6910GSM,3574,DRU Configuration alarm,Major
8193,GBTS,3574,DRU Configuration alarm,Major
8193,GBTS,3606,DRU Hardware alarm,Major
268390408,BSC6910GSM,3606,DRU Hardware alarm,Major
8193,GBTS,3596,DRU ID Mismatched Alarm,Warning
268390408,BSC6910GSM,3596,DRU ID Mismatched Alarm,Warning
268390408,BSC6910GSM,3584,DRU Interior I/O alarm,Major
8193,GBTS,3584,DRU Interior I/O alarm,Major
268390408,BSC6910GSM,3576,DRU Processor Running alarm,Major
8193,GBTS,3576,DRU Processor Running alarm,Major
8193,GBTS,3614,DRU Reverse Power alarm,Major
268390408,BSC6910GSM,3614,DRU Reverse Power alarm,Major
268390408,BSC6910GSM,3660,DRU Temperature Critical alarm,Major
8193,GBTS,3660,DRU Temperature Critical alarm,Major
268390408,BSC6910GSM,3664,DRU Temperature alarm,Warning
8193,GBTS,3664,DRU Temperature alarm,Warning
268390408,BSC6910GSM,3582,DRU extended 06 alarm,Warning
8193,GBTS,3582,DRU extended 06 alarm,Warning
268390408,BSC6910GSM,3586,DRU extended 08 alarm,Warning
8193,GBTS,3586,DRU extended 08 alarm,Warning
8193,GBTS,3588,DRU extended 09 alarm,Warning
268390408,BSC6910GSM,3588,DRU extended 09 alarm,Warning
8193,GBTS,3590,DRU extended 0A alarm,Warning
268390408,BSC6910GSM,3590,DRU extended 0A alarm,Warning
8193,GBTS,3600,DRU extended 0F alarm,Warning
268390408,BSC6910GSM,3600,DRU extended 0F alarm,Warning
268390408,BSC6910GSM,3602,DRU extended 10 alarm,Warning
8193,GBTS,3602,DRU extended 10 alarm,Warning
268390408,BSC6910GSM,3604,DRU extended 11 alarm,Warning
8193,GBTS,3604,DRU extended 11 alarm,Warning
268390408,BSC6910GSM,3608,DRU extended 13 alarm,Warning
8193,GBTS,3608,DRU extended 13 alarm,Warning
268390408,BSC6910GSM,3612,DRU extended 15 alarm,Warning
8193,GBTS,3612,DRU extended 15 alarm,Warning
268390408,BSC6910GSM,3616,DRU extended 17 alarm,Warning
8193,GBTS,3616,DRU extended 17 alarm,Warning
268390408,BSC6910GSM,3618,DRU extended 18 alarm,Warning
8193,GBTS,3618,DRU extended 18 alarm,Warning
268390408,BSC6910GSM,3620,DRU extended 19 alarm,Warning
8193,GBTS,3620,DRU extended 19 alarm,Warning
268390408,BSC6910GSM,3622,DRU extended 1A alarm,Warning
8193,GBTS,3622,DRU extended 1A alarm,Warning
268390408,BSC6910GSM,3624,DRU extended 1B alarm,Warning
8193,GBTS,3624,DRU extended 1B alarm,Warning
268390408,BSC6910GSM,3626,DRU extended 1C alarm,Warning
8193,GBTS,3626,DRU extended 1C alarm,Warning
8193,GBTS,3630,DRU extended 1E alarm,Warning
268390408,BSC6910GSM,3630,DRU extended 1E alarm,Warning
8193,GBTS,3632,DRU extended 1F alarm,Warning
268390408,BSC6910GSM,3632,DRU extended 1F alarm,Warning
8193,GBTS,3636,DRU extended 21 alarm,Warning
268390408,BSC6910GSM,3636,DRU extended 21 alarm,Warning
8193,GBTS,3638,DRU extended 22 alarm,Warning
268390408,BSC6910GSM,3638,DRU extended 22 alarm,Warning
8193,GBTS,3642,DRU extended 24 alarm,Warning
268390408,BSC6910GSM,3642,DRU extended 24 alarm,Warning
8193,GBTS,3644,DRU extended 25 alarm,Warning
268390408,BSC6910GSM,3644,DRU extended 25 alarm,Warning
268390408,BSC6910GSM,3650,DRU extended 28 alarm,Warning
8193,GBTS,3650,DRU extended 28 alarm,Warning
268390408,BSC6910GSM,3652,DRU extended 29 alarm,Warning
8193,GBTS,3652,DRU extended 29 alarm,Warning
268390408,BSC6910GSM,3658,DRU extended 2C alarm,Warning
8193,GBTS,3658,DRU extended 2C alarm,Warning
268390408,BSC6910GSM,4762,DSP Version Report Alarm,Warning
8193,GBTS,4762,DSP Version Report Alarm,Warning
268390408,BSC6910GSM,2154,DSP download fail alarm,Major
268390408,BSC6910GSM,4198,DSP download fail alarm,Major
8193,GBTS,4198,DSP download fail alarm,Major
8193,GBTS,2154,DSP download fail alarm,Major
268390408,BSC6910GSM,4806,DTMU Inverse Alarm,Warning
8193,GBTS,4806,DTMU Inverse Alarm,Warning
268390408,BSC6910GSM,5322,DUP Unit Clock Abnormal,Warning
268390408,BSC6910GSM,5320,DUP Unit Clock Abnormal,Major
8193,GBTS,5322,DUP Unit Clock Abnormal,Warning
8193,GBTS,5320,DUP Unit Clock Abnormal,Major
8193,GBTS,5324,DUP Unit Hardware Fault,Major
268390408,BSC6910GSM,5324,DUP Unit Hardware Fault,Major
8193,GBTS,5330,DUP Unit LNA Fault,Major
268390408,BSC6910GSM,5330,DUP Unit LNA Fault,Major
8193,GBTS,5332,DUP Unit Slot Changed Alarm,Major
268390408,BSC6910GSM,5332,DUP Unit Slot Changed Alarm,Major
268390408,BSC6910GSM,5318,DUP Unit Voltage Abnormal,Major
8193,GBTS,5318,DUP Unit Voltage Abnormal,Major
8193,GBTS,9750,Damp alarm,Major
268390408,BSC6910GSM,9750,Damp alarm,Major
100000,OSS,790,Data Channel Abnormal,Major
268390522,BTS5900 LTE,26819,Data Configuration Exceeding Licensed Limit,Major
268390521,BTS5900,26819,Data Configuration Exceeding Licensed Limit,Major
268390417,BTS3900,26819,Data Configuration Exceeding Licensed Limit,Major
268390523,BTS5900 WCDMA,26819,Data Configuration Exceeding Licensed Limit,Major
268390526,BTS5900 5G,26819,Data Configuration Exceeding Licensed Limit,Major
268390451,MICRO BTS3900,26819,Data Configuration Exceeding Licensed Limit,Major
268390540,BTS3900 5G,26819,Data Configuration Exceeding Licensed Limit,Major
125,BTS3900 WCDMA,26819,Data Configuration Exceeding Licensed Limit,Major
8200,BTS3900 LTE,26819,Data Configuration Exceeding Licensed Limit,Major
268390408,BSC6910GSM,20736,Data Inconsistency Between OMU and Host,Major
268390409,BSC6910UMTS,20736,Data Inconsistency Between OMU and Host,Major
100000,OSS,792,Data Processing Failure,Major
100000,OSS,650024,Data Store Usage Exceeds the Threshold,Critical
100000,OSS,1075,Data Synchronization Failed for the Offline Remote HA System,Major
100000,OSS,101218,Database Application Scheduled Backup Failure,Critical
100000,OSS,103607,Database Connections to Be Used Up,Major
100000,OSS,650007,Database Data Synchronization Between Active and Standby VRM Nodes Failed,Critical
100000,OSS,650025,Database Space Is Going to Be Insufficient,Major
100000,OSS,1073,Database Table or Index Is Corrupted,Major
100000,OSS,103709,Database User Locked,Major
100000,OSS,103710,Database User Password Expired,Major
100000,OSS,101211,Database instance failover occurred,Major
100000,OSS,100503,Deployment Region Connectivity Test Failed,Major
125,BTS3900 WCDMA,25730,Device Object Configuration Conflict,Minor
268390521,BTS5900,25730,Device Object Configuration Conflict,Minor
268390417,BTS3900,25730,Device Object Configuration Conflict,Minor
268390522,BTS5900 LTE,25730,Device Object Configuration Conflict,Minor
8200,BTS3900 LTE,25730,Device Object Configuration Conflict,Minor
268390523,BTS5900 WCDMA,25730,Device Object Configuration Conflict,Minor
268390526,BTS5900 5G,25730,Device Object Configuration Conflict,Minor
268390540,BTS3900 5G,25730,Device Object Configuration Conflict,Minor
268390408,BSC6910GSM,25730,Device Object Configuration Conflict,Minor
8193,GBTS,25730,Device Object Configuration Conflict,Minor
100000,OSS,370,Device Removed (FANN F/R Presence),Major
268390408,BSC6910GSM,6060,Diesel Engine Failure Alarm,Major
8193,GBTS,6060,Diesel Engine Failure Alarm,Major
268390522,BTS5900 LTE,25695,Diesel Generator Fault,Major
268390521,BTS5900,25695,Diesel Generator Fault,Major
268390417,BTS3900,25695,Diesel Generator Fault,Major
8200,BTS3900 LTE,25695,Diesel Generator Fault,Major
268390523,BTS5900 WCDMA,25695,Diesel Generator Fault,Major
268390526,BTS5900 5G,25695,Diesel Generator Fault,Major
268390540,BTS3900 5G,25695,Diesel Generator Fault,Major
125,BTS3900 WCDMA,25695,Diesel Generator Fault,Major
268390417,BTS3900,25696,Diesel Generator Low Fuel,Major
8200,BTS3900 LTE,25696,Diesel Generator Low Fuel,Major
268390522,BTS5900 LTE,25696,Diesel Generator Low Fuel,Major
268390521,BTS5900,25696,Diesel Generator Low Fuel,Major
268390523,BTS5900 WCDMA,25696,Diesel Generator Low Fuel,Major
268390526,BTS5900 5G,25696,Diesel Generator Low Fuel,Major
268390540,BTS3900 5G,25696,Diesel Generator Low Fuel,Major
125,BTS3900 WCDMA,25696,Diesel Generator Low Fuel,Major
8193,GBTS,25696,Diesel Generator Low Fuel,Major
268390408,BSC6910GSM,25696,Diesel Generator Low Fuel,Major
8200,BTS3900 LTE,25697,Diesel Generator Startup Failure,Major
268390417,BTS3900,25697,Diesel Generator Startup Failure,Major
268390522,BTS5900 LTE,25697,Diesel Generator Startup Failure,Major
268390521,BTS5900,25697,Diesel Generator Startup Failure,Major
268390523,BTS5900 WCDMA,25697,Diesel Generator Startup Failure,Major
268390526,BTS5900 5G,25697,Diesel Generator Startup Failure,Major
268390540,BTS3900 5G,25697,Diesel Generator Startup Failure,Major
8193,GBTS,25697,Diesel Generator Startup Failure,Major
268390408,BSC6910GSM,25697,Diesel Generator Startup Failure,Major
125,BTS3900 WCDMA,25697,Diesel Generator Startup Failure,Major
268390409,BSC6910UMTS,20851,"Digital Certificate Loss, Expiry, or Damage",Major
268390408,BSC6910GSM,20851,"Digital Certificate Loss, Expiry, or Damage",Major
268390409,BSC6910UMTS,20850,Digital Certificate Will Be out of Valid Time,Major
268390408,BSC6910GSM,20850,Digital Certificate Will Be out of Valid Time,Major
100000,OSS,103405,Disk Index Nodes for HOFS About to Be Insufficient,Major
8193,GBTS,2190,Diversity Receive Channel Alarm,Warning
268390408,BSC6910GSM,2190,Diversity Receive Channel Alarm,Warning
8193,GBTS,3128,Diversity Receive Channel alarm,Warning
268390408,BSC6910GSM,3648,Diversity Receive Channel alarm,Warning
268390408,BSC6910GSM,3128,Diversity Receive Channel alarm,Warning
8193,GBTS,3648,Diversity Receive Channel alarm,Warning
268390408,BSC6910GSM,4178,Diversity receive channel alarm,Warning
8193,GBTS,4178,Diversity receive channel alarm,Warning
100000,OSS,51027,Documents Overload,Minor
8193,GBTS,5726,Door Alarm,Major
268390408,BSC6910GSM,3954,Door Alarm,Major
268390408,BSC6910GSM,10794,Door Alarm,Critical
268390408,BSC6910GSM,5726,Door Alarm,Major
8193,GBTS,10794,Door Alarm,Critical
8193,GBTS,6020,Door Alarm,Major
268390408,BSC6910GSM,6020,Door Alarm,Major
8193,GBTS,3954,Door Alarm,Major
268390408,BSC6910GSM,6510,Door Open Alarm,Major
8193,GBTS,6510,Door Open Alarm,Major
268390408,BSC6910GSM,9756,Door alarm,Major
8193,GBTS,9756,Door alarm,Major
268390409,BSC6910UMTS,22286,Downlink Adaptive Band-Pass Filter Optimization Fault,Warning
8193,GBTS,3446,Downlink alarm,Major
268390408,BSC6910GSM,3446,Downlink alarm,Major
268390408,BSC6910GSM,4228,Dry Contact 1 Alarm,Warning
8193,GBTS,4228,Dry Contact 1 Alarm,Warning
268390408,BSC6910GSM,4230,Dry Contact 2 Alarm,Warning
8193,GBTS,4230,Dry Contact 2 Alarm,Warning
100000,OSS,310,Dual Homing Virtual Node Dual Activation,Major
268390521,BTS5900,26405,Dual Network Primary/Backup Inconsistency,Minor
125,BTS3900 WCDMA,26405,Dual Network Primary/Backup Inconsistency,Minor
268390522,BTS5900 LTE,26405,Dual Network Primary/Backup Inconsistency,Minor
8200,BTS3900 LTE,26405,Dual Network Primary/Backup Inconsistency,Minor
268390523,BTS5900 WCDMA,26405,Dual Network Primary/Backup Inconsistency,Minor
268390417,BTS3900,26405,Dual Network Primary/Backup Inconsistency,Minor
268390409,BSC6910UMTS,22235,Dual-Homed NodeB Configuration Incorrect,Major
268390409,BSC6910UMTS,22236,Dual-Homed NodeB Control Rights Inconsistency,Minor
268390408,BSC6910GSM,2454,E1 Inboard Alarm,Major
8193,GBTS,2454,E1 Inboard Alarm,Major
8193,GBTS,2214,E1 Local Alarm,Major
268390408,BSC6910GSM,2214,E1 Local Alarm,Major
8193,GBTS,3152,E1 Local alarm,Major
268390408,BSC6910GSM,3672,E1 Local alarm,Major
268390408,BSC6910GSM,3152,E1 Local alarm,Major
8193,GBTS,3672,E1 Local alarm,Major
268390408,BSC6910GSM,2452,E1 Outboard Alarm,Major
8193,GBTS,2452,E1 Outboard Alarm,Major
268390408,BSC6910GSM,2216,E1 Remote Alarm,Minor
8193,GBTS,2216,E1 Remote Alarm,Minor
8193,GBTS,2210,E1 Remote Loop Test Alarm,Warning
268390408,BSC6910GSM,2210,E1 Remote Loop Test Alarm,Warning
8193,GBTS,3148,E1 Remote Loop Test alarm,Warning
268390408,BSC6910GSM,3148,E1 Remote Loop Test alarm,Warning
8193,GBTS,3154,E1 Remote alarm,Minor
268390408,BSC6910GSM,3674,E1 Remote alarm,Minor
268390408,BSC6910GSM,3154,E1 Remote alarm,Minor
8193,GBTS,3674,E1 Remote alarm,Minor
8200,BTS3900 LTE,25801,E1/T1 Alarm Indication Signal,Major
268390522,BTS5900 LTE,25801,E1/T1 Alarm Indication Signal,Major
268390417,BTS3900,25801,E1/T1 Alarm Indication Signal,Major
268390521,BTS5900,25801,E1/T1 Alarm Indication Signal,Major
125,BTS3900 WCDMA,25801,E1/T1 Alarm Indication Signal,Major
268390523,BTS5900 WCDMA,25801,E1/T1 Alarm Indication Signal,Major
268390408,BSC6910GSM,25801,E1/T1 Alarm Indication Signal,Major
8193,GBTS,25801,E1/T1 Alarm Indication Signal,Major
268390417,BTS3900,25806,E1/T1 Excessive Bit Error Rate,Minor
8200,BTS3900 LTE,25806,E1/T1 Excessive Bit Error Rate,Minor
268390521,BTS5900,25806,E1/T1 Excessive Bit Error Rate,Minor
268390522,BTS5900 LTE,25806,E1/T1 Excessive Bit Error Rate,Minor
125,BTS3900 WCDMA,25806,E1/T1 Excessive Bit Error Rate,Minor
268390523,BTS5900 WCDMA,25806,E1/T1 Excessive Bit Error Rate,Minor
268390408,BSC6910GSM,25806,E1/T1 Excessive Bit Error Rate,Minor
8193,GBTS,25806,E1/T1 Excessive Bit Error Rate,Minor
125,BTS3900 WCDMA,25805,E1/T1 Excessive Slip Frames,Minor
8200,BTS3900 LTE,25805,E1/T1 Excessive Slip Frames,Minor
268390521,BTS5900,25805,E1/T1 Excessive Slip Frames,Minor
268390522,BTS5900 LTE,25805,E1/T1 Excessive Slip Frames,Minor
268390417,BTS3900,25805,E1/T1 Excessive Slip Frames,Minor
268390523,BTS5900 WCDMA,25805,E1/T1 Excessive Slip Frames,Minor
268390408,BSC6910GSM,25805,E1/T1 Excessive Slip Frames,Minor
8193,GBTS,25805,E1/T1 Excessive Slip Frames,Minor
268390408,BSC6910GSM,7514,E1/T1 Inboard Alarm,Major
8193,GBTS,7514,E1/T1 Inboard Alarm,Major
268390408,BSC6910GSM,4714,E1/T1 Local Alarm,Major
8193,GBTS,11278,E1/T1 Local Alarm,Major
8193,GBTS,4714,E1/T1 Local Alarm,Major
268390408,BSC6910GSM,11278,E1/T1 Local Alarm,Major
268390408,BSC6910GSM,12846,E1/T1 Local Failure Alarm,Major
8193,GBTS,12846,E1/T1 Local Failure Alarm,Major
268390522,BTS5900 LTE,25807,E1/T1 Loopback,Minor
125,BTS3900 WCDMA,25807,E1/T1 Loopback,Minor
8200,BTS3900 LTE,25807,E1/T1 Loopback,Minor
268390417,BTS3900,25807,E1/T1 Loopback,Minor
268390521,BTS5900,25807,E1/T1 Loopback,Minor
268390523,BTS5900 WCDMA,25807,E1/T1 Loopback,Minor
8193,GBTS,25807,E1/T1 Loopback,Minor
268390408,BSC6910GSM,25807,E1/T1 Loopback,Minor
8200,BTS3900 LTE,25803,E1/T1 Loss of Frame Alignment,Major
268390522,BTS5900 LTE,25803,E1/T1 Loss of Frame Alignment,Major
125,BTS3900 WCDMA,25803,E1/T1 Loss of Frame Alignment,Major
268390521,BTS5900,25803,E1/T1 Loss of Frame Alignment,Major
268390417,BTS3900,25803,E1/T1 Loss of Frame Alignment,Major
268390523,BTS5900 WCDMA,25803,E1/T1 Loss of Frame Alignment,Major
8193,GBTS,25803,E1/T1 Loss of Frame Alignment,Major
268390408,BSC6910GSM,25803,E1/T1 Loss of Frame Alignment,Major
8200,BTS3900 LTE,25804,E1/T1 Loss of Multiframe Alignment,Minor
268390521,BTS5900,25804,E1/T1 Loss of Multiframe Alignment,Minor
268390417,BTS3900,25804,E1/T1 Loss of Multiframe Alignment,Minor
125,BTS3900 WCDMA,25804,E1/T1 Loss of Multiframe Alignment,Minor
268390522,BTS5900 LTE,25804,E1/T1 Loss of Multiframe Alignment,Minor
268390523,BTS5900 WCDMA,25804,E1/T1 Loss of Multiframe Alignment,Minor
8193,GBTS,25804,E1/T1 Loss of Multiframe Alignment,Minor
268390408,BSC6910GSM,25804,E1/T1 Loss of Multiframe Alignment,Minor
125,BTS3900 WCDMA,25800,E1/T1 Loss of Signal,Major
268390417,BTS3900,25800,E1/T1 Loss of Signal,Major
8200,BTS3900 LTE,25800,E1/T1 Loss of Signal,Major
268390521,BTS5900,25800,E1/T1 Loss of Signal,Major
268390522,BTS5900 LTE,25800,E1/T1 Loss of Signal,Major
268390523,BTS5900 WCDMA,25800,E1/T1 Loss of Signal,Major
268390408,BSC6910GSM,25800,E1/T1 Loss of Signal,Major
8193,GBTS,25800,E1/T1 Loss of Signal,Major
268390408,BSC6910GSM,7512,E1/T1 Outboard Alarm,Major
8193,GBTS,7512,E1/T1 Outboard Alarm,Major
268390408,BSC6910GSM,4836,E1/T1 Port Illegal Alarm,Major
8193,GBTS,4836,E1/T1 Port Illegal Alarm,Major
268390408,BSC6910GSM,4716,E1/T1 Remote Alarm,Minor
8193,GBTS,4716,E1/T1 Remote Alarm,Minor
125,BTS3900 WCDMA,25802,E1/T1 Remote Alarm Indication Signal,Minor
268390417,BTS3900,25802,E1/T1 Remote Alarm Indication Signal,Minor
268390522,BTS5900 LTE,25802,E1/T1 Remote Alarm Indication Signal,Minor
8200,BTS3900 LTE,25802,E1/T1 Remote Alarm Indication Signal,Minor
268390521,BTS5900,25802,E1/T1 Remote Alarm Indication Signal,Minor
268390523,BTS5900 WCDMA,25802,E1/T1 Remote Alarm Indication Signal,Minor
8193,GBTS,25802,E1/T1 Remote Alarm Indication Signal,Minor
268390408,BSC6910GSM,25802,E1/T1 Remote Alarm Indication Signal,Minor
268390408,BSC6910GSM,12848,E1/T1 Remote Failure Alarm,Major
8193,GBTS,12848,E1/T1 Remote Failure Alarm,Major
268390408,BSC6910GSM,4710,E1/T1 Remote Loop Test Alarm,Warning
8193,GBTS,4710,E1/T1 Remote Loop Test Alarm,Warning
268390408,BSC6910GSM,11280,E1/T1 remote alarm,Major
8193,GBTS,11280,E1/T1 remote alarm,Major
100000,OSS,103727,"E9000H-2 Board ID Error (Mainboard, Major Alarm)",Major
100000,OSS,103728,"E9000H-2 Board Not Firmly Seated (Mainboard, Major Alarm)",Major
100000,OSS,103712,"E9000H-2 CPU Board Clock Lost (CPU Board, Major Alarm)",Major
100000,OSS,103715,"E9000H-2 CPU Overtemperature Will Trigger CPU Underclocking (CPU, Major Alarm)",Major
100000,OSS,103714,"E9000H-2 CPUs Mismatch (System, Critical Alarm)",Critical
100000,OSS,103717,"E9000H-2 Failed to Access the I2C Device (Mainboard, Major Alarm)",Major
100000,OSS,103731,"E9000H-2 Fan removed (Fan, Major Alarm)",Major
100000,OSS,103742,"E9000H-2 File System Read-Only (System, Major Alarm)",Major
100000,OSS,103735,"E9000H-2 Forced System Power Cycle Due to Watchdog Timeout (System, Major Alarm)",Major
100000,OSS,103757,"E9000H-2 Hard Disk Fault (Disk, Major Alarm)",Major
100000,OSS,103756,"E9000H-2 Hard Disk Lost (Disk, Major Alarm)",Major
100000,OSS,103729,"E9000H-2 Incorrect Hardware Address (Mainboard, Major Alarm)",Major
100000,OSS,103726,"E9000H-2 Incorrect Slot Number (Mainboard, Major Alarm)",Major
100000,OSS,103734,"E9000H-2 Information Synchronization Channel Fault (Chassis, Major)",Major
100000,OSS,103724,"E9000H-2 LOM MCE/AER Error (Mainboard, Critical Alarm)",Critical
100000,OSS,103718,"E9000H-2 LSW Inter-Board Link Aggregation Group Fault (Mainboard, Major)",Major
100000,OSS,103732,"E9000H-2 Large Fan Speed Difference (Fan, Major Alarm)",Major
100000,OSS,103758,"E9000H-2 Low Hard Drive Endurance Rate (Disk, Major Alarm)",Major
100000,OSS,103760,"E9000H-2 Low Voltage in Mainboard RTC Battery (Mainboard, Major Alarm)",Major
100000,OSS,103759,"E9000H-2 Mainboard CPLD Self-Check Failed (Mainboard, Major Alarm)",Major
100000,OSS,103762,"E9000H-2 Mainboard Clock Signal Lost (Mainboard, Major Alarm)",Major
100000,OSS,103764,"E9000H-2 Mainboard Overvoltage (Mainboard, Major Alarm)",Major
100000,OSS,103761,"E9000H-2 Mainboard Power Supply Failure (Mainboard, Major Alarm)",Major
100000,OSS,103763,"E9000H-2 Mainboard Undervoltage (Mainboard, Major Alarm)",Major
100000,OSS,103713,"E9000H-2 Memory Configuration Error (System, Critical Alarm)",Critical
100000,OSS,103716,"E9000H-2 Memory Overtemperature (Memory, Major Alarm)",Major
100000,OSS,103736,"E9000H-2 Memory Overtemperature (Memory, Major Alarm)",Major
100000,OSS,103754,"E9000H-2 No Memory Available (System, Critical Alarm)",Critical
100000,OSS,103749,"E9000H-2 No Memory Detected During POST (System, Critical Alarm)",Critical
100000,OSS,103739,"E9000H-2 Optical Module Power Abnormal (Port, Major Alarm)",Major
100000,OSS,103741,"E9000H-2 Optical Module Speed Mismatches NIC Speed (Port, Major Alarm)",Major
100000,OSS,103740,"E9000H-2 Optical Module Voltage Abnormal (Port, Major Alarm)",Major
100000,OSS,103725,"E9000H-2 PCIe Card MCE/AER Fault (PCIe Card, Critical Alarm)",Critical
100000,OSS,103719,"E9000H-2 PCIe Card Power Fault (PCIe Card, Major Alarm)",Major
100000,OSS,103720,"E9000H-2 PS/2 or USB Keyboard Controller Fault (Mainboard, Critical Alarm)",Critical
100000,OSS,103730,"E9000H-2 PSU Removed (PSU, Major Alarm)",Major
100000,OSS,103737,"E9000H-2 Power-On Timed Out (System, Major Alarm)",Major
100000,OSS,103723,"E9000H-2 Secure boot failed (System, Critical Alarm)",Critical
100000,OSS,103755,"E9000H-2 Server Powered Off (System, Major Alarm)",Major
100000,OSS,103733,"E9000H-2 Soft-Start Circuit Undervoltage (Mainboard, Major Alarm)",Major
100000,OSS,103722,"E9000H-2 Standby 1.1 V Overvoltage (Mainboard, Major Alarm)",Major
100000,OSS,103721,"E9000H-2 Standby 1.1 V Undervoltage (Mainboard, Major Alarm)",Major
100000,OSS,103751,"E9000H-2 Standby 12 V Overvoltage (Mainboard, Major Alarm)",Major
100000,OSS,103750,"E9000H-2 Standby 12 V Undervoltage (Mainboard, Major Alarm)",Major
100000,OSS,103744,"E9000H-2 System 12 V Overvoltage (Mainboard, Major Alarm)",Major
100000,OSS,103743,"E9000H-2 System 12 V Undervoltage (Mainboard, Major Alarm)",Major
100000,OSS,103746,"E9000H-2 System 3.3 V Overvoltage (Mainboard, Major Alarm)",Major
100000,OSS,103745,"E9000H-2 System 3.3 V Undervoltage (Mainboard, Major Alarm)",Major
100000,OSS,103748,"E9000H-2 System 5 V Overvoltage (Mainboard, Major Alarm)",Major
100000,OSS,103747,"E9000H-2 System 5 V Undervoltage (Mainboard, Major Alarm)",Major
100000,OSS,103752,"E9000H-2 System Error (System, Critical Alarm)",Critical
100000,OSS,103753,"E9000H-2 System Start Interrupt (System, Critical Alarm)",Critical
100000,OSS,103738,"E9000H-2 Video Controller Fault (Mainboard, Critical Alarm)",Critical
8193,GBTS,3842,EAC Communication Alarm,Major
268390408,BSC6910GSM,2384,EAC Communication Alarm,Major
268390408,BSC6910GSM,3842,EAC Communication Alarm,Major
8193,GBTS,2384,EAC Communication Alarm,Major
268390408,BSC6910GSM,5092,EAC Extended F0 Alarm,Warning
8193,GBTS,2592,EAC Extended F0 Alarm,Warning
268390408,BSC6910GSM,2592,EAC Extended F0 Alarm,Warning
8193,GBTS,5092,EAC Extended F0 Alarm,Warning
268390408,BSC6910GSM,5094,EAC Extended F1 Alarm,Warning
8193,GBTS,2594,EAC Extended F1 Alarm,Warning
268390408,BSC6910GSM,2594,EAC Extended F1 Alarm,Warning
8193,GBTS,5094,EAC Extended F1 Alarm,Warning
268390408,BSC6910GSM,5096,EAC Extended F2 Alarm,Warning
8193,GBTS,5096,EAC Extended F2 Alarm,Warning
268390408,BSC6910GSM,5098,EAC Extended F3 Alarm,Warning
268390408,BSC6910GSM,2598,EAC Extended F3 Alarm,Warning
8193,GBTS,2598,EAC Extended F3 Alarm,Warning
8193,GBTS,5098,EAC Extended F3 Alarm,Warning
268390408,BSC6910GSM,5100,EAC Extended F4 Alarm,Warning
268390408,BSC6910GSM,2600,EAC Extended F4 Alarm,Warning
8193,GBTS,2600,EAC Extended F4 Alarm,Warning
8193,GBTS,5100,EAC Extended F4 Alarm,Warning
268390408,BSC6910GSM,5102,EAC Extended F5 Alarm,Warning
268390408,BSC6910GSM,2602,EAC Extended F5 Alarm,Warning
8193,GBTS,5102,EAC Extended F5 Alarm,Warning
8193,GBTS,2602,EAC Extended F5 Alarm,Warning
268390408,BSC6910GSM,5104,EAC Extended F6 Alarm,Warning
268390408,BSC6910GSM,2604,EAC Extended F6 Alarm,Warning
8193,GBTS,2596,EAC Extended F6 Alarm,Warning
8193,GBTS,2604,EAC Extended F6 Alarm,Warning
8193,GBTS,5104,EAC Extended F6 Alarm,Warning
268390408,BSC6910GSM,2596,EAC Extended F6 Alarm,Warning
268390408,BSC6910GSM,5106,EAC Extended F7 Alarm,Warning
268390408,BSC6910GSM,2606,EAC Extended F7 Alarm,Warning
8193,GBTS,2606,EAC Extended F7 Alarm,Warning
8193,GBTS,5106,EAC Extended F7 Alarm,Warning
268390408,BSC6910GSM,5108,EAC Extended F8 Alarm,Warning
268390408,BSC6910GSM,2608,EAC Extended F8 Alarm,Warning
8193,GBTS,2608,EAC Extended F8 Alarm,Warning
8193,GBTS,5108,EAC Extended F8 Alarm,Warning
268390408,BSC6910GSM,5110,EAC Extended F9 Alarm,Warning
268390408,BSC6910GSM,2610,EAC Extended F9 Alarm,Warning
8193,GBTS,2610,EAC Extended F9 Alarm,Warning
8193,GBTS,5110,EAC Extended F9 Alarm,Warning
268390408,BSC6910GSM,5112,EAC Extended FA Alarm,Warning
268390408,BSC6910GSM,2612,EAC Extended FA Alarm,Warning
8193,GBTS,2612,EAC Extended FA Alarm,Warning
8193,GBTS,5112,EAC Extended FA Alarm,Warning
268390408,BSC6910GSM,2614,EAC Extended FB Alarm,Warning
268390408,BSC6910GSM,5114,EAC Extended FB Alarm,Warning
8193,GBTS,2614,EAC Extended FB Alarm,Warning
8193,GBTS,5114,EAC Extended FB Alarm,Warning
268390408,BSC6910GSM,5116,EAC Extended FC Alarm,Warning
268390408,BSC6910GSM,2616,EAC Extended FC Alarm,Warning
8193,GBTS,2616,EAC Extended FC Alarm,Warning
8193,GBTS,5116,EAC Extended FC Alarm,Warning
268390408,BSC6910GSM,5118,EAC Extended FD Alarm,Warning
8193,GBTS,5118,EAC Extended FD Alarm,Warning
268390408,BSC6910GSM,2618,EAC Extended FD Alarm,Warning
8193,GBTS,2618,EAC Extended FD Alarm,Warning
268390408,BSC6910GSM,5120,EAC Extended FE Alarm,Warning
268390408,BSC6910GSM,2620,EAC Extended FE Alarm,Warning
8193,GBTS,5120,EAC Extended FE Alarm,Warning
8193,GBTS,2620,EAC Extended FE Alarm,Warning
8193,GBTS,3844,EAC extended 89 alarm,Warning
268390408,BSC6910GSM,3844,EAC extended 89 alarm,Warning
8193,GBTS,3846,EAC extended 8A alarm,Warning
268390408,BSC6910GSM,3846,EAC extended 8A alarm,Warning
8193,GBTS,3848,EAC extended 8B alarm,Warning
268390408,BSC6910GSM,3848,EAC extended 8B alarm,Warning
8193,GBTS,3850,EAC extended 8C alarm,Warning
268390408,BSC6910GSM,3850,EAC extended 8C alarm,Warning
8193,GBTS,3852,EAC extended 8D alarm,Warning
268390408,BSC6910GSM,3852,EAC extended 8D alarm,Warning
8193,GBTS,3854,EAC extended 8E alarm,Warning
268390408,BSC6910GSM,3854,EAC extended 8E alarm,Warning
8193,GBTS,3856,EAC extended 8F alarm,Warning
268390408,BSC6910GSM,3856,EAC extended 8F alarm,Warning
8193,GBTS,3858,EAC extended 90 alarm,Warning
268390408,BSC6910GSM,3858,EAC extended 90 alarm,Warning
8193,GBTS,3880,EAC extended 9B alarm,Warning
268390408,BSC6910GSM,3880,EAC extended 9B alarm,Warning
8193,GBTS,3882,EAC extended 9C alarm,Warning
268390408,BSC6910GSM,3882,EAC extended 9C alarm,Warning
8193,GBTS,3884,EAC extended 9D alarm,Warning
268390408,BSC6910GSM,3884,EAC extended 9D alarm,Warning
8193,GBTS,3886,EAC extended 9E alarm,Warning
268390408,BSC6910GSM,3886,EAC extended 9E alarm,Warning
8193,GBTS,3888,EAC extended 9F alarm,Warning
268390408,BSC6910GSM,3888,EAC extended 9F alarm,Warning
8193,GBTS,2622,EAC extended FF alarm,Warning
268390408,BSC6910GSM,2622,EAC extended FF alarm,Warning
8193,GBTS,2296,EDU LNA Alarm,Minor
268390408,BSC6910GSM,5308,EDU LNA Alarm,Minor
8193,GBTS,5308,EDU LNA Alarm,Minor
268390408,BSC6910GSM,2296,EDU LNA Alarm,Minor
8193,GBTS,2298,EDU TTA Alarm,Minor
268390408,BSC6910GSM,5310,EDU TTA Alarm,Minor
8193,GBTS,5310,EDU TTA Alarm,Minor
268390408,BSC6910GSM,2298,EDU TTA Alarm,Minor
8193,GBTS,2292,EDU VSWR Alarm,Minor
268390408,BSC6910GSM,5304,EDU VSWR Alarm,Minor
8193,GBTS,5304,EDU VSWR Alarm,Minor
268390408,BSC6910GSM,2292,EDU VSWR Alarm,Minor
8193,GBTS,2294,EDU VSWR Critical Alarm,Major
268390408,BSC6910GSM,5306,EDU VSWR Critical Alarm,Major
8193,GBTS,5306,EDU VSWR Critical Alarm,Major
268390408,BSC6910GSM,2294,EDU VSWR Critical Alarm,Major
268390408,BSC6910GSM,2364,EMU Failure Alarm,Major
268390408,BSC6910GSM,5888,EMU Failure Alarm,Major
8193,GBTS,5888,EMU Failure Alarm,Major
8193,GBTS,2364,EMU Failure Alarm,Major
8193,GBTS,13112,EMU boolean 1 alarm,Warning
268390408,BSC6910GSM,13112,EMU boolean 1 alarm,Warning
8193,GBTS,13130,EMU boolean 10 alarm,Warning
268390408,BSC6910GSM,13130,EMU boolean 10 alarm,Warning
8193,GBTS,13132,EMU boolean 11 alarm,Warning
268390408,BSC6910GSM,13132,EMU boolean 11 alarm,Warning
8193,GBTS,13134,EMU boolean 12 alarm,Warning
268390408,BSC6910GSM,13134,EMU boolean 12 alarm,Warning
8193,GBTS,13136,EMU boolean 13 alarm,Warning
268390408,BSC6910GSM,13136,EMU boolean 13 alarm,Warning
8193,GBTS,13138,EMU boolean 14 alarm,Warning
268390408,BSC6910GSM,13138,EMU boolean 14 alarm,Warning
8193,GBTS,13140,EMU boolean 15 alarm,Warning
268390408,BSC6910GSM,13140,EMU boolean 15 alarm,Warning
8193,GBTS,13142,EMU boolean 16 alarm,Warning
268390408,BSC6910GSM,13142,EMU boolean 16 alarm,Warning
8193,GBTS,13144,EMU boolean 17 alarm,Warning
268390408,BSC6910GSM,13144,EMU boolean 17 alarm,Warning
8193,GBTS,13146,EMU boolean 18 alarm,Warning
268390408,BSC6910GSM,13146,EMU boolean 18 alarm,Warning
8193,GBTS,13148,EMU boolean 19 alarm,Warning
268390408,BSC6910GSM,13148,EMU boolean 19 alarm,Warning
8193,GBTS,13114,EMU boolean 2 alarm,Warning
268390408,BSC6910GSM,13114,EMU boolean 2 alarm,Warning
8193,GBTS,13150,EMU boolean 20 alarm,Warning
268390408,BSC6910GSM,13150,EMU boolean 20 alarm,Warning
8193,GBTS,13152,EMU boolean 21 alarm,Warning
268390408,BSC6910GSM,13152,EMU boolean 21 alarm,Warning
8193,GBTS,13154,EMU boolean 22 alarm,Warning
268390408,BSC6910GSM,13154,EMU boolean 22 alarm,Warning
8193,GBTS,13156,EMU boolean 23 alarm,Warning
268390408,BSC6910GSM,13156,EMU boolean 23 alarm,Warning
8193,GBTS,13158,EMU boolean 24 alarm,Warning
268390408,BSC6910GSM,13158,EMU boolean 24 alarm,Warning
8193,GBTS,13160,EMU boolean 25 alarm,Warning
268390408,BSC6910GSM,13160,EMU boolean 25 alarm,Warning
8193,GBTS,13162,EMU boolean 26 alarm,Warning
268390408,BSC6910GSM,13162,EMU boolean 26 alarm,Warning
8193,GBTS,13164,EMU boolean 27 alarm,Warning
268390408,BSC6910GSM,13164,EMU boolean 27 alarm,Warning
8193,GBTS,13166,EMU boolean 28 alarm,Warning
268390408,BSC6910GSM,13166,EMU boolean 28 alarm,Warning
8193,GBTS,13168,EMU boolean 29 alarm,Warning
268390408,BSC6910GSM,13168,EMU boolean 29 alarm,Warning
8193,GBTS,13116,EMU boolean 3 alarm,Warning
268390408,BSC6910GSM,13116,EMU boolean 3 alarm,Warning
8193,GBTS,13170,EMU boolean 30 alarm,Warning
268390408,BSC6910GSM,13170,EMU boolean 30 alarm,Warning
8193,GBTS,13172,EMU boolean 31 alarm,Warning
268390408,BSC6910GSM,13172,EMU boolean 31 alarm,Warning
8193,GBTS,13174,EMU boolean 32 alarm,Warning
268390408,BSC6910GSM,13174,EMU boolean 32 alarm,Warning
8193,GBTS,13118,EMU boolean 4 alarm,Warning
268390408,BSC6910GSM,13118,EMU boolean 4 alarm,Warning
8193,GBTS,13120,EMU boolean 5 alarm,Warning
268390408,BSC6910GSM,13120,EMU boolean 5 alarm,Warning
8193,GBTS,13122,EMU boolean 6 alarm,Warning
268390408,BSC6910GSM,13122,EMU boolean 6 alarm,Warning
8193,GBTS,13124,EMU boolean 7 alarm,Warning
268390408,BSC6910GSM,13124,EMU boolean 7 alarm,Warning
8193,GBTS,13126,EMU boolean 8 alarm,Warning
268390408,BSC6910GSM,13126,EMU boolean 8 alarm,Warning
8193,GBTS,13128,EMU boolean 9 alarm,Warning
268390408,BSC6910GSM,13128,EMU boolean 9 alarm,Warning
8193,GBTS,9678,EPLD Total Loaded Times Alarm,Warning
8193,GBTS,2570,EPLD Total Loaded Times Alarm,Warning
268390408,BSC6910GSM,2570,EPLD Total Loaded Times Alarm,Warning
268390408,BSC6910GSM,9678,EPLD Total Loaded Times Alarm,Warning
268390408,BSC6910GSM,3066,EPLD Total Loaded Times alarm,Warning
8193,GBTS,3066,EPLD Total Loaded Times alarm,Warning
268390408,BSC6910GSM,3068,EPLD Upgrade Fail alarm,Warning
8193,GBTS,3068,EPLD Upgrade Fail alarm,Warning
268390408,BSC6910GSM,2572,EPLD Upgrading Fail Alarm,Warning
8193,GBTS,2572,EPLD Upgrading Fail Alarm,Warning
268390408,BSC6910GSM,9680,EPLD upgrading fail alarm,Warning
8193,GBTS,9680,EPLD upgrading fail alarm,Warning
8193,GBTS,21805,ESL Link Fault,Major
268390408,BSC6910GSM,21805,ESL Link Fault,Major
268390408,BSC6910GSM,4614,ETH Link Alarm,Major
8193,GBTS,4614,ETH Link Alarm,Major
8193,GBTS,11282,ETH link alarm,Major
268390408,BSC6910GSM,11282,ETH link alarm,Major
268390408,BSC6910GSM,21375,ETHOAM 1AG CC Lost,Minor
268390409,BSC6910UMTS,21375,ETHOAM 1AG CC Lost,Minor
268390408,BSC6910GSM,11358,ETHOAM 3AH Discovery Failed,Minor
8193,GBTS,11358,ETHOAM 3AH Discovery Failed,Minor
268390417,BTS3900,25882,ETHOAM 3AH Discovery Failure,Minor
268390521,BTS5900,25882,ETHOAM 3AH Discovery Failure,Minor
268390451,MICRO BTS3900,25882,ETHOAM 3AH Discovery Failure,Minor
268390522,BTS5900 LTE,25882,ETHOAM 3AH Discovery Failure,Minor
8200,BTS3900 LTE,25882,ETHOAM 3AH Discovery Failure,Minor
268390408,BSC6910GSM,21371,ETHOAM 3AH Discovery Failure,Minor
268390540,BTS3900 5G,25882,ETHOAM 3AH Discovery Failure,Minor
268390523,BTS5900 WCDMA,25882,ETHOAM 3AH Discovery Failure,Minor
268390526,BTS5900 5G,25882,ETHOAM 3AH Discovery Failure,Minor
8193,GBTS,25882,ETHOAM 3AH Discovery Failure,Minor
268390409,BSC6910UMTS,21371,ETHOAM 3AH Discovery Failure,Minor
268390408,BSC6910GSM,25882,ETHOAM 3AH Discovery Failure,Minor
125,BTS3900 WCDMA,25882,ETHOAM 3AH Discovery Failure,Minor
268390521,BTS5900,25884,ETHOAM 3AH Remote Fault,Minor
268390451,MICRO BTS3900,25884,ETHOAM 3AH Remote Fault,Minor
268390417,BTS3900,25884,ETHOAM 3AH Remote Fault,Minor
8200,BTS3900 LTE,25884,ETHOAM 3AH Remote Fault,Minor
268390522,BTS5900 LTE,25884,ETHOAM 3AH Remote Fault,Minor
268390523,BTS5900 WCDMA,25884,ETHOAM 3AH Remote Fault,Minor
268390540,BTS3900 5G,25884,ETHOAM 3AH Remote Fault,Minor
268390526,BTS5900 5G,25884,ETHOAM 3AH Remote Fault,Minor
125,BTS3900 WCDMA,25884,ETHOAM 3AH Remote Fault,Minor
268390521,BTS5900,25894,ETHOAM 3AH Remote Loopback,Major
8200,BTS3900 LTE,25894,ETHOAM 3AH Remote Loopback,Major
268390417,BTS3900,25894,ETHOAM 3AH Remote Loopback,Major
268390451,MICRO BTS3900,25894,ETHOAM 3AH Remote Loopback,Major
268390522,BTS5900 LTE,25894,ETHOAM 3AH Remote Loopback,Major
268390526,BTS5900 5G,25894,ETHOAM 3AH Remote Loopback,Major
268390408,BSC6910GSM,21374,ETHOAM 3AH Remote Loopback,Warning
268390523,BTS5900 WCDMA,25894,ETHOAM 3AH Remote Loopback,Major
268390540,BTS3900 5G,25894,ETHOAM 3AH Remote Loopback,Major
125,BTS3900 WCDMA,25894,ETHOAM 3AH Remote Loopback,Major
268390409,BSC6910UMTS,21374,ETHOAM 3AH Remote Loopback,Warning
268390521,BTS5900,65207,EXAUSTOR 1,Major
268390408,BSC6910GSM,2390,Eighteenth Extended I/O Alarm,Warning
8193,GBTS,2390,Eighteenth Extended I/O Alarm,Warning
268390408,BSC6910GSM,2416,Eighth Extended I/O Alarm,Warning
8193,GBTS,3874,Eighth Extended I/O Alarm,Warning
268390408,BSC6910GSM,3874,Eighth Extended I/O Alarm,Warning
8193,GBTS,2416,Eighth Extended I/O Alarm,Warning
268390408,BSC6910GSM,20056,Electromechanical Device Unavailable Alarm,Major
268390409,BSC6910UMTS,20056,Electromechanical Device Unavailable Alarm,Major
268390408,BSC6910GSM,2422,Eleventh Extended I/O Alarm,Warning
8193,GBTS,2422,Eleventh Extended I/O Alarm,Warning
100000,OSS,1077,Emergency System Not Associated with the Primary System,Critical
8193,GBTS,9748,Entironment temperature alarm,Major
268390408,BSC6910GSM,9748,Entironment temperature alarm,Major
8200,BTS3900 LTE,25880,Ethernet Link Fault,Major
268390451,MICRO BTS3900,25880,Ethernet Link Fault,Major
268390521,BTS5900,25880,Ethernet Link Fault,Major
268390522,BTS5900 LTE,25880,Ethernet Link Fault,Major
268390417,BTS3900,25880,Ethernet Link Fault,Major
268390540,BTS3900 5G,25880,Ethernet Link Fault,Major
268390523,BTS5900 WCDMA,25880,Ethernet Link Fault,Major
268390409,BSC6910UMTS,21345,Ethernet Link Fault,Major
268390526,BTS5900 5G,25880,Ethernet Link Fault,Major
125,BTS3900 WCDMA,25880,Ethernet Link Fault,Major
268390408,BSC6910GSM,21345,Ethernet Link Fault,Major
8193,GBTS,25880,Ethernet Link Fault,Major
268390408,BSC6910GSM,25880,Ethernet Link Fault,Major
268390408,BSC6910GSM,21400,Ethernet Port Bandwidth Mismatch,Major
268390409,BSC6910UMTS,21400,Ethernet Port Bandwidth Mismatch,Major
268390521,BTS5900,25879,Ethernet Port Broadcast Packets Exceeding Alarm,Major
8200,BTS3900 LTE,25879,Ethernet Port Broadcast Packets Exceeding Alarm,Major
268390451,MICRO BTS3900,25879,Ethernet Port Broadcast Packets Exceeding Alarm,Major
268390522,BTS5900 LTE,25879,Ethernet Port Broadcast Packets Exceeding Alarm,Major
268390417,BTS3900,25879,Ethernet Port Broadcast Packets Exceeding Alarm,Major
268390408,BSC6910GSM,21387,Ethernet Port Broadcast Packets Exceeding Alarm,Major
268390540,BTS3900 5G,25879,Ethernet Port Broadcast Packets Exceeding Alarm,Major
268390523,BTS5900 WCDMA,25879,Ethernet Port Broadcast Packets Exceeding Alarm,Major
268390526,BTS5900 5G,25879,Ethernet Port Broadcast Packets Exceeding Alarm,Major
125,BTS3900 WCDMA,25879,Ethernet Port Broadcast Packets Exceeding Alarm,Major
268390409,BSC6910UMTS,21387,Ethernet Port Broadcast Packets Exceeding Alarm,Major
268390408,BSC6910GSM,25879,Ethernet Port Broadcast Packets Exceeding Alarm,Major
8193,GBTS,25879,Ethernet Port Broadcast Packets Exceeding Alarm,Major
8193,GBTS,12842,Ethernet Port Status Abnormal Alarm,Major
268390408,BSC6910GSM,12304,Ethernet Port Status Abnormal Alarm,Critical
268390408,BSC6910GSM,12842,Ethernet Port Status Abnormal Alarm,Major
8193,GBTS,12304,Ethernet Port Status Abnormal Alarm,Critical
268390522,BTS5900 LTE,25895,Ethernet Trunk Group Fault,Major
268390417,BTS3900,25895,Ethernet Trunk Group Fault,Major
268390521,BTS5900,25895,Ethernet Trunk Group Fault,Major
8200,BTS3900 LTE,25895,Ethernet Trunk Group Fault,Major
268390540,BTS3900 5G,25895,Ethernet Trunk Group Fault,Major
268390526,BTS5900 5G,25895,Ethernet Trunk Group Fault,Major
268390408,BSC6910GSM,21349,Ethernet Trunk Group Fault,Major
268390409,BSC6910UMTS,21349,Ethernet Trunk Group Fault,Major
268390523,BTS5900 WCDMA,25895,Ethernet Trunk Group Fault,Major
125,BTS3900 WCDMA,25895,Ethernet Trunk Group Fault,Major
268390522,BTS5900 LTE,25887,Ethernet Trunk Link Fault,Minor
8200,BTS3900 LTE,25887,Ethernet Trunk Link Fault,Minor
268390417,BTS3900,25887,Ethernet Trunk Link Fault,Minor
268390521,BTS5900,25887,Ethernet Trunk Link Fault,Minor
268390409,BSC6910UMTS,21350,Ethernet Trunk Link Fault,Major
268390526,BTS5900 5G,25887,Ethernet Trunk Link Fault,Minor
268390523,BTS5900 WCDMA,25887,Ethernet Trunk Link Fault,Minor
268390408,BSC6910GSM,21350,Ethernet Trunk Link Fault,Major
268390540,BTS3900 5G,25887,Ethernet Trunk Link Fault,Minor
125,BTS3900 WCDMA,25887,Ethernet Trunk Link Fault,Minor
268390408,BSC6910GSM,20852,Exceeded Failures of Logins by the Local User,Minor
268390409,BSC6910UMTS,20852,Exceeded Failures of Logins by the Local User,Minor
268390408,BSC6910GSM,20917,Excess Board in Subrack,Major
268390409,BSC6910UMTS,20917,Excess Board in Subrack,Major
268390521,BTS5900,26822,Excessive License Usage,Minor
100000,OSS,526,Excessive License Usage,Major
268390417,BTS3900,26822,Excessive License Usage,Minor
268390522,BTS5900 LTE,26822,Excessive License Usage,Minor
268390451,MICRO BTS3900,26822,Excessive License Usage,Minor
268390523,BTS5900 WCDMA,26822,Excessive License Usage,Minor
268390540,BTS3900 5G,26822,Excessive License Usage,Minor
268390526,BTS5900 5G,26822,Excessive License Usage,Minor
8200,BTS3900 LTE,26822,Excessive License Usage,Minor
125,BTS3900 WCDMA,26822,Excessive License Usage,Minor
268390409,BSC6910UMTS,22243,Excessive Synchronization Data for RNC in Pool Load Sharing,Major
100000,OSS,103708,Excessive Time Difference Between Writing and Replicating Data,Major
100000,OSS,800008,Expired certificates are archived failed,Major
8193,GBTS,5742,Extended Boolean 1 Alarm,Warning
8193,GBTS,5758,Extended Boolean 1 Alarm,Warning
268390408,BSC6910GSM,5758,Extended Boolean 1 Alarm,Warning
268390408,BSC6910GSM,5742,Extended Boolean 1 Alarm,Warning
268390408,BSC6910GSM,3974,Extended Boolean 1 Alarm,Warning
8193,GBTS,3974,Extended Boolean 1 Alarm,Warning
8193,GBTS,5744,Extended Boolean 2 Alarm,Warning
8193,GBTS,5760,Extended Boolean 2 Alarm,Warning
268390408,BSC6910GSM,5760,Extended Boolean 2 Alarm,Warning
268390408,BSC6910GSM,5744,Extended Boolean 2 Alarm,Warning
8193,GBTS,3976,Extended Boolean 2 Alarm,Warning
268390408,BSC6910GSM,3976,Extended Boolean 2 Alarm,Warning
8193,GBTS,5762,Extended Boolean 3 Alarm,Warning
8193,GBTS,5746,Extended Boolean 3 Alarm,Warning
268390408,BSC6910GSM,5762,Extended Boolean 3 Alarm,Warning
268390408,BSC6910GSM,5746,Extended Boolean 3 Alarm,Warning
8193,GBTS,3978,Extended Boolean 3 Alarm,Warning
268390408,BSC6910GSM,3978,Extended Boolean 3 Alarm,Warning
268390408,BSC6910GSM,6064,Extended Boolean 4 Alarm,Warning
8193,GBTS,6064,Extended Boolean 4 Alarm,Warning
268390408,BSC6910GSM,6066,Extended Boolean 5 Alarm,Warning
8193,GBTS,6066,Extended Boolean 5 Alarm,Warning
8193,GBTS,2236,Extended TMU Clock Alarm,Warning
268390408,BSC6910GSM,2236,Extended TMU Clock Alarm,Warning
268390408,BSC6910GSM,4736,Extended TMU clock alarm,Warning
8193,GBTS,4736,Extended TMU clock alarm,Warning
268390522,BTS5900 LTE,26261,External Clock Reference Not Configured,Minor
8200,BTS3900 LTE,26261,External Clock Reference Not Configured,Minor
268390521,BTS5900,26261,External Clock Reference Not Configured,Minor
125,BTS3900 WCDMA,26261,External Clock Reference Not Configured,Minor
268390417,BTS3900,26261,External Clock Reference Not Configured,Minor
268390451,MICRO BTS3900,26261,External Clock Reference Not Configured,Minor
268390523,BTS5900 WCDMA,26261,External Clock Reference Not Configured,Minor
268390526,BTS5900 5G,26261,External Clock Reference Not Configured,Minor
268390540,BTS3900 5G,26261,External Clock Reference Not Configured,Minor
125,BTS3900 WCDMA,26262,External Clock Reference Problem,Minor
8200,BTS3900 LTE,26262,External Clock Reference Problem,Minor
268390522,BTS5900 LTE,26262,External Clock Reference Problem,Minor
268390521,BTS5900,26262,External Clock Reference Problem,Minor
8193,GBTS,26262,External Clock Reference Problem,Minor
268390417,BTS3900,26262,External Clock Reference Problem,Minor
268390451,MICRO BTS3900,26262,External Clock Reference Problem,Minor
268390408,BSC6910GSM,26262,External Clock Reference Problem,Minor
268390523,BTS5900 WCDMA,26262,External Clock Reference Problem,Minor
268390526,BTS5900 5G,26262,External Clock Reference Problem,Minor
268390540,BTS3900 5G,26262,External Clock Reference Problem,Minor
268390409,BSC6910UMTS,21607,External Node Unreachable,Critical
268390521,BTS5900,65223,FALHA COMUNICAÇÃO BATERIA LITIO,Major
268390521,BTS5900,65217,FALHA DA BATERIA DE LITIO,Major
268390521,BTS5900,65202,FALHA DE AC,Major
268390521,BTS5900,65204,FALHA DE RETIFICADOR,Major
268390521,BTS5900,65210,FALHA NA FONTE CC,Major
8193,GBTS,2290,FCU Frequency Point Proximity Alarm,Major
268390408,BSC6910GSM,2290,FCU Frequency Point Proximity Alarm,Major
8193,GBTS,2288,FCU Staggering Failure Alarm,Major
268390408,BSC6910GSM,2288,FCU Staggering Failure Alarm,Major
8193,GBTS,3442,FN Alarm,Major
268390408,BSC6910GSM,3442,FN Alarm,Major
100000,OSS,306,FTP Listening Port Negotiation Fails Between OSS and NE,Critical
100000,OSS,53069,Failed Server RAID Array Detected,Major
268390408,BSC6910GSM,20284,Failed to Load the Rule Lib File,Major
268390409,BSC6910UMTS,20284,Failed to Load the Rule Lib File,Major
100000,OSS,117,Failed to Send the Remote Notification,Major
100000,OSS,101212,Failed to connect ZooKeeper,Major
268390408,BSC6910GSM,20207,Failure in Locking System Clock Source,Major
268390409,BSC6910UMTS,20207,Failure in Locking System Clock Source,Major
100000,OSS,385,Failures of Synchronization Between Databases on the Active and Standby Nodes,Critical
8193,GBTS,5878,Fan Alarm,Major
268390408,BSC6910GSM,2354,Fan Alarm,Major
8193,GBTS,2354,Fan Alarm,Major
268390408,BSC6910GSM,10762,Fan Alarm,Major
268390408,BSC6910GSM,5878,Fan Alarm,Major
8193,GBTS,10762,Fan Alarm,Major
268390408,BSC6910GSM,20041,Fan Box Failure,Major
268390409,BSC6910UMTS,20041,Fan Box Failure,Major
268390408,BSC6910GSM,20054,Fan Box Temperature Abnormal Alarm,Major
268390409,BSC6910UMTS,20054,Fan Box Temperature Abnormal Alarm,Major
8193,GBTS,9736,Fan Fault Alarm,Major
268390408,BSC6910GSM,9736,Fan Fault Alarm,Major
268390408,BSC6910GSM,4202,Fan In-Position alarm,Warning
8193,GBTS,4202,Fan In-Position alarm,Warning
8193,GBTS,4204,Fan Not In-Position alarm,Warning
268390408,BSC6910GSM,4204,Fan Not In-Position alarm,Warning
268390522,BTS5900 LTE,25673,Fan Stalled,Major
8200,BTS3900 LTE,25673,Fan Stalled,Major
268390521,BTS5900,25673,Fan Stalled,Major
268390417,BTS3900,25673,Fan Stalled,Major
268390540,BTS3900 5G,25673,Fan Stalled,Major
268390523,BTS5900 WCDMA,25673,Fan Stalled,Major
268390526,BTS5900 5G,25673,Fan Stalled,Major
8193,GBTS,13108,Fan Stalled,Critical
125,BTS3900 WCDMA,25673,Fan Stalled,Major
268390408,BSC6910GSM,25673,Fan Stalled,Major
8193,GBTS,25673,Fan Stalled,Major
268390408,BSC6910GSM,13108,Fan Stalled,Critical
268390409,BSC6910UMTS,20035,Fan Stalling,Minor
268390408,BSC6910GSM,20035,Fan Stalling,Minor
268390408,BSC6910GSM,9732,Fan Subassembly Communication Alarm,Major
8193,GBTS,9732,Fan Subassembly Communication Alarm,Major
8193,GBTS,9740,Fan Subassembly Hardware Alarm,Major
268390408,BSC6910GSM,9740,Fan Subassembly Hardware Alarm,Major
100000,OSS,650020,Fault Occurred on a VM,Critical
100000,OSS,371,Fault Status,Major
268390408,BSC6910GSM,4832,Faulty Clock Source for Co-Site BTS Alarm,Major
8193,GBTS,4832,Faulty Clock Source for Co-Site BTS Alarm,Major
268390408,BSC6910GSM,5090,Faulty Clock of the Phase-Lock Loop,Critical
8193,GBTS,5090,Faulty Clock of the Phase-Lock Loop,Critical
100000,OSS,650015,Faulty Network Port,Critical
268390408,BSC6910GSM,20209,Faulty Phase-Locked Loop of the Board Clock,Major
268390409,BSC6910UMTS,20209,Faulty Phase-Locked Loop of the Board Clock,Major
268390409,BSC6910UMTS,20755,Feature Expired Alarm,Major
268390408,BSC6910GSM,20755,Feature Expired Alarm,Major
268390409,BSC6910UMTS,20756,Feature Invalid Alarm,Major
268390408,BSC6910GSM,20756,Feature Invalid Alarm,Major
268390408,BSC6910GSM,21402,Fiber optic cable connection error,Major
268390409,BSC6910UMTS,21402,Fiber optic cable connection error,Major
268390408,BSC6910GSM,2430,Fifteenth Extended I/O Alarm,Warning
8193,GBTS,2430,Fifteenth Extended I/O Alarm,Warning
8193,GBTS,3868,Fifth Extended I/O Alarm,Warning
268390408,BSC6910GSM,2410,Fifth Extended I/O Alarm,Warning
268390408,BSC6910GSM,3868,Fifth Extended I/O Alarm,Warning
8193,GBTS,2410,Fifth Extended I/O Alarm,Warning
268390408,BSC6910GSM,20723,File Loss or Damage,Major
268390409,BSC6910UMTS,20723,File Loss or Damage,Major
268390408,BSC6910GSM,10782,Filter Alarm,Major
8193,GBTS,10782,Filter Alarm,Major
8193,GBTS,6404,Fire Alarm,Critical
268390408,BSC6910GSM,2368,Fire Alarm,Major
8193,GBTS,3826,Fire Alarm,Major
268390408,BSC6910GSM,6404,Fire Alarm,Critical
268390408,BSC6910GSM,3826,Fire Alarm,Major
8193,GBTS,2368,Fire Alarm,Major
268390408,BSC6910GSM,2402,First Extended I/O Alarm,Warning
8193,GBTS,3860,First Extended I/O Alarm,Warning
268390408,BSC6910GSM,3860,First Extended I/O Alarm,Warning
8193,GBTS,2402,First Extended I/O Alarm,Warning
268390408,BSC6910GSM,20275,Forwarding Overload of An Interface Board,Major
268390409,BSC6910UMTS,20275,Forwarding Overload of An Interface Board,Major
8193,GBTS,2428,Fourteenth Extended I/O Alarm,Warning
268390408,BSC6910GSM,2428,Fourteenth Extended I/O Alarm,Warning
8193,GBTS,3866,Fourth Extended I/O Alarm,Warning
268390408,BSC6910GSM,2408,Fourth Extended I/O Alarm,Warning
268390408,BSC6910GSM,3866,Fourth Extended I/O Alarm,Warning
8193,GBTS,2408,Fourth Extended I/O Alarm,Warning
125,BTS3900 WCDMA,25820,Fractional ATM Link Loss of Cell Delineation,Major
268390522,BTS5900 LTE,25820,Fractional ATM Link Loss of Cell Delineation,Major
268390417,BTS3900,25820,Fractional ATM Link Loss of Cell Delineation,Major
268390521,BTS5900,25820,Fractional ATM Link Loss of Cell Delineation,Major
8200,BTS3900 LTE,25820,Fractional ATM Link Loss of Cell Delineation,Major
268390523,BTS5900 WCDMA,25820,Fractional ATM Link Loss of Cell Delineation,Major
268390409,BSC6910UMTS,21397,Fractional ATM Link Loss of Cell Delineation,Minor
268390408,BSC6910GSM,3120,Frame Or TS Number alarm,Major
8193,GBTS,3120,Frame Or TS Number alarm,Major
8193,GBTS,2182,Frame or TS Number Alarm,Major
268390408,BSC6910GSM,2182,Frame or TS Number Alarm,Major
8193,GBTS,4170,Frame or TS number alarm,Major
268390408,BSC6910GSM,4170,Frame or TS number alarm,Major
8193,GBTS,3640,Frame or Timeslot Number alarm,Major
268390408,BSC6910GSM,3640,Frame or Timeslot Number alarm,Major
268390522,BTS5900 LTE,28210,Frequency Separation Configuration Mismatch,Minor
268390521,BTS5900,28210,Frequency Separation Configuration Mismatch,Minor
268390417,BTS3900,28210,Frequency Separation Configuration Mismatch,Minor
268390523,BTS5900 WCDMA,28210,Frequency Separation Configuration Mismatch,Minor
125,BTS3900 WCDMA,28210,Frequency Separation Configuration Mismatch,Minor
8200,BTS3900 LTE,28210,Frequency Separation Configuration Mismatch,Minor
268390409,BSC6910UMTS,22391,Function of RNC in Pool load sharing flow control,Major
100000,OSS,101298,FusionCompute Arbitration IP Is Unreachable,Critical
100000,OSS,103603,FusionCompute Available Resources in the System Are Going to Be Insufficient,Critical
100000,OSS,103706,FusionCompute Data Storage I/O Response Latency,Minor
100000,OSS,103605,FusionCompute File System Is Abnormal,Major
100000,OSS,101299,FusionCompute Inconsistent Data in VRM Internal Modules,Critical
100000,OSS,103604,FusionCompute Process Being in the D State,Major
100000,OSS,103602,FusionCompute SWAP Usage Exceeds the Threshold,Critical
100000,OSS,103600,FusionCompute Standby Node Database Is Abnormal,Major
8193,GBTS,28002,GATM ALD Current Out of Range,Minor
268390408,BSC6910GSM,28002,GATM ALD Current Out of Range,Minor
8193,GBTS,26316,GCK Port Connection Abnormal,Warning
268390408,BSC6910GSM,26316,GCK Port Connection Abnormal,Warning
268390521,BTS5900,25740,GDU Antenna Fault,Minor
125,BTS3900 WCDMA,25740,GDU Antenna Fault,Minor
268390417,BTS3900,25740,GDU Antenna Fault,Minor
268390522,BTS5900 LTE,25740,GDU Antenna Fault,Minor
8200,BTS3900 LTE,25740,GDU Antenna Fault,Minor
268390523,BTS5900 WCDMA,25740,GDU Antenna Fault,Minor
268390540,BTS3900 5G,25740,GDU Antenna Fault,Minor
268390526,BTS5900 5G,25740,GDU Antenna Fault,Minor
125,BTS3900 WCDMA,25742,GDU Signal Output Abnormal,Major
268390521,BTS5900,25742,GDU Signal Output Abnormal,Major
268390417,BTS3900,25742,GDU Signal Output Abnormal,Major
268390522,BTS5900 LTE,25742,GDU Signal Output Abnormal,Major
8200,BTS3900 LTE,25742,GDU Signal Output Abnormal,Major
268390526,BTS5900 5G,25742,GDU Signal Output Abnormal,Major
268390523,BTS5900 WCDMA,25742,GDU Signal Output Abnormal,Major
268390540,BTS3900 5G,25742,GDU Signal Output Abnormal,Major
268390522,BTS5900 LTE,25741,GDU Temperature Abnormal,Major
125,BTS3900 WCDMA,25741,GDU Temperature Abnormal,Major
268390521,BTS5900,25741,GDU Temperature Abnormal,Major
268390417,BTS3900,25741,GDU Temperature Abnormal,Major
8200,BTS3900 LTE,25741,GDU Temperature Abnormal,Major
268390523,BTS5900 WCDMA,25741,GDU Temperature Abnormal,Major
268390540,BTS3900 5G,25741,GDU Temperature Abnormal,Major
268390526,BTS5900 5G,25741,GDU Temperature Abnormal,Major
268390408,BSC6910GSM,20232,GE Interface Unit Fault,Major
268390409,BSC6910UMTS,20232,GE Interface Unit Fault,Major
268390408,BSC6910GSM,20228,GE Link Between GE Switching Board and Service Board Faulty,Major
268390409,BSC6910UMTS,20228,GE Link Between GE Switching Board and Service Board Faulty,Major
268390408,BSC6910GSM,20225,GE Link on GE Switching Board Panel Faulty,Major
268390409,BSC6910UMTS,20225,GE Link on GE Switching Board Panel Faulty,Major
268390521,BTS5900,26125,GNSS Antenna Fault,Minor
268390522,BTS5900 LTE,26125,GNSS Antenna Fault,Minor
125,BTS3900 WCDMA,26125,GNSS Antenna Fault,Minor
8200,BTS3900 LTE,26125,GNSS Antenna Fault,Minor
268390417,BTS3900,26125,GNSS Antenna Fault,Minor
268390523,BTS5900 WCDMA,26125,GNSS Antenna Fault,Minor
268390526,BTS5900 5G,26125,GNSS Antenna Fault,Minor
268390540,BTS3900 5G,26125,GNSS Antenna Fault,Minor
268390521,BTS5900,26124,GNSS Clock Output Unavailable,Minor
8200,BTS3900 LTE,26124,GNSS Clock Output Unavailable,Minor
268390522,BTS5900 LTE,26124,GNSS Clock Output Unavailable,Minor
268390417,BTS3900,26124,GNSS Clock Output Unavailable,Minor
268390523,BTS5900 WCDMA,26124,GNSS Clock Output Unavailable,Minor
268390526,BTS5900 5G,26124,GNSS Clock Output Unavailable,Minor
268390540,BTS3900 5G,26124,GNSS Clock Output Unavailable,Minor
125,BTS3900 WCDMA,26124,GNSS Clock Output Unavailable,Minor
8200,BTS3900 LTE,26126,GNSS Locked Satellites Insufficient,Minor
125,BTS3900 WCDMA,26126,GNSS Locked Satellites Insufficient,Minor
268390522,BTS5900 LTE,26126,GNSS Locked Satellites Insufficient,Minor
268390521,BTS5900,26126,GNSS Locked Satellites Insufficient,Minor
268390417,BTS3900,26126,GNSS Locked Satellites Insufficient,Minor
268390526,BTS5900 5G,26126,GNSS Locked Satellites Insufficient,Minor
268390523,BTS5900 WCDMA,26126,GNSS Locked Satellites Insufficient,Minor
268390540,BTS3900 5G,26126,GNSS Locked Satellites Insufficient,Minor
8200,BTS3900 LTE,26127,GNSS Maintenance Link Failure,Minor
268390522,BTS5900 LTE,26127,GNSS Maintenance Link Failure,Minor
268390417,BTS3900,26127,GNSS Maintenance Link Failure,Minor
125,BTS3900 WCDMA,26127,GNSS Maintenance Link Failure,Minor
268390521,BTS5900,26127,GNSS Maintenance Link Failure,Minor
268390523,BTS5900 WCDMA,26127,GNSS Maintenance Link Failure,Minor
268390540,BTS3900 5G,26127,GNSS Maintenance Link Failure,Minor
268390526,BTS5900 5G,26127,GNSS Maintenance Link Failure,Minor
268390522,BTS5900 LTE,26121,GPS Antenna Fault,Minor
268390417,BTS3900,26121,GPS Antenna Fault,Minor
268390451,MICRO BTS3900,26121,GPS Antenna Fault,Minor
268390521,BTS5900,26121,GPS Antenna Fault,Minor
8200,BTS3900 LTE,26121,GPS Antenna Fault,Minor
125,BTS3900 WCDMA,26121,GPS Antenna Fault,Minor
8193,GBTS,26121,GPS Antenna Fault,Minor
268390408,BSC6910GSM,26121,GPS Antenna Fault,Minor
8193,GBTS,13326,GPS Antenna Fault Alarm,Major
268390408,BSC6910GSM,13326,GPS Antenna Fault Alarm,Major
268390408,BSC6910GSM,20252,GPS Card Antenna Abnormal,Minor
268390409,BSC6910UMTS,20252,GPS Card Antenna Abnormal,Minor
268390408,BSC6910GSM,20253,GPS Card Status Abnormal,Minor
268390409,BSC6910UMTS,20253,GPS Card Status Abnormal,Minor
268390417,BTS3900,26120,GPS Clock Output Unavailable,Minor
268390451,MICRO BTS3900,26120,GPS Clock Output Unavailable,Minor
268390522,BTS5900 LTE,26120,GPS Clock Output Unavailable,Minor
268390521,BTS5900,26120,GPS Clock Output Unavailable,Minor
125,BTS3900 WCDMA,26120,GPS Clock Output Unavailable,Minor
8200,BTS3900 LTE,26120,GPS Clock Output Unavailable,Minor
8193,GBTS,26120,GPS Clock Output Unavailable,Minor
268390408,BSC6910GSM,26120,GPS Clock Output Unavailable,Minor
268390409,BSC6910UMTS,22211,GPS Data Receiver Fault,Major
268390451,MICRO BTS3900,26122,GPS Locked Satellites Insufficient,Minor
268390417,BTS3900,26122,GPS Locked Satellites Insufficient,Minor
268390521,BTS5900,26122,GPS Locked Satellites Insufficient,Minor
268390522,BTS5900 LTE,26122,GPS Locked Satellites Insufficient,Minor
8200,BTS3900 LTE,26122,GPS Locked Satellites Insufficient,Minor
125,BTS3900 WCDMA,26122,GPS Locked Satellites Insufficient,Minor
8193,GBTS,26122,GPS Locked Satellites Insufficient,Minor
268390408,BSC6910GSM,26122,GPS Locked Satellites Insufficient,Minor
268390417,BTS3900,26123,GPS Maintenance Link Failure,Minor
268390521,BTS5900,26123,GPS Maintenance Link Failure,Minor
268390451,MICRO BTS3900,26123,GPS Maintenance Link Failure,Minor
268390522,BTS5900 LTE,26123,GPS Maintenance Link Failure,Minor
125,BTS3900 WCDMA,26123,GPS Maintenance Link Failure,Minor
268390408,BSC6910GSM,26123,GPS Maintenance Link Failure,Minor
8200,BTS3900 LTE,26123,GPS Maintenance Link Failure,Minor
8193,GBTS,26123,GPS Maintenance Link Failure,Minor
268390417,BTS3900,28246,GPS Receiver Antenna Fault,Minor
268390521,BTS5900,28246,GPS Receiver Antenna Fault,Minor
268390522,BTS5900 LTE,28246,GPS Receiver Antenna Fault,Minor
268390523,BTS5900 WCDMA,28246,GPS Receiver Antenna Fault,Minor
125,BTS3900 WCDMA,28246,GPS Receiver Antenna Fault,Minor
8200,BTS3900 LTE,28246,GPS Receiver Antenna Fault,Minor
268390417,BTS3900,28245,GPS Receiver Antenna Power Problem,Minor
268390521,BTS5900,28245,GPS Receiver Antenna Power Problem,Minor
268390522,BTS5900 LTE,28245,GPS Receiver Antenna Power Problem,Minor
268390523,BTS5900 WCDMA,28245,GPS Receiver Antenna Power Problem,Minor
8200,BTS3900 LTE,28245,GPS Receiver Antenna Power Problem,Minor
125,BTS3900 WCDMA,28245,GPS Receiver Antenna Power Problem,Minor
268390417,BTS3900,28244,GPS Receiver Hardware Fault,Minor
268390521,BTS5900,28244,GPS Receiver Hardware Fault,Minor
268390522,BTS5900 LTE,28244,GPS Receiver Hardware Fault,Minor
268390523,BTS5900 WCDMA,28244,GPS Receiver Hardware Fault,Minor
8200,BTS3900 LTE,28244,GPS Receiver Hardware Fault,Minor
125,BTS3900 WCDMA,28244,GPS Receiver Hardware Fault,Minor
268390522,BTS5900 LTE,28250,GPS Receiver Initialization Configuration Failure,Minor
268390417,BTS3900,28250,GPS Receiver Initialization Configuration Failure,Minor
268390521,BTS5900,28250,GPS Receiver Initialization Configuration Failure,Minor
268390523,BTS5900 WCDMA,28250,GPS Receiver Initialization Configuration Failure,Minor
125,BTS3900 WCDMA,28250,GPS Receiver Initialization Configuration Failure,Minor
8200,BTS3900 LTE,28250,GPS Receiver Initialization Configuration Failure,Minor
268390522,BTS5900 LTE,28249,GPS Receiver Maintenance Link Failure,Minor
268390521,BTS5900,28249,GPS Receiver Maintenance Link Failure,Minor
268390417,BTS3900,28249,GPS Receiver Maintenance Link Failure,Minor
268390523,BTS5900 WCDMA,28249,GPS Receiver Maintenance Link Failure,Minor
125,BTS3900 WCDMA,28249,GPS Receiver Maintenance Link Failure,Minor
8200,BTS3900 LTE,28249,GPS Receiver Maintenance Link Failure,Minor
268390522,BTS5900 LTE,28248,GPS Receiver Position Not Locked,Minor
268390417,BTS3900,28248,GPS Receiver Position Not Locked,Minor
268390521,BTS5900,28248,GPS Receiver Position Not Locked,Minor
268390523,BTS5900 WCDMA,28248,GPS Receiver Position Not Locked,Minor
8200,BTS3900 LTE,28248,GPS Receiver Position Not Locked,Minor
125,BTS3900 WCDMA,28248,GPS Receiver Position Not Locked,Minor
268390522,BTS5900 LTE,28247,GPS Receiver Software Program Error,Minor
268390417,BTS3900,28247,GPS Receiver Software Program Error,Minor
268390521,BTS5900,28247,GPS Receiver Software Program Error,Minor
268390523,BTS5900 WCDMA,28247,GPS Receiver Software Program Error,Minor
125,BTS3900 WCDMA,28247,GPS Receiver Software Program Error,Minor
8200,BTS3900 LTE,28247,GPS Receiver Software Program Error,Minor
8193,GBTS,13324,GPS Satellite Signals Lost Alarm,Warning
268390408,BSC6910GSM,13324,GPS Satellite Signals Lost Alarm,Warning
268390408,BSC6910GSM,11976,GPS antenna failure alarm,Major
8193,GBTS,11976,GPS antenna failure alarm,Major
268390408,BSC6910GSM,11782,GPS board communication alarm,Major
8193,GBTS,11782,GPS board communication alarm,Major
268390408,BSC6910GSM,11972,GPS board hardware alarm,Major
8193,GBTS,11972,GPS board hardware alarm,Major
268390408,BSC6910GSM,11790,GPS receiver communication alarm,Major
8193,GBTS,11790,GPS receiver communication alarm,Major
268390408,BSC6910GSM,11784,GPS receiver position not determined alarm,Warning
8193,GBTS,11784,GPS receiver position not determined alarm,Warning
268390408,BSC6910GSM,11792,GPS receiver work mode configuration error alarm,Minor
8193,GBTS,11792,GPS receiver work mode configuration error alarm,Minor
268390408,BSC6910GSM,11788,GPS satellite signal lost alarm,Warning
8193,GBTS,11788,GPS satellite signal lost alarm,Warning
8193,GBTS,21802,GSM Cell Manually Blocked,Warning
268390408,BSC6910GSM,21802,GSM Cell Manually Blocked,Warning
8193,GBTS,21801,GSM Cell out of Service,Major
268390408,BSC6910GSM,21801,GSM Cell out of Service,Major
268390408,BSC6910GSM,21820,GSM KPI Exceed Threshold,Major
268390521,BTS5900,28015,GSM Local Cell Blocked,Minor
268390417,BTS3900,28015,GSM Local Cell Blocked,Minor
268390417,BTS3900,28017,GSM Local Cell Capability Decline,Minor
268390521,BTS5900,28017,GSM Local Cell Capability Decline,Minor
268390417,BTS3900,28016,GSM Local Cell Unusable,Major
268390521,BTS5900,28016,GSM Local Cell Unusable,Major
268390408,BSC6910GSM,21808,GSM MSC Overload,Warning
268390409,BSC6910UMTS,22510,GTPU Faulty,Major
100000,OSS,103539,Gold Indicator Collection Channel Between the OSS and NE Is Abnormal,Major
268390408,BSC6910GSM,2372,Guard Against Theft Alarm,Major
8193,GBTS,3830,Guard Against Theft Alarm,Major
268390408,BSC6910GSM,6408,Guard Against Theft Alarm,Critical
8193,GBTS,2372,Guard Against Theft Alarm,Major
268390408,BSC6910GSM,3830,Guard Against Theft Alarm,Major
8193,GBTS,6408,Guard Against Theft Alarm,Critical
1029528,Link Set,40005,H.248 Link Set Broken,Critical
100000,OSS,364,HA Gateway Communication Failures,Critical
100000,OSS,361,HA Heartbeat Interruption,Critical
100000,OSS,363,HA Link Interruption,Critical
100000,OSS,650009,HA Resource in a Cluster Is Going to Be Insufficient,Critical
100000,OSS,51028,HA Service Monitoring Stopped,Major
100000,OSS,362,HA Synchronization Failures,Critical
100000,OSS,1066,HA System Exception,Critical
100000,OSS,1065,HA System Heartbeat Interruption,Major
8193,GBTS,3206,HDSL transmission alarm,Warning
268390408,BSC6910GSM,3206,HDSL transmission alarm,Warning
8193,GBTS,3444,HPA alarm,Critical
268390408,BSC6910GSM,3444,HPA alarm,Critical
100000,OSS,784,Handshake Failure Between the Application System and the OSS,Major
100000,OSS,368,Hard Disk Drive Fault (DISKN),Major
100000,OSS,369,Hard Disk Predictive Failure (DISKN),Minor
268390408,BSC6910GSM,11272,Hardware Alarm,Critical
8193,GBTS,11272,Hardware Alarm,Critical
268390408,BSC6910GSM,4794,Hardware Critical Alarm,Major
8193,GBTS,4794,Hardware Critical Alarm,Major
100000,OSS,324,Hardware Homing Exception,Critical
100000,OSS,51101,Hardware Information Not Registered,Major
100000,OSS,650005,Heartbeat Communication Between Active and Standby VRM Nodes Interrupted,Critical
100000,OSS,650029,Heartbeat Communication Between the Host and VRM Interrupted,Critical
100000,OSS,650006,Heartbeat Communication Between the VRM and the NTP Server Interrupted,Critical
268390408,BSC6910GSM,4938,Heat Board Alarm,Major
8193,GBTS,4938,Heat Board Alarm,Major
8193,GBTS,2502,Heat Exchanger Communication Alarm,Major
268390408,BSC6910GSM,2502,Heat Exchanger Communication Alarm,Major
8193,GBTS,8586,Heat Exchanger Communication Alarm,Major
268390408,BSC6910GSM,8586,Heat Exchanger Communication Alarm,Major
8193,GBTS,2494,Heat Exchanger Extended Alarm,Warning
268390408,BSC6910GSM,2494,Heat Exchanger Extended Alarm,Warning
268390408,BSC6910GSM,8578,Heat Exchanger Extended Alarm,Warning
8193,GBTS,8578,Heat Exchanger Extended Alarm,Warning
8193,GBTS,2496,Heat Exchanger Fault Alarm,Major
268390408,BSC6910GSM,2496,Heat Exchanger Fault Alarm,Major
8193,GBTS,8580,Heat Exchanger Fault Alarm,Major
268390408,BSC6910GSM,8580,Heat Exchanger Fault Alarm,Major
268390408,BSC6910GSM,10766,Heat Exchanger Hardware Failure Alarm,Major
8193,GBTS,10766,Heat Exchanger Hardware Failure Alarm,Major
268390408,BSC6910GSM,10758,Heat exchanger board communication alarm,Major
8193,GBTS,10758,Heat exchanger board communication alarm,Major
268390408,BSC6910GSM,8576,Heat-Exchanger Temperature Alarm,Major
8193,GBTS,8576,Heat-Exchanger Temperature Alarm,Major
268390408,BSC6910GSM,10768,Heater Alarm,Major
8193,GBTS,10768,Heater Alarm,Major
268390521,BTS5900,25659,Heater Hardware Fault,Minor
8200,BTS3900 LTE,25659,Heater Hardware Fault,Minor
268390417,BTS3900,25659,Heater Hardware Fault,Minor
268390522,BTS5900 LTE,25659,Heater Hardware Fault,Minor
268390540,BTS3900 5G,25659,Heater Hardware Fault,Minor
268390526,BTS5900 5G,25659,Heater Hardware Fault,Minor
268390523,BTS5900 WCDMA,25659,Heater Hardware Fault,Minor
268390408,BSC6910GSM,25659,Heater Hardware Fault,Minor
8193,GBTS,25659,Heater Hardware Fault,Minor
125,BTS3900 WCDMA,25659,Heater Hardware Fault,Minor
268390408,BSC6910GSM,4932,Hierarchical Power Supply Alarm,Major
8193,GBTS,3716,Hierarchical Power Supply Alarm,Major
268390408,BSC6910GSM,3716,Hierarchical Power Supply Alarm,Major
8193,GBTS,4932,Hierarchical Power Supply Alarm,Major
100000,OSS,103711,High Disk Inode Usage,Major
268390408,BSC6910GSM,2380,High Humidity Alarm,Major
8193,GBTS,2380,High Humidity Alarm,Major
100000,OSS,103699,High Node Thread Usage,Major
125,BTS3900 WCDMA,26294,High-Risk Function Enable,Minor
8200,BTS3900 LTE,26294,High-Risk Function Enable,Minor
268390417,BTS3900,26294,High-Risk Function Enable,Minor
268390521,BTS5900,26294,High-Risk Function Enable,Minor
8193,GBTS,26294,High-Risk Function Enable,Warning
268390522,BTS5900 LTE,26294,High-Risk Function Enable,Minor
268390523,BTS5900 WCDMA,26294,High-Risk Function Enable,Minor
268390526,BTS5900 5G,26294,High-Risk Function Enable,Minor
268390540,BTS3900 5G,26294,High-Risk Function Enable,Minor
268390408,BSC6910GSM,26294,High-Risk Function Enable,Warning
100000,OSS,650011,Host CPU Usage Exceeds the Threshold,Major
100000,OSS,650012,Host Memory Usage Exceeds the Threshold,Major
100000,OSS,650023,Host Storage Links Interrupted,Major
268390408,BSC6910GSM,7402,IASU Cock Source Lost Alarm,Major
8193,GBTS,7402,IASU Cock Source Lost Alarm,Major
8193,GBTS,3800,IASU Cock Source Lost alarm,Major
268390408,BSC6910GSM,3800,IASU Cock Source Lost alarm,Major
268390408,BSC6910GSM,7424,IASU Communication Alarm,Minor
8193,GBTS,7424,IASU Communication Alarm,Minor
8193,GBTS,3822,IASU Communication alarm,Minor
268390408,BSC6910GSM,3822,IASU Communication alarm,Minor
8193,GBTS,3804,IASU Configuration Lost Alarm,Major
268390408,BSC6910GSM,7406,IASU Configuration Lost Alarm,Major
8193,GBTS,7406,IASU Configuration Lost Alarm,Major
268390408,BSC6910GSM,3804,IASU Configuration Lost Alarm,Major
8193,GBTS,3802,IASU Crystal Oscillator Alarm,Major
268390408,BSC6910GSM,3802,IASU Crystal Oscillator Alarm,Major
8193,GBTS,3798,IASU E1 Port Alarm,Major
268390408,BSC6910GSM,3798,IASU E1 Port Alarm,Major
8193,GBTS,7400,IASU E1/T1 Port Alarm,Major
268390408,BSC6910GSM,7400,IASU E1/T1 Port Alarm,Major
268390408,BSC6910GSM,7404,IASU Hardware Failure Alarm,Major
8193,GBTS,7404,IASU Hardware Failure Alarm,Major
8193,GBTS,3806,IASU extended 76 alarm,Warning
268390408,BSC6910GSM,7408,IASU extended 76 alarm,Warning
8193,GBTS,7408,IASU extended 76 alarm,Warning
268390408,BSC6910GSM,3806,IASU extended 76 alarm,Warning
8193,GBTS,3808,IASU extended 77 alarm,Warning
268390408,BSC6910GSM,7410,IASU extended 77 alarm,Warning
8193,GBTS,7410,IASU extended 77 alarm,Warning
268390408,BSC6910GSM,3808,IASU extended 77 alarm,Warning
8193,GBTS,3810,IASU extended 78 alarm,Warning
268390408,BSC6910GSM,7412,IASU extended 78 alarm,Warning
8193,GBTS,7412,IASU extended 78 alarm,Warning
268390408,BSC6910GSM,3810,IASU extended 78 alarm,Warning
8193,GBTS,3812,IASU extended 79 alarm,Warning
268390408,BSC6910GSM,7414,IASU extended 79 alarm,Warning
8193,GBTS,7414,IASU extended 79 alarm,Warning
268390408,BSC6910GSM,3812,IASU extended 79 alarm,Warning
8193,GBTS,3814,IASU extended 7A alarm,Warning
8193,GBTS,7416,IASU extended 7A alarm,Warning
268390408,BSC6910GSM,7416,IASU extended 7A alarm,Warning
268390408,BSC6910GSM,3814,IASU extended 7A alarm,Warning
8193,GBTS,3816,IASU extended 7B alarm,Warning
268390408,BSC6910GSM,7418,IASU extended 7B alarm,Warning
268390408,BSC6910GSM,3816,IASU extended 7B alarm,Warning
8193,GBTS,7418,IASU extended 7B alarm,Warning
8193,GBTS,3818,IASU extended 7C alarm,Warning
268390408,BSC6910GSM,7420,IASU extended 7C alarm,Warning
268390408,BSC6910GSM,3818,IASU extended 7C alarm,Warning
8193,GBTS,7420,IASU extended 7C alarm,Warning
8193,GBTS,3820,IASU extended 7D alarm,Warning
8193,GBTS,7422,IASU extended 7D alarm,Warning
268390408,BSC6910GSM,7422,IASU extended 7D alarm,Warning
268390408,BSC6910GSM,3820,IASU extended 7D alarm,Warning
8193,GBTS,3824,IASU extended 7F alarm,Warning
268390408,BSC6910GSM,7426,IASU extended 7F alarm,Warning
268390408,BSC6910GSM,3824,IASU extended 7F alarm,Warning
8193,GBTS,7426,IASU extended 7F alarm,Warning
268390521,BTS5900,25891,IKE Negotiation Failure,Major
268390417,BTS3900,25891,IKE Negotiation Failure,Major
268390522,BTS5900 LTE,25891,IKE Negotiation Failure,Major
268390451,MICRO BTS3900,25891,IKE Negotiation Failure,Major
8200,BTS3900 LTE,25891,IKE Negotiation Failure,Major
268390523,BTS5900 WCDMA,25891,IKE Negotiation Failure,Major
268390526,BTS5900 5G,25891,IKE Negotiation Failure,Major
268390540,BTS3900 5G,25891,IKE Negotiation Failure,Major
268390408,BSC6910GSM,25891,IKE Negotiation Failure,Major
125,BTS3900 WCDMA,25891,IKE Negotiation Failure,Major
8193,GBTS,25891,IKE Negotiation Failure,Major
268390522,BTS5900 LTE,25832,IMA Group Activated Links Insufficient,Major
125,BTS3900 WCDMA,25832,IMA Group Activated Links Insufficient,Major
268390417,BTS3900,25832,IMA Group Activated Links Insufficient,Major
8200,BTS3900 LTE,25832,IMA Group Activated Links Insufficient,Major
268390521,BTS5900,25832,IMA Group Activated Links Insufficient,Major
268390523,BTS5900 WCDMA,25832,IMA Group Activated Links Insufficient,Major
268390409,BSC6910UMTS,21231,IMA Group Activated Links Insufficient,Major
268390522,BTS5900 LTE,25833,IMA Group Activated Links Insufficient at Far End,Minor
268390417,BTS3900,25833,IMA Group Activated Links Insufficient at Far End,Minor
8200,BTS3900 LTE,25833,IMA Group Activated Links Insufficient at Far End,Minor
268390521,BTS5900,25833,IMA Group Activated Links Insufficient at Far End,Minor
268390523,BTS5900 WCDMA,25833,IMA Group Activated Links Insufficient at Far End,Minor
125,BTS3900 WCDMA,25833,IMA Group Activated Links Insufficient at Far End,Minor
268390409,BSC6910UMTS,21232,IMA Group Activated Links Insufficient at Far End,Minor
268390521,BTS5900,25834,IMA Group Blocked at Far End,Minor
268390522,BTS5900 LTE,25834,IMA Group Blocked at Far End,Minor
268390417,BTS3900,25834,IMA Group Blocked at Far End,Minor
8200,BTS3900 LTE,25834,IMA Group Blocked at Far End,Minor
268390523,BTS5900 WCDMA,25834,IMA Group Blocked at Far End,Minor
125,BTS3900 WCDMA,25834,IMA Group Blocked at Far End,Minor
268390409,BSC6910UMTS,21233,IMA Group Blocked at Far End,Warning
268390522,BTS5900 LTE,25830,IMA Group Configuration Aborted,Major
125,BTS3900 WCDMA,25830,IMA Group Configuration Aborted,Major
268390417,BTS3900,25830,IMA Group Configuration Aborted,Major
8200,BTS3900 LTE,25830,IMA Group Configuration Aborted,Major
268390521,BTS5900,25830,IMA Group Configuration Aborted,Major
268390523,BTS5900 WCDMA,25830,IMA Group Configuration Aborted,Major
268390409,BSC6910UMTS,21229,IMA Group Configuration Aborted,Major
268390522,BTS5900 LTE,25831,IMA Group Configuration Aborted at Far End,Minor
268390417,BTS3900,25831,IMA Group Configuration Aborted at Far End,Minor
8200,BTS3900 LTE,25831,IMA Group Configuration Aborted at Far End,Minor
125,BTS3900 WCDMA,25831,IMA Group Configuration Aborted at Far End,Minor
268390521,BTS5900,25831,IMA Group Configuration Aborted at Far End,Minor
268390523,BTS5900 WCDMA,25831,IMA Group Configuration Aborted at Far End,Minor
268390409,BSC6910UMTS,21230,IMA Group Configuration Aborted at Far End,Warning
268390409,BSC6910UMTS,21236,IMA Group Local Startup,Minor
268390522,BTS5900 LTE,25829,IMA Group Startup at Far End,Minor
125,BTS3900 WCDMA,25829,IMA Group Startup at Far End,Minor
268390521,BTS5900,25829,IMA Group Startup at Far End,Minor
268390417,BTS3900,25829,IMA Group Startup at Far End,Minor
8200,BTS3900 LTE,25829,IMA Group Startup at Far End,Minor
268390523,BTS5900 WCDMA,25829,IMA Group Startup at Far End,Minor
268390409,BSC6910UMTS,21228,IMA Group Startup at Far End,Warning
268390522,BTS5900 LTE,25823,IMA Link Loss of Frame,Major
125,BTS3900 WCDMA,25823,IMA Link Loss of Frame,Major
268390417,BTS3900,25823,IMA Link Loss of Frame,Major
8200,BTS3900 LTE,25823,IMA Link Loss of Frame,Major
268390521,BTS5900,25823,IMA Link Loss of Frame,Major
268390523,BTS5900 WCDMA,25823,IMA Link Loss of Frame,Major
268390409,BSC6910UMTS,21221,IMA Link Loss of Frame,Minor
268390522,BTS5900 LTE,25824,IMA Link Out of Delay Synchronization,Major
125,BTS3900 WCDMA,25824,IMA Link Out of Delay Synchronization,Major
268390417,BTS3900,25824,IMA Link Out of Delay Synchronization,Major
8200,BTS3900 LTE,25824,IMA Link Out of Delay Synchronization,Major
268390521,BTS5900,25824,IMA Link Out of Delay Synchronization,Major
268390523,BTS5900 WCDMA,25824,IMA Link Out of Delay Synchronization,Major
268390409,BSC6910UMTS,21222,IMA Link Out of Delay Synchronization,Minor
268390522,BTS5900 LTE,25826,IMA Link RX Fault,Major
125,BTS3900 WCDMA,25826,IMA Link RX Fault,Major
268390417,BTS3900,25826,IMA Link RX Fault,Major
8200,BTS3900 LTE,25826,IMA Link RX Fault,Major
268390521,BTS5900,25826,IMA Link RX Fault,Major
268390523,BTS5900 WCDMA,25826,IMA Link RX Fault,Major
268390521,BTS5900,25828,IMA Link RX Unusable at Far End,Minor
8200,BTS3900 LTE,25828,IMA Link RX Unusable at Far End,Minor
268390522,BTS5900 LTE,25828,IMA Link RX Unusable at Far End,Minor
268390417,BTS3900,25828,IMA Link RX Unusable at Far End,Minor
125,BTS3900 WCDMA,25828,IMA Link RX Unusable at Far End,Minor
268390523,BTS5900 WCDMA,25828,IMA Link RX Unusable at Far End,Minor
268390409,BSC6910UMTS,21226,IMA Link RX Unusable at Far End,Minor
268390521,BTS5900,25825,IMA Link Remote Failure Indication,Minor
8200,BTS3900 LTE,25825,IMA Link Remote Failure Indication,Minor
268390417,BTS3900,25825,IMA Link Remote Failure Indication,Minor
125,BTS3900 WCDMA,25825,IMA Link Remote Failure Indication,Minor
268390522,BTS5900 LTE,25825,IMA Link Remote Failure Indication,Minor
268390523,BTS5900 WCDMA,25825,IMA Link Remote Failure Indication,Minor
268390409,BSC6910UMTS,21223,IMA Link Remote Failure Indication,Minor
268390521,BTS5900,25827,IMA Link TX Unusable at Far End,Minor
8200,BTS3900 LTE,25827,IMA Link TX Unusable at Far End,Minor
268390417,BTS3900,25827,IMA Link TX Unusable at Far End,Minor
125,BTS3900 WCDMA,25827,IMA Link TX Unusable at Far End,Minor
268390522,BTS5900 LTE,25827,IMA Link TX Unusable at Far End,Minor
268390523,BTS5900 WCDMA,25827,IMA Link TX Unusable at Far End,Minor
268390409,BSC6910UMTS,21225,IMA Link TX Unusable at Far End,Minor
268390522,BTS5900 LTE,25821,IMA/UNI Link Loss of Cell Delineation,Major
268390521,BTS5900,25821,IMA/UNI Link Loss of Cell Delineation,Major
8200,BTS3900 LTE,25821,IMA/UNI Link Loss of Cell Delineation,Major
268390417,BTS3900,25821,IMA/UNI Link Loss of Cell Delineation,Major
125,BTS3900 WCDMA,25821,IMA/UNI Link Loss of Cell Delineation,Major
268390523,BTS5900 WCDMA,25821,IMA/UNI Link Loss of Cell Delineation,Major
268390409,BSC6910UMTS,21227,IMA/UNI Link Loss of Cell Delineation,Minor
268390408,BSC6910GSM,3724,IOMU Aging alarm,Major
8193,GBTS,3724,IOMU Aging alarm,Major
8193,GBTS,3692,IOMU Clock Alarm,Major
268390408,BSC6910GSM,3692,IOMU Clock Alarm,Major
268390408,BSC6910GSM,3720,IOMU Extended 4B Alarm,Major
8193,GBTS,3720,IOMU Extended 4B Alarm,Major
8193,GBTS,3686,IOMU Flash Memory Alarm,Major
268390408,BSC6910GSM,3686,IOMU Flash Memory Alarm,Major
8193,GBTS,3682,IOMU Software Alarm,Major
268390408,BSC6910GSM,3682,IOMU Software Alarm,Major
268390408,BSC6910GSM,3696,IOMU Temperature Alarm,Warning
8193,GBTS,3696,IOMU Temperature Alarm,Warning
8193,GBTS,3694,IOMU Temperature Major Alarm,Major
268390408,BSC6910GSM,3694,IOMU Temperature Major Alarm,Major
8193,GBTS,3680,IOMU communication alarm,Major
268390408,BSC6910GSM,3680,IOMU communication alarm,Major
268390408,BSC6910GSM,3670,IOMU extended 32 alarm,Warning
8193,GBTS,3670,IOMU extended 32 alarm,Warning
268390408,BSC6910GSM,3676,IOMU extended 35 alarm,Warning
8193,GBTS,3676,IOMU extended 35 alarm,Warning
268390408,BSC6910GSM,3678,IOMU extended 36 alarm,Warning
8193,GBTS,3678,IOMU extended 36 alarm,Warning
8193,GBTS,3688,IOMU extended 3B alarm,Warning
268390408,BSC6910GSM,3688,IOMU extended 3B alarm,Warning
268390408,BSC6910GSM,3690,IOMU extended 3C alarm,Warning
8193,GBTS,3690,IOMU extended 3C alarm,Warning
8193,GBTS,3698,IOMU extended 40 alarm,Warning
268390408,BSC6910GSM,3698,IOMU extended 40 alarm,Warning
268390408,BSC6910GSM,3726,IOMU extended 4E alarm,Warning
8193,GBTS,3726,IOMU extended 4E alarm,Warning
268390408,BSC6910GSM,3730,IOMU extended 50 alarm,Warning
8193,GBTS,3730,IOMU extended 50 alarm,Warning
268390408,BSC6910GSM,3732,IOMU extended 51 alarm,Warning
8193,GBTS,3732,IOMU extended 51 alarm,Warning
268390408,BSC6910GSM,3734,IOMU extended 52 alarm,Warning
8193,GBTS,3734,IOMU extended 52 alarm,Warning
268390408,BSC6910GSM,3736,IOMU extended 53 alarm,Warning
8193,GBTS,3736,IOMU extended 53 alarm,Warning
268390408,BSC6910GSM,3738,IOMU extended 54 alarm,Warning
8193,GBTS,3738,IOMU extended 54 alarm,Warning
268390408,BSC6910GSM,3740,IOMU extended 55 alarm,Warning
8193,GBTS,3740,IOMU extended 55 alarm,Warning
8193,GBTS,3742,IOMU extended 56 alarm,Warning
268390408,BSC6910GSM,3742,IOMU extended 56 alarm,Warning
8193,GBTS,3744,IOMU extended 57 alarm,Warning
268390408,BSC6910GSM,3744,IOMU extended 57 alarm,Warning
8193,GBTS,3746,IOMU extended 58 alarm,Warning
268390408,BSC6910GSM,3746,IOMU extended 58 alarm,Warning
268390408,BSC6910GSM,3748,IOMU extended 59 alarm,Warning
8193,GBTS,3748,IOMU extended 59 alarm,Warning
268390408,BSC6910GSM,3750,IOMU extended 5A alarm,Warning
8193,GBTS,3750,IOMU extended 5A alarm,Warning
8193,GBTS,3752,IOMU extended 5B alarm,Warning
268390408,BSC6910GSM,3752,IOMU extended 5B alarm,Warning
8193,GBTS,3754,IOMU extended 5C alarm,Warning
268390408,BSC6910GSM,3754,IOMU extended 5C alarm,Warning
8193,GBTS,3756,IOMU extended 5D alarm,Warning
268390408,BSC6910GSM,3756,IOMU extended 5D alarm,Warning
8193,GBTS,3758,IOMU extended 5E alarm,Warning
268390408,BSC6910GSM,3758,IOMU extended 5E alarm,Warning
8193,GBTS,3760,IOMU extended 5F alarm,Warning
268390408,BSC6910GSM,3760,IOMU extended 5F alarm,Warning
8193,GBTS,3762,IOMU extended 60 alarm,Warning
268390408,BSC6910GSM,3762,IOMU extended 60 alarm,Warning
8193,GBTS,3764,IOMU extended 61 alarm,Warning
268390408,BSC6910GSM,3764,IOMU extended 61 alarm,Warning
8193,GBTS,3766,IOMU extended 62 alarm,Warning
268390408,BSC6910GSM,3766,IOMU extended 62 alarm,Warning
8193,GBTS,3768,IOMU extended 63 alarm,Warning
268390408,BSC6910GSM,3768,IOMU extended 63 alarm,Warning
8193,GBTS,3770,IOMU extended 64 alarm,Warning
268390408,BSC6910GSM,3770,IOMU extended 64 alarm,Warning
8193,GBTS,3772,IOMU extended 65 alarm,Warning
268390408,BSC6910GSM,3772,IOMU extended 65 alarm,Warning
8193,GBTS,3774,IOMU extended 66 alarm,Warning
268390408,BSC6910GSM,3774,IOMU extended 66 alarm,Warning
8193,GBTS,3776,IOMU extended 67 alarm,Warning
268390408,BSC6910GSM,3776,IOMU extended 67 alarm,Warning
8193,GBTS,3778,IOMU extended 68 alarm,Warning
268390408,BSC6910GSM,3778,IOMU extended 68 alarm,Warning
8193,GBTS,3780,IOMU extended 69 alarm,Warning
268390408,BSC6910GSM,3780,IOMU extended 69 alarm,Warning
8193,GBTS,3782,IOMU extended 6A alarm,Warning
268390408,BSC6910GSM,3782,IOMU extended 6A alarm,Warning
8193,GBTS,3784,IOMU extended 6B alarm,Warning
268390408,BSC6910GSM,3784,IOMU extended 6B alarm,Warning
8193,GBTS,3786,IOMU extended 6C alarm,Warning
268390408,BSC6910GSM,3786,IOMU extended 6C alarm,Warning
8193,GBTS,3788,IOMU extended 6D alarm,Warning
268390408,BSC6910GSM,3788,IOMU extended 6D alarm,Warning
8193,GBTS,3790,IOMU extended 6E alarm,Warning
268390408,BSC6910GSM,3790,IOMU extended 6E alarm,Warning
8193,GBTS,3792,IOMU extended 6F alarm,Warning
268390408,BSC6910GSM,3792,IOMU extended 6F alarm,Warning
268390521,BTS5900,25885,IP Address Conflict,Minor
8200,BTS3900 LTE,25885,IP Address Conflict,Minor
268390417,BTS3900,25885,IP Address Conflict,Minor
268390451,MICRO BTS3900,25885,IP Address Conflict,Minor
268390522,BTS5900 LTE,25885,IP Address Conflict,Minor
268390523,BTS5900 WCDMA,25885,IP Address Conflict,Minor
268390540,BTS3900 5G,25885,IP Address Conflict,Minor
268390526,BTS5900 5G,25885,IP Address Conflict,Minor
268390409,BSC6910UMTS,21347,IP Address Conflict,Minor
268390408,BSC6910GSM,21347,IP Address Conflict,Minor
125,BTS3900 WCDMA,25885,IP Address Conflict,Minor
8193,GBTS,25885,IP Address Conflict,Minor
268390408,BSC6910GSM,25885,IP Address Conflict,Minor
268390409,BSC6910UMTS,21602,IP Address In Transmission Resource Pool Blocked,Warning
268390408,BSC6910GSM,21602,IP Address In Transmission Resource Pool Blocked,Warning
8200,BTS3900 LTE,26263,IP Clock Link Failure,Minor
125,BTS3900 WCDMA,26263,IP Clock Link Failure,Minor
268390521,BTS5900,26263,IP Clock Link Failure,Minor
8193,GBTS,26263,IP Clock Link Failure,Minor
268390522,BTS5900 LTE,26263,IP Clock Link Failure,Minor
268390417,BTS3900,26263,IP Clock Link Failure,Minor
268390451,MICRO BTS3900,26263,IP Clock Link Failure,Minor
268390523,BTS5900 WCDMA,26263,IP Clock Link Failure,Minor
268390408,BSC6910GSM,26263,IP Clock Link Failure,Minor
268390526,BTS5900 5G,26263,IP Clock Link Failure,Minor
268390540,BTS3900 5G,26263,IP Clock Link Failure,Minor
268390409,BSC6910UMTS,21346,IP Connectivity Check Failure,Major
268390408,BSC6910GSM,21346,IP Connectivity Check Failure,Major
268390451,MICRO BTS3900,25897,IP Excessive Frame Error Rate,Minor
268390521,BTS5900,25897,IP Excessive Frame Error Rate,Minor
268390522,BTS5900 LTE,25897,IP Excessive Frame Error Rate,Minor
268390417,BTS3900,25897,IP Excessive Frame Error Rate,Minor
8200,BTS3900 LTE,25897,IP Excessive Frame Error Rate,Minor
268390540,BTS3900 5G,25897,IP Excessive Frame Error Rate,Minor
268390526,BTS5900 5G,25897,IP Excessive Frame Error Rate,Minor
268390523,BTS5900 WCDMA,25897,IP Excessive Frame Error Rate,Minor
268390408,BSC6910GSM,11362,IP Excessive Frame Error Rate,Major
125,BTS3900 WCDMA,25897,IP Excessive Frame Error Rate,Minor
8193,GBTS,11362,IP Excessive Frame Error Rate,Major
268390451,MICRO BTS3900,25904,IP Link Performance Measurement Fault,Minor
268390522,BTS5900 LTE,25904,IP Link Performance Measurement Fault,Minor
268390417,BTS3900,25904,IP Link Performance Measurement Fault,Minor
268390526,BTS5900 5G,25904,IP Link Performance Measurement Fault,Minor
268390521,BTS5900,25904,IP Link Performance Measurement Fault,Minor
8200,BTS3900 LTE,25904,IP Link Performance Measurement Fault,Minor
268390523,BTS5900 WCDMA,25904,IP Link Performance Measurement Fault,Minor
268390408,BSC6910GSM,21354,IP Link Performance Measurement Fault,Minor
268390540,BTS3900 5G,25904,IP Link Performance Measurement Fault,Minor
125,BTS3900 WCDMA,25904,IP Link Performance Measurement Fault,Minor
268390409,BSC6910UMTS,21354,IP Link Performance Measurement Fault,Minor
268390409,BSC6910UMTS,21587,IP Logical Port Congestion,Minor
268390408,BSC6910GSM,21587,IP Logical Port Congestion,Minor
268390451,MICRO BTS3900,25900,IP PM Activation Failure,Minor
268390417,BTS3900,25900,IP PM Activation Failure,Minor
8200,BTS3900 LTE,25900,IP PM Activation Failure,Minor
268390522,BTS5900 LTE,25900,IP PM Activation Failure,Minor
268390521,BTS5900,25900,IP PM Activation Failure,Minor
268390523,BTS5900 WCDMA,25900,IP PM Activation Failure,Minor
268390526,BTS5900 5G,25900,IP PM Activation Failure,Minor
268390409,BSC6910UMTS,21341,IP PM Activation Failure,Minor
268390540,BTS3900 5G,25900,IP PM Activation Failure,Minor
125,BTS3900 WCDMA,25900,IP PM Activation Failure,Minor
268390408,BSC6910GSM,21341,IP PM Activation Failure,Minor
268390409,BSC6910UMTS,21396,IP PM Capability Exceeded,Minor
268390408,BSC6910GSM,21396,IP PM Capability Exceeded,Minor
8193,GBTS,28052,IP PM Excessive Packet Loss Rate,Minor
268390408,BSC6910GSM,28052,IP PM Excessive Packet Loss Rate,Minor
268390417,BTS3900,25898,IP Path Excessive Packet Loss Rate,Minor
8200,BTS3900 LTE,25898,IP Path Excessive Packet Loss Rate,Minor
268390451,MICRO BTS3900,25898,IP Path Excessive Packet Loss Rate,Minor
268390521,BTS5900,25898,IP Path Excessive Packet Loss Rate,Minor
268390522,BTS5900 LTE,25898,IP Path Excessive Packet Loss Rate,Minor
268390523,BTS5900 WCDMA,25898,IP Path Excessive Packet Loss Rate,Minor
125,BTS3900 WCDMA,25898,IP Path Excessive Packet Loss Rate,Minor
268390417,BTS3900,25886,IP Path Fault,Major
268390521,BTS5900,25886,IP Path Fault,Major
268390522,BTS5900 LTE,25886,IP Path Fault,Major
8200,BTS3900 LTE,25886,IP Path Fault,Major
268390451,MICRO BTS3900,25886,IP Path Fault,Major
268390523,BTS5900 WCDMA,25886,IP Path Fault,Major
125,BTS3900 WCDMA,25886,IP Path Fault,Major
8200,BTS3900 LTE,25896,IP Remote Loopback,Major
268390522,BTS5900 LTE,25896,IP Remote Loopback,Major
268390521,BTS5900,25896,IP Remote Loopback,Major
268390417,BTS3900,25896,IP Remote Loopback,Major
268390451,MICRO BTS3900,25896,IP Remote Loopback,Major
268390523,BTS5900 WCDMA,25896,IP Remote Loopback,Major
268390526,BTS5900 5G,25896,IP Remote Loopback,Major
268390540,BTS3900 5G,25896,IP Remote Loopback,Major
125,BTS3900 WCDMA,25896,IP Remote Loopback,Major
268390409,BSC6910UMTS,21401,IP Route Configuration Inconsistency,Major
268390408,BSC6910GSM,21401,IP Route Configuration Inconsistency,Major
8193,GBTS,11332,IP clock abnormal alarm,Major
268390408,BSC6910GSM,11332,IP clock abnormal alarm,Major
268390408,BSC6910GSM,3610,IPAU Temperature alarm,Major
8193,GBTS,3610,IPAU Temperature alarm,Major
268390521,BTS5900,25947,IPv6 Address Conflict,Warning
268390522,BTS5900 LTE,25947,IPv6 Address Conflict,Warning
268390526,BTS5900 5G,25947,IPv6 Address Conflict,Warning
268390417,BTS3900,25947,IPv6 Address Conflict,Warning
8200,BTS3900 LTE,25947,IPv6 Address Conflict,Warning
268390540,BTS3900 5G,25947,IPv6 Address Conflict,Warning
268390523,BTS5900 WCDMA,25947,IPv6 Address Conflict,Warning
125,BTS3900 WCDMA,25947,IPv6 Address Conflict,Warning
268390409,BSC6910UMTS,21608,IURP Link Congestion,Minor
268390409,BSC6910UMTS,21606,IURP Link Fault,Major
100000,OSS,100450,Illegal Request Detected,Minor
268390522,BTS5900 LTE,26840,Imminent Certificate Expiry,Minor
268390521,BTS5900,26840,Imminent Certificate Expiry,Minor
268390417,BTS3900,26840,Imminent Certificate Expiry,Minor
268390526,BTS5900 5G,26840,Imminent Certificate Expiry,Minor
268390451,MICRO BTS3900,26840,Imminent Certificate Expiry,Minor
268390523,BTS5900 WCDMA,26840,Imminent Certificate Expiry,Minor
268390540,BTS3900 5G,26840,Imminent Certificate Expiry,Minor
268390408,BSC6910GSM,26840,Imminent Certificate Expiry,Minor
8193,GBTS,26840,Imminent Certificate Expiry,Minor
8200,BTS3900 LTE,26840,Imminent Certificate Expiry,Minor
125,BTS3900 WCDMA,26840,Imminent Certificate Expiry,Minor
268390409,BSC6910UMTS,22240,Inappropriate NodeB Deployment,Minor
100000,OSS,650013,Inbound Flow Bandwidth Usage of a Host Exceeds the Threshold,Major
268390408,BSC6910GSM,21830,Inconsistency Between Data in Board Database and Service Data,Minor
268390408,BSC6910GSM,20744,Inconsistency Between NE ESN and License ESN,Minor
100000,OSS,707,Inconsistent BSC Node Redundancy Configuration,Minor
8193,GBTS,13328,Inconsistent Parameter Configuration Alarm,Warning
268390408,BSC6910GSM,13328,Inconsistent Parameter Configuration Alarm,Warning
100000,OSS,703,Inconsistent RNC Pool Configuration,Major
100000,OSS,706,Inconsistent RNC in Pool Configuration,Major
268390408,BSC6910GSM,20705,Inconsistent Software Versions Between Active and Standby OMUs,Major
268390409,BSC6910UMTS,20705,Inconsistent Software Versions Between Active and Standby OMUs,Major
268390408,BSC6910GSM,20248,Incorrect Board Slot Information,Major
268390409,BSC6910UMTS,20248,Incorrect Board Slot Information,Major
268390408,BSC6910GSM,20220,Incorrect Connection of Ethernet Cables Between Subracks,Major
268390409,BSC6910UMTS,20220,Incorrect Connection of Ethernet Cables Between Subracks,Major
100000,OSS,700012,Incorrect Format of Fingerprint File for OS User Password-free SSH Login,Major
8193,GBTS,13330,Incorrect GPS receiver work mode configuration Alarm,Minor
268390408,BSC6910GSM,13330,Incorrect GPS receiver work mode configuration Alarm,Minor
268390408,BSC6910GSM,20237,Incorrect MAC Entries for Backplane Ports of the GE Switching Board,Major
268390409,BSC6910UMTS,20237,Incorrect MAC Entries for Backplane Ports of the GE Switching Board,Major
268390408,BSC6910GSM,20238,Incorrect MAC Entries for Panel Ports of the GE Switching Board,Major
268390409,BSC6910UMTS,20238,Incorrect MAC Entries for Panel Ports of the GE Switching Board,Major
268390408,BSC6910GSM,20912,Incorrect OMU Network Configuration Mode,Major
268390409,BSC6910UMTS,20912,Incorrect OMU Network Configuration Mode,Major
268390521,BTS5900,29832,Industrial User Exceeding Limit,Major
268390417,BTS3900,29832,Industrial User Exceeding Limit,Major
8193,GBTS,6508,Infrared Motion Alarm,Major
268390408,BSC6910GSM,6508,Infrared Motion Alarm,Major
8193,GBTS,5738,Inner Circulation Fan Abnormal,Major
268390408,BSC6910GSM,5738,Inner Circulation Fan Abnormal,Major
8193,GBTS,3970,Inner Circulation Fan Abnormal,Major
268390408,BSC6910GSM,3970,Inner Circulation Fan Abnormal,Major
8193,GBTS,5724,Input Mains Lack of Phase,Major
268390408,BSC6910GSM,5724,Input Mains Lack of Phase,Major
8193,GBTS,5636,Input Mains Lack of Phase Alarm,Major
268390408,BSC6910GSM,5636,Input Mains Lack of Phase Alarm,Major
100000,OSS,405,Insufficient Free Space of the Performance Database,Critical
100000,OSS,650016,Insufficient Key Resources of the Virtual Network,Major
268390409,BSC6910UMTS,20743,Insufficient License Resources,Major
268390408,BSC6910GSM,20743,Insufficient License Resources,Major
268390409,BSC6910UMTS,22512,Insufficient Resources for Processing Enhanced Data,Major
268390408,BSC6910GSM,22511,Insufficient Resources for Processing Smart Services,Major
268390409,BSC6910UMTS,22511,Insufficient Resources for Processing Smart Services,Major
268390409,BSC6910UMTS,21604,Insufficient Transmission Resources,Major
268390408,BSC6910GSM,21604,Insufficient Transmission Resources,Major
100000,OSS,268390406,Intelligent BSC Cold Backup Task Failure,Minor
8200,BTS3900 LTE,26310,Inter-BBU Optical Module Fault,Warning
268390417,BTS3900,26310,Inter-BBU Optical Module Fault,Warning
268390521,BTS5900,26310,Inter-BBU Optical Module Fault,Warning
8193,GBTS,26310,Inter-BBU Optical Module Fault,Warning
268390522,BTS5900 LTE,26310,Inter-BBU Optical Module Fault,Warning
125,BTS3900 WCDMA,26310,Inter-BBU Optical Module Fault,Warning
268390523,BTS5900 WCDMA,26310,Inter-BBU Optical Module Fault,Warning
268390526,BTS5900 5G,26310,Inter-BBU Optical Module Fault,Warning
268390540,BTS3900 5G,26310,Inter-BBU Optical Module Fault,Warning
268390408,BSC6910GSM,26310,Inter-BBU Optical Module Fault,Warning
125,BTS3900 WCDMA,26311,Inter-BBU Optical Module Not in Position,Major
8193,GBTS,26311,Inter-BBU Optical Module Not in Position,Major
268390417,BTS3900,26311,Inter-BBU Optical Module Not in Position,Major
8200,BTS3900 LTE,26311,Inter-BBU Optical Module Not in Position,Major
268390521,BTS5900,26311,Inter-BBU Optical Module Not in Position,Major
268390522,BTS5900 LTE,26311,Inter-BBU Optical Module Not in Position,Major
268390523,BTS5900 WCDMA,26311,Inter-BBU Optical Module Not in Position,Major
268390526,BTS5900 5G,26311,Inter-BBU Optical Module Not in Position,Major
268390408,BSC6910GSM,26311,Inter-BBU Optical Module Not in Position,Major
268390540,BTS3900 5G,26311,Inter-BBU Optical Module Not in Position,Major
8193,GBTS,26312,Inter-BBU Optical Module Receive Failure,Minor
268390408,BSC6910GSM,26312,Inter-BBU Optical Module Receive Failure,Minor
8193,GBTS,26313,Inter-BBU Optical Module Transmit Failure,Minor
268390408,BSC6910GSM,26313,Inter-BBU Optical Module Transmit Failure,Minor
8193,GBTS,26314,Inter-BBU Port  Failure,Minor
268390408,BSC6910GSM,26314,Inter-BBU Port  Failure,Minor
268390417,BTS3900,26315,Inter-BBU Port Connection Error,Major
268390522,BTS5900 LTE,26315,Inter-BBU Port Connection Error,Major
8200,BTS3900 LTE,26315,Inter-BBU Port Connection Error,Major
125,BTS3900 WCDMA,26315,Inter-BBU Port Connection Error,Major
268390521,BTS5900,26315,Inter-BBU Port Connection Error,Major
8193,GBTS,26315,Inter-BBU Port Connection Error,Major
268390523,BTS5900 WCDMA,26315,Inter-BBU Port Connection Error,Major
268390526,BTS5900 5G,26315,Inter-BBU Port Connection Error,Major
268390408,BSC6910GSM,26315,Inter-BBU Port Connection Error,Major
268390540,BTS3900 5G,26315,Inter-BBU Port Connection Error,Major
268390522,BTS5900 LTE,26314,Inter-BBU Port Failure,Minor
268390417,BTS3900,26314,Inter-BBU Port Failure,Minor
125,BTS3900 WCDMA,26314,Inter-BBU Port Failure,Minor
8200,BTS3900 LTE,26314,Inter-BBU Port Failure,Minor
268390521,BTS5900,26314,Inter-BBU Port Failure,Minor
268390523,BTS5900 WCDMA,26314,Inter-BBU Port Failure,Minor
268390526,BTS5900 5G,26314,Inter-BBU Port Failure,Minor
268390540,BTS3900 5G,26314,Inter-BBU Port Failure,Minor
268390522,BTS5900 LTE,26101,Inter-Board CANBUS Communication Failure,Warning
268390526,BTS5900 5G,26101,Inter-Board CANBUS Communication Failure,Warning
268390417,BTS3900,26101,Inter-Board CANBUS Communication Failure,Warning
8200,BTS3900 LTE,26101,Inter-Board CANBUS Communication Failure,Warning
268390521,BTS5900,26101,Inter-Board CANBUS Communication Failure,Warning
268390523,BTS5900 WCDMA,26101,Inter-Board CANBUS Communication Failure,Warning
268390540,BTS3900 5G,26101,Inter-Board CANBUS Communication Failure,Warning
8193,GBTS,26101,Inter-Board CANBUS Communication Failure,Warning
268390408,BSC6910GSM,26101,Inter-Board CANBUS Communication Failure,Warning
125,BTS3900 WCDMA,26101,Inter-Board CANBUS Communication Failure,Warning
268390521,BTS5900,26215,Inter-Board Service Link Failure,Major
8200,BTS3900 LTE,26215,Inter-Board Service Link Failure,Major
268390417,BTS3900,26215,Inter-Board Service Link Failure,Major
125,BTS3900 WCDMA,26215,Inter-Board Service Link Failure,Major
268390522,BTS5900 LTE,26215,Inter-Board Service Link Failure,Major
268390523,BTS5900 WCDMA,26215,Inter-Board Service Link Failure,Major
268390408,BSC6910GSM,26215,Inter-Board Service Link Failure,Major
268390526,BTS5900 5G,26215,Inter-Board Service Link Failure,Major
268390540,BTS3900 5G,26215,Inter-Board Service Link Failure,Major
8193,GBTS,26215,Inter-Board Service Link Failure,Major
268390522,BTS5900 LTE,25720,Inter-CCU Port Connection Error,Major
268390521,BTS5900,25720,Inter-CCU Port Connection Error,Major
8200,BTS3900 LTE,25720,Inter-CCU Port Connection Error,Major
125,BTS3900 WCDMA,25720,Inter-CCU Port Connection Error,Major
268390417,BTS3900,25720,Inter-CCU Port Connection Error,Major
268390526,BTS5900 5G,25720,Inter-CCU Port Connection Error,Major
268390523,BTS5900 WCDMA,25720,Inter-CCU Port Connection Error,Major
268390540,BTS3900 5G,25720,Inter-CCU Port Connection Error,Major
268390408,BSC6910GSM,25720,Inter-CCU Port Connection Error,Major
8193,GBTS,25720,Inter-CCU Port Connection Error,Major
8200,BTS3900 LTE,26116,Inter-NE Address Conflict,Major
268390522,BTS5900 LTE,26116,Inter-NE Address Conflict,Major
268390417,BTS3900,26116,Inter-NE Address Conflict,Major
268390521,BTS5900,26116,Inter-NE Address Conflict,Major
268390523,BTS5900 WCDMA,26116,Inter-NE Address Conflict,Major
268390526,BTS5900 5G,26116,Inter-NE Address Conflict,Major
268390540,BTS3900 5G,26116,Inter-NE Address Conflict,Major
125,BTS3900 WCDMA,26116,Inter-NE Address Conflict,Major
268390417,BTS3900,26273,Inter-System BBU Board Parameter Settings Conflict,Warning
8200,BTS3900 LTE,26273,Inter-System BBU Board Parameter Settings Conflict,Warning
268390522,BTS5900 LTE,26273,Inter-System BBU Board Parameter Settings Conflict,Warning
125,BTS3900 WCDMA,26273,Inter-System BBU Board Parameter Settings Conflict,Warning
268390521,BTS5900,26273,Inter-System BBU Board Parameter Settings Conflict,Warning
8193,GBTS,26273,Inter-System BBU Board Parameter Settings Conflict,Warning
268390523,BTS5900 WCDMA,26273,Inter-System BBU Board Parameter Settings Conflict,Warning
268390526,BTS5900 5G,26273,Inter-System BBU Board Parameter Settings Conflict,Warning
268390408,BSC6910GSM,26273,Inter-System BBU Board Parameter Settings Conflict,Warning
268390540,BTS3900 5G,26273,Inter-System BBU Board Parameter Settings Conflict,Warning
8200,BTS3900 LTE,26279,Inter-System Board Installation and Configuration Mismatch,Minor
268390417,BTS3900,26279,Inter-System Board Installation and Configuration Mismatch,Minor
8193,GBTS,26279,Inter-System Board Installation and Configuration Mismatch,Minor
268390521,BTS5900,26279,Inter-System Board Installation and Configuration Mismatch,Minor
268390522,BTS5900 LTE,26279,Inter-System Board Installation and Configuration Mismatch,Minor
125,BTS3900 WCDMA,26279,Inter-System Board Installation and Configuration Mismatch,Minor
268390523,BTS5900 WCDMA,26279,Inter-System Board Installation and Configuration Mismatch,Minor
268390540,BTS3900 5G,26279,Inter-System Board Installation and Configuration Mismatch,Minor
268390526,BTS5900 5G,26279,Inter-System Board Installation and Configuration Mismatch,Minor
268390408,BSC6910GSM,26279,Inter-System Board Installation and Configuration Mismatch,Minor
268390417,BTS3900,26274,Inter-System Board Object Configuration Conflict,Major
8200,BTS3900 LTE,26274,Inter-System Board Object Configuration Conflict,Major
8193,GBTS,26274,Inter-System Board Object Configuration Conflict,Major
268390522,BTS5900 LTE,26274,Inter-System Board Object Configuration Conflict,Major
268390521,BTS5900,26274,Inter-System Board Object Configuration Conflict,Major
125,BTS3900 WCDMA,26274,Inter-System Board Object Configuration Conflict,Major
268390523,BTS5900 WCDMA,26274,Inter-System Board Object Configuration Conflict,Major
268390526,BTS5900 5G,26274,Inter-System Board Object Configuration Conflict,Major
268390540,BTS3900 5G,26274,Inter-System Board Object Configuration Conflict,Major
268390408,BSC6910GSM,26274,Inter-System Board Object Configuration Conflict,Major
268390522,BTS5900 LTE,26912,Inter-System CXU Parameter Settings Conflict,Major
268390417,BTS3900,26912,Inter-System CXU Parameter Settings Conflict,Major
268390521,BTS5900,26912,Inter-System CXU Parameter Settings Conflict,Major
268390540,BTS3900 5G,26912,Inter-System CXU Parameter Settings Conflict,Major
268390523,BTS5900 WCDMA,26912,Inter-System CXU Parameter Settings Conflict,Major
268390526,BTS5900 5G,26912,Inter-System CXU Parameter Settings Conflict,Major
8200,BTS3900 LTE,26912,Inter-System CXU Parameter Settings Conflict,Major
125,BTS3900 WCDMA,26912,Inter-System CXU Parameter Settings Conflict,Major
8200,BTS3900 LTE,26275,Inter-System Cabinet Configuration Conflict,Minor
8193,GBTS,26275,Inter-System Cabinet Configuration Conflict,Minor
268390417,BTS3900,26275,Inter-System Cabinet Configuration Conflict,Minor
268390522,BTS5900 LTE,26275,Inter-System Cabinet Configuration Conflict,Minor
125,BTS3900 WCDMA,26275,Inter-System Cabinet Configuration Conflict,Minor
268390521,BTS5900,26275,Inter-System Cabinet Configuration Conflict,Minor
268390523,BTS5900 WCDMA,26275,Inter-System Cabinet Configuration Conflict,Minor
268390540,BTS3900 5G,26275,Inter-System Cabinet Configuration Conflict,Minor
268390408,BSC6910GSM,26275,Inter-System Cabinet Configuration Conflict,Minor
268390526,BTS5900 5G,26275,Inter-System Cabinet Configuration Conflict,Minor
8193,GBTS,26270,Inter-System Communication Failure,Major
268390417,BTS3900,26270,Inter-System Communication Failure,Major
268390522,BTS5900 LTE,26270,Inter-System Communication Failure,Major
125,BTS3900 WCDMA,26270,Inter-System Communication Failure,Major
268390521,BTS5900,26270,Inter-System Communication Failure,Major
8200,BTS3900 LTE,26270,Inter-System Communication Failure,Major
268390408,BSC6910GSM,26270,Inter-System Communication Failure,Major
268390523,BTS5900 WCDMA,26270,Inter-System Communication Failure,Major
268390540,BTS3900 5G,26270,Inter-System Communication Failure,Major
268390526,BTS5900 5G,26270,Inter-System Communication Failure,Major
268390417,BTS3900,26277,Inter-System Control Rights Conflict,Major
268390522,BTS5900 LTE,26277,Inter-System Control Rights Conflict,Major
125,BTS3900 WCDMA,26277,Inter-System Control Rights Conflict,Major
8200,BTS3900 LTE,26277,Inter-System Control Rights Conflict,Major
8193,GBTS,26277,Inter-System Control Rights Conflict,Major
268390521,BTS5900,26277,Inter-System Control Rights Conflict,Major
268390523,BTS5900 WCDMA,26277,Inter-System Control Rights Conflict,Major
268390408,BSC6910GSM,26277,Inter-System Control Rights Conflict,Major
268390526,BTS5900 5G,26277,Inter-System Control Rights Conflict,Major
268390540,BTS3900 5G,26277,Inter-System Control Rights Conflict,Major
268390521,BTS5900,26271,Inter-System Monitoring Device Parameter Settings Conflict,Warning
8193,GBTS,26271,Inter-System Monitoring Device Parameter Settings Conflict,Warning
268390522,BTS5900 LTE,26271,Inter-System Monitoring Device Parameter Settings Conflict,Warning
8200,BTS3900 LTE,26271,Inter-System Monitoring Device Parameter Settings Conflict,Warning
268390417,BTS3900,26271,Inter-System Monitoring Device Parameter Settings Conflict,Warning
125,BTS3900 WCDMA,26271,Inter-System Monitoring Device Parameter Settings Conflict,Warning
268390523,BTS5900 WCDMA,26271,Inter-System Monitoring Device Parameter Settings Conflict,Warning
268390408,BSC6910GSM,26271,Inter-System Monitoring Device Parameter Settings Conflict,Warning
268390526,BTS5900 5G,26271,Inter-System Monitoring Device Parameter Settings Conflict,Warning
268390540,BTS3900 5G,26271,Inter-System Monitoring Device Parameter Settings Conflict,Warning
8193,GBTS,26272,Inter-System RF Unit Parameter Settings Conflict,Minor
268390521,BTS5900,26272,Inter-System RF Unit Parameter Settings Conflict,Minor
268390522,BTS5900 LTE,26272,Inter-System RF Unit Parameter Settings Conflict,Minor
8200,BTS3900 LTE,26272,Inter-System RF Unit Parameter Settings Conflict,Minor
125,BTS3900 WCDMA,26272,Inter-System RF Unit Parameter Settings Conflict,Minor
268390417,BTS3900,26272,Inter-System RF Unit Parameter Settings Conflict,Minor
268390523,BTS5900 WCDMA,26272,Inter-System RF Unit Parameter Settings Conflict,Minor
268390408,BSC6910GSM,26272,Inter-System RF Unit Parameter Settings Conflict,Minor
268390540,BTS3900 5G,26272,Inter-System RF Unit Parameter Settings Conflict,Minor
268390526,BTS5900 5G,26272,Inter-System RF Unit Parameter Settings Conflict,Minor
268390521,BTS5900,26280,Inter-System RRU Chain Parameter Settings Conflict,Major
8200,BTS3900 LTE,26280,Inter-System RRU Chain Parameter Settings Conflict,Major
268390522,BTS5900 LTE,26280,Inter-System RRU Chain Parameter Settings Conflict,Major
125,BTS3900 WCDMA,26280,Inter-System RRU Chain Parameter Settings Conflict,Major
268390417,BTS3900,26280,Inter-System RRU Chain Parameter Settings Conflict,Major
268390523,BTS5900 WCDMA,26280,Inter-System RRU Chain Parameter Settings Conflict,Major
268390540,BTS3900 5G,26280,Inter-System RRU Chain Parameter Settings Conflict,Major
268390526,BTS5900 5G,26280,Inter-System RRU Chain Parameter Settings Conflict,Major
8193,GBTS,26276,Inter-System Site-Level Configuration Conflict,Major
268390521,BTS5900,26276,Inter-System Site-Level Configuration Conflict,Major
268390417,BTS3900,26276,Inter-System Site-Level Configuration Conflict,Major
8200,BTS3900 LTE,26276,Inter-System Site-Level Configuration Conflict,Major
268390522,BTS5900 LTE,26276,Inter-System Site-Level Configuration Conflict,Major
125,BTS3900 WCDMA,26276,Inter-System Site-Level Configuration Conflict,Major
268390523,BTS5900 WCDMA,26276,Inter-System Site-Level Configuration Conflict,Major
268390526,BTS5900 5G,26276,Inter-System Site-Level Configuration Conflict,Major
268390540,BTS3900 5G,26276,Inter-System Site-Level Configuration Conflict,Major
268390408,BSC6910GSM,26276,Inter-System Site-Level Configuration Conflict,Major
1029527,CommonAlarm,40927,Interference,Critical
100000,OSS,650004,Invalid License File,Major
100000,OSS,103698,Invalid Local Protection,Critical
268390408,BSC6910GSM,21388,Invalid Packets Exceeding Alarm,Major
268390409,BSC6910UMTS,21388,Invalid Packets Exceeding Alarm,Major
100000,OSS,268390401,KPI Anomaly Alarm,Major
268390409,BSC6910UMTS,22302,KPI Exceed Threshold,Major
8193,GBTS,4102,LAPD Alarm,Major
268390408,BSC6910GSM,4102,LAPD Alarm,Major
8193,GBTS,12824,LAPD Link Abnormal Alarm,Critical
268390408,BSC6910GSM,12302,LAPD Link Abnormal Alarm,Critical
268390408,BSC6910GSM,12824,LAPD Link Abnormal Alarm,Critical
8193,GBTS,12302,LAPD Link Abnormal Alarm,Critical
268390408,BSC6910GSM,21511,LAPD Link Congestion,Minor
268390408,BSC6910GSM,3052,LAPD alarm,Major
8193,GBTS,3052,LAPD alarm,Major
268390408,BSC6910GSM,3572,LAPD alarm,Major
8193,GBTS,3572,LAPD alarm,Major
268390523,BTS5900 WCDMA,26406,LCS Engineering Parameter Information Synchronization Failure,Minor
268390522,BTS5900 LTE,26406,LCS Engineering Parameter Information Synchronization Failure,Minor
125,BTS3900 WCDMA,26406,LCS Engineering Parameter Information Synchronization Failure,Minor
8200,BTS3900 LTE,26406,LCS Engineering Parameter Information Synchronization Failure,Minor
268390521,BTS5900,26406,LCS Engineering Parameter Information Synchronization Failure,Minor
268390417,BTS3900,26406,LCS Engineering Parameter Information Synchronization Failure,Minor
8193,GBTS,6370,LOW Analog Input Signal 4 Alarm,Warning
268390408,BSC6910GSM,6370,LOW Analog Input Signal 4 Alarm,Warning
100000,OSS,318,Lack of the lifespan information,Minor
268390523,BTS5900 WCDMA,25967,Layer 2 Traffic Suppression Packet Loss,Major
125,BTS3900 WCDMA,25967,Layer 2 Traffic Suppression Packet Loss,Major
268390522,BTS5900 LTE,25967,Layer 2 Traffic Suppression Packet Loss,Major
268390417,BTS3900,25967,Layer 2 Traffic Suppression Packet Loss,Major
268390521,BTS5900,25967,Layer 2 Traffic Suppression Packet Loss,Major
8200,BTS3900 LTE,25967,Layer 2 Traffic Suppression Packet Loss,Major
8193,GBTS,12830,Level 1 VSWR Alarm,Warning
8193,GBTS,5326,Level 1 VSWR Alarm,Major
268390408,BSC6910GSM,12830,Level 1 VSWR Alarm,Warning
268390408,BSC6910GSM,5326,Level 1 VSWR Alarm,Major
8193,GBTS,5328,Level 2 VSWR Alarm,Critical
8193,GBTS,12832,Level 2 VSWR Alarm,Major
268390408,BSC6910GSM,12832,Level 2 VSWR Alarm,Major
268390408,BSC6910GSM,5328,Level 2 VSWR Alarm,Critical
268390521,BTS5900,26810,License Data Loss,Major
268390522,BTS5900 LTE,26810,License Data Loss,Major
268390417,BTS3900,26810,License Data Loss,Major
268390451,MICRO BTS3900,26810,License Data Loss,Major
268390523,BTS5900 WCDMA,26810,License Data Loss,Major
125,BTS3900 WCDMA,26810,License Data Loss,Major
8200,BTS3900 LTE,26810,License Data Loss,Major
100000,OSS,505,License Expired,Critical
268390521,BTS5900,26823,License Feature About to Expire,Minor
268390522,BTS5900 LTE,26823,License Feature About to Expire,Minor
268390417,BTS3900,26823,License Feature About to Expire,Minor
268390540,BTS3900 5G,26823,License Feature About to Expire,Minor
268390526,BTS5900 5G,26823,License Feature About to Expire,Minor
268390523,BTS5900 WCDMA,26823,License Feature About to Expire,Minor
8200,BTS3900 LTE,26823,License Feature About to Expire,Minor
125,BTS3900 WCDMA,26823,License Feature About to Expire,Minor
100000,OSS,650003,License File Is Not Loaded,Critical
100000,OSS,650002,License Has Expired,Critical
100000,OSS,359,License Has Expired,Critical
268390408,BSC6910GSM,20734,License Inconsistency Between OMU and Host,Major
268390409,BSC6910UMTS,20734,License Inconsistency Between OMU and Host,Major
100000,OSS,501,License Invalid,Critical
100000,OSS,650001,License Is About to Expire,Major
100000,OSS,360,License Is Invalid,Major
100000,OSS,502,License Not Match,Major
100000,OSS,506,License On Trial,Critical
100000,OSS,527,License Value Automatically Assigned by the OSS to the Base Station Less Than the Initial License Value of the Base Station,Major
100000,OSS,358,License Will Expire,Major
268390417,BTS3900,26817,License on Trial,Major
268390522,BTS5900 LTE,26817,License on Trial,Major
268390521,BTS5900,26817,License on Trial,Major
268390540,BTS3900 5G,26817,License on Trial,Major
268390526,BTS5900 5G,26817,License on Trial,Major
268390451,MICRO BTS3900,26817,License on Trial,Major
268390523,BTS5900 WCDMA,26817,License on Trial,Major
125,BTS3900 WCDMA,26817,License on Trial,Major
8200,BTS3900 LTE,26817,License on Trial,Major
268390522,BTS5900 LTE,26815,Licensed Feature Entering Keep-Alive Period,Major
268390417,BTS3900,26815,Licensed Feature Entering Keep-Alive Period,Major
268390521,BTS5900,26815,Licensed Feature Entering Keep-Alive Period,Major
268390523,BTS5900 WCDMA,26815,Licensed Feature Entering Keep-Alive Period,Major
268390540,BTS3900 5G,26815,Licensed Feature Entering Keep-Alive Period,Major
268390451,MICRO BTS3900,26815,Licensed Feature Entering Keep-Alive Period,Major
268390526,BTS5900 5G,26815,Licensed Feature Entering Keep-Alive Period,Major
125,BTS3900 WCDMA,26815,Licensed Feature Entering Keep-Alive Period,Major
8200,BTS3900 LTE,26815,Licensed Feature Entering Keep-Alive Period,Major
268390522,BTS5900 LTE,26816,Licensed Feature Unusable,Major
268390417,BTS3900,26816,Licensed Feature Unusable,Major
268390521,BTS5900,26816,Licensed Feature Unusable,Major
268390523,BTS5900 WCDMA,26816,Licensed Feature Unusable,Major
268390451,MICRO BTS3900,26816,Licensed Feature Unusable,Major
268390540,BTS3900 5G,26816,Licensed Feature Unusable,Major
268390526,BTS5900 5G,26816,Licensed Feature Unusable,Major
8200,BTS3900 LTE,26816,Licensed Feature Unusable,Major
125,BTS3900 WCDMA,26816,Licensed Feature Unusable,Major
268390408,BSC6910GSM,3714,Lightning Protection Box Alarm,Major
8193,GBTS,3714,Lightning Protection Box Alarm,Major
8193,GBTS,8612,Lightning arrester alarm,Major
8193,GBTS,2528,Lightning arrester alarm,Major
268390408,BSC6910GSM,2528,Lightning arrester alarm,Major
268390408,BSC6910GSM,8612,Lightning arrester alarm,Major
8193,GBTS,2248,Lightningproof Box Alarm,Major
268390408,BSC6910GSM,2248,Lightningproof Box Alarm,Major
268390408,BSC6910GSM,4748,Lightningproof Box Alarm,Major
8193,GBTS,4748,Lightningproof Box Alarm,Major
268390408,BSC6910GSM,20221,Link Between GE Switching Boards Faulty,Major
268390409,BSC6910UMTS,20221,Link Between GE Switching Boards Faulty,Major
268390409,BSC6910UMTS,21609,Link Packets Exceeding,Major
268390408,BSC6910GSM,21609,Link Packets Exceeding,Major
268390522,BTS5900 LTE,25623,Load  Disconnect,Warning
268390521,BTS5900,25623,Load  Disconnect,Warning
8200,BTS3900 LTE,25623,Load  Disconnect,Warning
268390417,BTS3900,25623,Load  Disconnect,Warning
8193,GBTS,25623,Load  Disconnect,Warning
268390526,BTS5900 5G,25623,Load  Disconnect,Warning
268390523,BTS5900 WCDMA,25623,Load  Disconnect,Warning
268390540,BTS3900 5G,25623,Load  Disconnect,Warning
268390408,BSC6910GSM,25623,Load  Disconnect,Warning
125,BTS3900 WCDMA,25623,Load  Disconnect,Warning
100000,OSS,101231,Load Balancing Service Abnormal,Critical
268390521,BTS5900,25631,Load Fuse Broken,Major
268390522,BTS5900 LTE,25631,Load Fuse Broken,Major
8200,BTS3900 LTE,25631,Load Fuse Broken,Major
268390417,BTS3900,25631,Load Fuse Broken,Major
8193,GBTS,25631,Load Fuse Broken,Major
268390526,BTS5900 5G,25631,Load Fuse Broken,Major
268390540,BTS3900 5G,25631,Load Fuse Broken,Major
268390523,BTS5900 WCDMA,25631,Load Fuse Broken,Major
268390408,BSC6910GSM,25631,Load Fuse Broken,Major
125,BTS3900 WCDMA,25631,Load Fuse Broken,Major
268390408,BSC6910GSM,6000,Load Power Off Alarm,Major
268390408,BSC6910GSM,3934,Load Power Off Alarm,Major
268390408,BSC6910GSM,5710,Load Power Off Alarm,Major
8193,GBTS,5710,Load Power Off Alarm,Major
8193,GBTS,6000,Load Power Off Alarm,Major
8193,GBTS,3934,Load Power Off Alarm,Major
268390521,BTS5900,26844,Local Access Maintenance Device Abnormal,Warning
268390522,BTS5900 LTE,26844,Local Access Maintenance Device Abnormal,Warning
268390417,BTS3900,26844,Local Access Maintenance Device Abnormal,Warning
268390451,MICRO BTS3900,26844,Local Access Maintenance Device Abnormal,Warning
268390523,BTS5900 WCDMA,26844,Local Access Maintenance Device Abnormal,Warning
8200,BTS3900 LTE,26844,Local Access Maintenance Device Abnormal,Warning
125,BTS3900 WCDMA,26844,Local Access Maintenance Device Abnormal,Warning
268390417,BTS3900,28201,Local Cell Blocked,Minor
268390521,BTS5900,28201,Local Cell Blocked,Minor
268390451,MICRO BTS3900,28201,Local Cell Blocked,Minor
268390523,BTS5900 WCDMA,28201,Local Cell Blocked,Minor
125,BTS3900 WCDMA,28201,Local Cell Blocked,Minor
268390417,BTS3900,28206,Local Cell Capability Decline,Major
268390521,BTS5900,28206,Local Cell Capability Decline,Major
268390451,MICRO BTS3900,28206,Local Cell Capability Decline,Major
268390523,BTS5900 WCDMA,28206,Local Cell Capability Decline,Major
125,BTS3900 WCDMA,28206,Local Cell Capability Decline,Major
268390417,BTS3900,28203,Local Cell Unusable,Major
268390521,BTS5900,28203,Local Cell Unusable,Major
268390523,BTS5900 WCDMA,28203,Local Cell Unusable,Major
268390451,MICRO BTS3900,28203,Local Cell Unusable,Major
125,BTS3900 WCDMA,28203,Local Cell Unusable,Major
268390409,BSC6910UMTS,21234,Local IMA Group Blocked,Minor
268390409,BSC6910UMTS,21235,Local IMA Link Blocked,Minor
100000,OSS,103697,Local Switchover Failed,Critical
268390417,BTS3900,26830,Local User Consecutive Login Retries Failed,Minor
268390522,BTS5900 LTE,26830,Local User Consecutive Login Retries Failed,Minor
268390521,BTS5900,26830,Local User Consecutive Login Retries Failed,Minor
268390526,BTS5900 5G,26830,Local User Consecutive Login Retries Failed,Minor
268390523,BTS5900 WCDMA,26830,Local User Consecutive Login Retries Failed,Minor
268390408,BSC6910GSM,26830,Local User Consecutive Login Retries Failed,Minor
268390451,MICRO BTS3900,26830,Local User Consecutive Login Retries Failed,Minor
268390540,BTS3900 5G,26830,Local User Consecutive Login Retries Failed,Minor
8193,GBTS,26830,Local User Consecutive Login Retries Failed,Minor
8200,BTS3900 LTE,26830,Local User Consecutive Login Retries Failed,Minor
125,BTS3900 WCDMA,26830,Local User Consecutive Login Retries Failed,Minor
8193,GBTS,21824,Logical Object Binding Error,Major
268390408,BSC6910GSM,21824,Logical Object Binding Error,Major
8200,BTS3900 LTE,25636,Loss of Power Supply Redundancy,Warning
268390521,BTS5900,25636,Loss of Power Supply Redundancy,Warning
268390417,BTS3900,25636,Loss of Power Supply Redundancy,Warning
268390522,BTS5900 LTE,25636,Loss of Power Supply Redundancy,Warning
268390523,BTS5900 WCDMA,25636,Loss of Power Supply Redundancy,Warning
268390540,BTS3900 5G,25636,Loss of Power Supply Redundancy,Warning
268390526,BTS5900 5G,25636,Loss of Power Supply Redundancy,Warning
8193,GBTS,25636,Loss of Power Supply Redundancy,Warning
268390408,BSC6910GSM,25636,Loss of Power Supply Redundancy,Warning
125,BTS3900 WCDMA,25636,Loss of Power Supply Redundancy,Warning
268390521,BTS5900,25710,Loss of Solar Array,Major
8200,BTS3900 LTE,25710,Loss of Solar Array,Major
268390522,BTS5900 LTE,25710,Loss of Solar Array,Major
268390417,BTS3900,25710,Loss of Solar Array,Major
268390526,BTS5900 5G,25710,Loss of Solar Array,Major
268390523,BTS5900 WCDMA,25710,Loss of Solar Array,Major
268390540,BTS3900 5G,25710,Loss of Solar Array,Major
125,BTS3900 WCDMA,25710,Loss of Solar Array,Major
268390408,BSC6910GSM,25710,Loss of Solar Array,Major
8193,GBTS,25710,Loss of Solar Array,Major
8193,GBTS,6492,Low Analog Input Signal 1 Alarm,Warning
8193,GBTS,6358,Low Analog Input Signal 1 Alarm,Warning
268390408,BSC6910GSM,6358,Low Analog Input Signal 1 Alarm,Warning
268390408,BSC6910GSM,6492,Low Analog Input Signal 1 Alarm,Warning
8193,GBTS,6362,Low Analog Input Signal 2 Alarm,Warning
8193,GBTS,6496,Low Analog Input Signal 2 Alarm,Warning
268390408,BSC6910GSM,6362,Low Analog Input Signal 2 Alarm,Warning
268390408,BSC6910GSM,6496,Low Analog Input Signal 2 Alarm,Warning
8193,GBTS,6500,Low Analog Input Signal 3 Alarm,Warning
8193,GBTS,6366,Low Analog Input Signal 3 Alarm,Warning
268390408,BSC6910GSM,6366,Low Analog Input Signal 3 Alarm,Warning
268390408,BSC6910GSM,6500,Low Analog Input Signal 3 Alarm,Warning
268390408,BSC6910GSM,6504,Low Analog Input Signal 4 Alarm,Warning
8193,GBTS,6504,Low Analog Input Signal 4 Alarm,Warning
8193,GBTS,3420,Low Forward Power alarm,Minor
268390408,BSC6910GSM,3420,Low Forward Power alarm,Minor
8193,GBTS,6418,Low Humidity Alarm,Major
8193,GBTS,3840,Low Humidity Alarm,Minor
268390408,BSC6910GSM,2382,Low Humidity Alarm,Major
268390408,BSC6910GSM,6418,Low Humidity Alarm,Major
268390408,BSC6910GSM,3840,Low Humidity Alarm,Minor
8193,GBTS,2382,Low Humidity Alarm,Major
268390409,BSC6910UMTS,20746,Low OS Version,Major
268390408,BSC6910GSM,20746,Low OS Version,Major
268390409,BSC6910UMTS,21564,Low QAAL2 Setup Success Rate,Major
268390409,BSC6910UMTS,21522,Low SCCP Setup Success Rate,Major
268390408,BSC6910GSM,21522,Low SCCP Setup Success Rate,Major
8193,GBTS,6414,Low Temperature Alarm,Major
268390408,BSC6910GSM,2378,Low Temperature Alarm,Major
8193,GBTS,3836,Low Temperature Alarm,Major
268390408,BSC6910GSM,6414,Low Temperature Alarm,Major
268390408,BSC6910GSM,3836,Low Temperature Alarm,Major
8193,GBTS,2378,Low Temperature Alarm,Major
100000,OSS,100012,Low User Trust Score,Major
268390521,BTS5900,29223,M1 Interface eMBMS Session Loss,Major
268390522,BTS5900 LTE,29223,M1 Interface eMBMS Session Loss,Major
268390417,BTS3900,29223,M1 Interface eMBMS Session Loss,Major
268390451,MICRO BTS3900,29223,M1 Interface eMBMS Session Loss,Major
8200,BTS3900 LTE,29223,M1 Interface eMBMS Session Loss,Major
268390522,BTS5900 LTE,29208,M2 Interface Fault,Major
268390417,BTS3900,29208,M2 Interface Fault,Major
268390521,BTS5900,29208,M2 Interface Fault,Major
268390451,MICRO BTS3900,29208,M2 Interface Fault,Major
8200,BTS3900 LTE,29208,M2 Interface Fault,Major
268390417,BTS3900,29209,M3 Interface Fault,Major
268390521,BTS5900,29209,M3 Interface Fault,Major
268390522,BTS5900 LTE,29209,M3 Interface Fault,Major
8200,BTS3900 LTE,29209,M3 Interface Fault,Major
268390409,BSC6910UMTS,21553,M3UA Destination Entity Inaccessible,Critical
268390408,BSC6910GSM,21553,M3UA Destination Entity Inaccessible,Critical
268390409,BSC6910UMTS,21552,M3UA Destination Entity Route Unavailable,Critical
268390408,BSC6910GSM,21552,M3UA Destination Entity Route Unavailable,Critical
268390409,BSC6910UMTS,21551,M3UA Link Fault,Major
268390408,BSC6910GSM,21551,M3UA Link Fault,Major
268390409,BSC6910UMTS,21610,M3UA Link RC Activation Failure,Major
1029528,Link Set,40006,M3UA Link Set Broken,Critical
268390417,BTS3900,25881,MAC Excessive Frame Error Rate,Minor
268390521,BTS5900,25881,MAC Excessive Frame Error Rate,Minor
268390522,BTS5900 LTE,25881,MAC Excessive Frame Error Rate,Minor
268390451,MICRO BTS3900,25881,MAC Excessive Frame Error Rate,Minor
8200,BTS3900 LTE,25881,MAC Excessive Frame Error Rate,Minor
268390408,BSC6910GSM,21389,MAC Excessive Frame Error Rate,Minor
268390523,BTS5900 WCDMA,25881,MAC Excessive Frame Error Rate,Minor
268390526,BTS5900 5G,25881,MAC Excessive Frame Error Rate,Minor
268390540,BTS3900 5G,25881,MAC Excessive Frame Error Rate,Minor
125,BTS3900 WCDMA,25881,MAC Excessive Frame Error Rate,Minor
8193,GBTS,11360,MAC Excessive Frame Error Rate,Major
268390408,BSC6910GSM,25881,MAC Excessive Frame Error Rate,Minor
268390409,BSC6910UMTS,21389,MAC Excessive Frame Error Rate,Minor
8193,GBTS,25881,MAC Excessive Frame Error Rate,Minor
268390408,BSC6910GSM,11360,MAC Excessive Frame Error Rate,Major
268390408,BSC6910GSM,20915,MBSC Working Mode Inconsistency,Major
268390409,BSC6910UMTS,20915,MBSC Working Mode Inconsistency,Major
268390408,BSC6910GSM,3448,MCI Communication alarm,Major
8193,GBTS,3448,MCI Communication alarm,Major
268390408,BSC6910GSM,3134,MFU Clock Critical alarm,Major
8193,GBTS,3134,MFU Clock Critical alarm,Major
8193,GBTS,3142,MFU Communication alarm,Major
268390408,BSC6910GSM,3142,MFU Communication alarm,Major
268390408,BSC6910GSM,3054,MFU Configuration alarm,Major
8193,GBTS,3054,MFU Configuration alarm,Major
268390408,BSC6910GSM,3112,MFU Hardware alarm,Major
8193,GBTS,3112,MFU Hardware alarm,Major
268390408,BSC6910GSM,3056,MFU Processor Running alarm,Major
8193,GBTS,3056,MFU Processor Running alarm,Major
268390408,BSC6910GSM,3060,MFU extended 05 alarm,Warning
8193,GBTS,3060,MFU extended 05 alarm,Warning
268390408,BSC6910GSM,3062,MFU extended 06 alarm,Warning
8193,GBTS,3062,MFU extended 06 alarm,Warning
268390408,BSC6910GSM,3064,MFU extended 07 alarm,Warning
8193,GBTS,3064,MFU extended 07 alarm,Warning
8193,GBTS,3070,MFU extended 0A alarm,Warning
268390408,BSC6910GSM,3070,MFU extended 0A alarm,Warning
8193,GBTS,3074,MFU extended 0C alarm,Warning
268390408,BSC6910GSM,3074,MFU extended 0C alarm,Warning
268390408,BSC6910GSM,3076,MFU extended 0D alarm,Warning
8193,GBTS,3076,MFU extended 0D alarm,Warning
268390408,BSC6910GSM,3078,MFU extended 0E alarm,Warning
8193,GBTS,3078,MFU extended 0E alarm,Warning
268390408,BSC6910GSM,3080,MFU extended 0F alarm,Warning
8193,GBTS,3080,MFU extended 0F alarm,Warning
268390408,BSC6910GSM,3082,MFU extended 10 alarm,Warning
8193,GBTS,3082,MFU extended 10 alarm,Warning
268390408,BSC6910GSM,3084,MFU extended 11 alarm,Warning
8193,GBTS,3084,MFU extended 11 alarm,Warning
268390408,BSC6910GSM,3086,MFU extended 12 alarm,Warning
8193,GBTS,3086,MFU extended 12 alarm,Warning
268390408,BSC6910GSM,3088,MFU extended 13 alarm,Warning
8193,GBTS,3088,MFU extended 13 alarm,Warning
268390408,BSC6910GSM,3090,MFU extended 14 alarm,Warning
8193,GBTS,3090,MFU extended 14 alarm,Warning
268390408,BSC6910GSM,3092,MFU extended 15 alarm,Warning
8193,GBTS,3092,MFU extended 15 alarm,Warning
268390408,BSC6910GSM,3094,MFU extended 16 alarm,Warning
8193,GBTS,3094,MFU extended 16 alarm,Warning
268390408,BSC6910GSM,3096,MFU extended 17 alarm,Warning
8193,GBTS,3096,MFU extended 17 alarm,Warning
8193,GBTS,3098,MFU extended 18 alarm,Warning
268390408,BSC6910GSM,3098,MFU extended 18 alarm,Warning
268390408,BSC6910GSM,3100,MFU extended 19 alarm,Warning
8193,GBTS,3100,MFU extended 19 alarm,Warning
268390408,BSC6910GSM,3102,MFU extended 1A alarm,Warning
8193,GBTS,3102,MFU extended 1A alarm,Warning
268390408,BSC6910GSM,3104,MFU extended 1B alarm,Warning
8193,GBTS,3104,MFU extended 1B alarm,Warning
268390408,BSC6910GSM,3106,MFU extended 1C alarm,Warning
8193,GBTS,3106,MFU extended 1C alarm,Warning
268390408,BSC6910GSM,3110,MFU extended 1E alarm,Warning
8193,GBTS,3110,MFU extended 1E alarm,Warning
268390408,BSC6910GSM,3116,MFU extended 21 alarm,Warning
8193,GBTS,3116,MFU extended 21 alarm,Warning
268390408,BSC6910GSM,3122,MFU extended 24 alarm,Warning
8193,GBTS,3122,MFU extended 24 alarm,Warning
8193,GBTS,3124,MFU extended 25 alarm,Warning
268390408,BSC6910GSM,3124,MFU extended 25 alarm,Warning
8193,GBTS,3130,MFU extended 28 alarm,Warning
268390408,BSC6910GSM,3130,MFU extended 28 alarm,Warning
8193,GBTS,3132,MFU extended 29 alarm,Warning
268390408,BSC6910GSM,3132,MFU extended 29 alarm,Warning
8193,GBTS,3140,MFU extended 2D alarm,Warning
268390408,BSC6910GSM,3140,MFU extended 2D alarm,Warning
8193,GBTS,3144,MFU extended 2F alarm,Warning
268390408,BSC6910GSM,3144,MFU extended 2F alarm,Warning
268390521,BTS5900,25862,MLPPP Group Excessive Packet Loss Rate,Minor
268390522,BTS5900 LTE,25862,MLPPP Group Excessive Packet Loss Rate,Minor
268390417,BTS3900,25862,MLPPP Group Excessive Packet Loss Rate,Minor
8200,BTS3900 LTE,25862,MLPPP Group Excessive Packet Loss Rate,Minor
268390408,BSC6910GSM,11366,MLPPP Group Excessive Packet Loss Rate,Major
268390523,BTS5900 WCDMA,25862,MLPPP Group Excessive Packet Loss Rate,Minor
8193,GBTS,25862,MLPPP Group Excessive Packet Loss Rate,Minor
268390408,BSC6910GSM,25862,MLPPP Group Excessive Packet Loss Rate,Minor
8193,GBTS,11366,MLPPP Group Excessive Packet Loss Rate,Major
125,BTS3900 WCDMA,25862,MLPPP Group Excessive Packet Loss Rate,Minor
268390408,BSC6910GSM,21344,MLPPP Group Failure,Major
268390521,BTS5900,25861,MLPPP Group Fault,Major
8200,BTS3900 LTE,25861,MLPPP Group Fault,Major
268390522,BTS5900 LTE,25861,MLPPP Group Fault,Major
268390417,BTS3900,25861,MLPPP Group Fault,Major
268390523,BTS5900 WCDMA,25861,MLPPP Group Fault,Major
8193,GBTS,25861,MLPPP Group Fault,Major
125,BTS3900 WCDMA,25861,MLPPP Group Fault,Major
268390408,BSC6910GSM,11356,MLPPP Group Fault,Major
8193,GBTS,11356,MLPPP Group Fault,Major
268390408,BSC6910GSM,25861,MLPPP Group Fault,Major
8193,GBTS,3172,MMU Clock alarm,Major
268390408,BSC6910GSM,3172,MMU Clock alarm,Major
8193,GBTS,3166,MMU FLASH Memory alarm,Major
268390408,BSC6910GSM,3166,MMU FLASH Memory alarm,Major
8193,GBTS,3158,MMU Mail-box Failure alarm,Minor
268390408,BSC6910GSM,3158,MMU Mail-box Failure alarm,Minor
8193,GBTS,3162,MMU Software alarm,Major
268390408,BSC6910GSM,3162,MMU Software alarm,Major
8193,GBTS,3160,MMU communication alarm,Major
268390408,BSC6910GSM,3160,MMU communication alarm,Major
8193,GBTS,3150,MMU extended 32 alarm,Warning
268390408,BSC6910GSM,3150,MMU extended 32 alarm,Warning
8193,GBTS,3156,MMU extended 35 alarm,Warning
268390408,BSC6910GSM,3156,MMU extended 35 alarm,Warning
8193,GBTS,3168,MMU extended 3B alarm,Warning
268390408,BSC6910GSM,3168,MMU extended 3B alarm,Warning
8193,GBTS,3170,MMU extended 3C alarm,Warning
268390408,BSC6910GSM,3170,MMU extended 3C alarm,Warning
8193,GBTS,3174,MMU extended 3E alarm,Warning
268390408,BSC6910GSM,3174,MMU extended 3E alarm,Warning
8193,GBTS,3176,MMU extended 3F alarm,Warning
268390408,BSC6910GSM,3176,MMU extended 3F alarm,Warning
8193,GBTS,3178,MMU extended 40 alarm,Warning
268390408,BSC6910GSM,3178,MMU extended 40 alarm,Warning
8193,GBTS,3180,MMU extended 41 alarm,Warning
268390408,BSC6910GSM,3180,MMU extended 41 alarm,Warning
268390408,BSC6910GSM,5088,MPT Clock Alarm,Critical
8193,GBTS,5088,MPT Clock Alarm,Critical
268390408,BSC6910GSM,4706,MPT I2C Components Fault,Minor
8193,GBTS,4706,MPT I2C Components Fault,Minor
8193,GBTS,5072,MPT Major Clock Abnormal,Major
268390408,BSC6910GSM,5072,MPT Major Clock Abnormal,Major
8193,GBTS,5074,MPT Minor Clock Abnormal,Minor
268390408,BSC6910GSM,5074,MPT Minor Clock Abnormal,Minor
8193,GBTS,5076,MPT-to-Board Clock Abnormal,Major
268390408,BSC6910GSM,5076,MPT-to-Board Clock Abnormal,Major
268390409,BSC6910UMTS,21314,MSP Deactivated,Major
268390408,BSC6910GSM,21314,MSP Deactivated,Major
268390408,BSC6910GSM,21311,MSP Multiplex Section K1/K2 Mismatch,Major
268390409,BSC6910UMTS,21311,MSP Multiplex Section K1/K2 Mismatch,Major
268390409,BSC6910UMTS,21312,MSP Multiplex Section K2 Mismatch,Major
268390408,BSC6910GSM,21312,MSP Multiplex Section K2 Mismatch,Major
268390409,BSC6910UMTS,21313,MSP Port Protection Mode Mismatch,Major
268390408,BSC6910GSM,21313,MSP Port Protection Mode Mismatch,Major
268390409,BSC6910UMTS,21502,MTP3 DSP Congestion,Major
268390408,BSC6910GSM,21502,MTP3 DSP Congestion,Major
268390409,BSC6910UMTS,21503,MTP3 DSP Inaccessible,Critical
268390408,BSC6910GSM,21503,MTP3 DSP Inaccessible,Critical
1029528,Link Set,40007,MTP3 Link Set Broken,Critical
268390409,BSC6910UMTS,21501,MTP3 Signaling Link Congestion,Minor
268390408,BSC6910GSM,21501,MTP3 Signaling Link Congestion,Minor
268390409,BSC6910UMTS,21506,MTP3 Signaling Link Faulty,Major
268390408,BSC6910GSM,21506,MTP3 Signaling Link Faulty,Major
268390409,BSC6910UMTS,21505,MTP3 Signaling Link Set Unavailable,Major
268390408,BSC6910GSM,21505,MTP3 Signaling Link Set Unavailable,Major
268390408,BSC6910GSM,21504,MTP3 Signaling Route Inaccessible,Major
268390409,BSC6910UMTS,21504,MTP3 Signaling Route Inaccessible,Major
1029528,Link Set,40008,MTP3B Link Set Broken,Critical
268390408,BSC6910GSM,3440,MTR extended C3 alarm,Warning
8193,GBTS,3440,MTR extended C3 alarm,Warning
268390408,BSC6910GSM,3452,MTR extended C9 alarm,Warning
8193,GBTS,3452,MTR extended C9 alarm,Warning
268390408,BSC6910GSM,3454,MTR extended CA alarm,Warning
8193,GBTS,3454,MTR extended CA alarm,Warning
8193,GBTS,3456,MTR extended CB alarm,Warning
268390408,BSC6910GSM,3456,MTR extended CB alarm,Warning
8193,GBTS,3460,MTR extended CD alarm,Warning
268390408,BSC6910GSM,3460,MTR extended CD alarm,Warning
8193,GBTS,3462,MTR extended CE alarm,Warning
268390408,BSC6910GSM,3462,MTR extended CE alarm,Warning
268390408,BSC6910GSM,3464,MTR extended CF alarm,Warning
8193,GBTS,3464,MTR extended CF alarm,Warning
268390408,BSC6910GSM,26206,Main Control Board in Wrong Slot,Major
8193,GBTS,26206,Main Control Board in Wrong Slot,Major
268390408,BSC6910GSM,4772,Main Control Module Clock Critical Alarm,Major
8193,GBTS,4772,Main Control Module Clock Critical Alarm,Major
268390408,BSC6910GSM,4808,Main Control Module Clock Prompt Alarm,Minor
8193,GBTS,4808,Main Control Module Clock Prompt Alarm,Minor
268390408,BSC6910GSM,4810,Main Control Module Configuration Inconsistency Alarm,Major
8193,GBTS,4810,Main Control Module Configuration Inconsistency Alarm,Major
268390408,BSC6910GSM,4800,Main Control Module Hardware Fault Alarm,Warning
8193,GBTS,4800,Main Control Module Hardware Fault Alarm,Warning
268390408,BSC6910GSM,4798,Main Control Module Voltage Alarm,Major
8193,GBTS,4798,Main Control Module Voltage Alarm,Major
268390408,BSC6910GSM,3646,Main Receive Channel alarm,Warning
8193,GBTS,3646,Main Receive Channel alarm,Warning
8193,GBTS,3126,Main Receive Channel alarm,Warning
268390408,BSC6910GSM,3126,Main Receive Channel alarm,Warning
8193,GBTS,4176,Main receive channel alarm,Warning
268390408,BSC6910GSM,4176,Main receive channel alarm,Warning
268390408,BSC6910GSM,13070,Mains Input Abnormal,Critical
8193,GBTS,13070,Mains Input Abnormal,Critical
268390417,BTS3900,25622,Mains Input Out of Range,Major
8200,BTS3900 LTE,25622,Mains Input Out of Range,Major
8193,GBTS,25622,Mains Input Out of Range,Major
268390521,BTS5900,25622,Mains Input Out of Range,Major
268390451,MICRO BTS3900,26108,Mains Input Out of Range,Major
268390522,BTS5900 LTE,25622,Mains Input Out of Range,Major
268390540,BTS3900 5G,25622,Mains Input Out of Range,Major
268390523,BTS5900 WCDMA,25622,Mains Input Out of Range,Major
268390526,BTS5900 5G,25622,Mains Input Out of Range,Major
125,BTS3900 WCDMA,25622,Mains Input Out of Range,Major
268390408,BSC6910GSM,25622,Mains Input Out of Range,Major
100000,OSS,1076,Management Capability Exceeds the Limit,Critical
100000,OSS,128,Master Remote Authentication Server Connection Failed,Critical
268390408,BSC6910GSM,2234,Master TMU Clock Alarm,Warning
8193,GBTS,2234,Master TMU Clock Alarm,Warning
8193,GBTS,2232,Master TMU Clock Failure Alarm,Major
268390408,BSC6910GSM,2232,Master TMU Clock Failure Alarm,Major
268390408,BSC6910GSM,4734,Master TMU clock alarm,Warning
8193,GBTS,4734,Master TMU clock alarm,Warning
268390521,BTS5900,29225,Maximum Number of X2 Interfaces Reached,Major
268390417,BTS3900,29225,Maximum Number of X2 Interfaces Reached,Major
268390522,BTS5900 LTE,29225,Maximum Number of X2 Interfaces Reached,Major
268390451,MICRO BTS3900,29225,Maximum Number of X2 Interfaces Reached,Major
8200,BTS3900 LTE,29225,Maximum Number of X2 Interfaces Reached,Major
100000,OSS,47,Memory Usage of Service Is Too High,Major
8193,GBTS,25601,Monitoring Device Hardware Fault,Major
8200,BTS3900 LTE,25601,Monitoring Device Hardware Fault,Major
268390522,BTS5900 LTE,25601,Monitoring Device Hardware Fault,Major
268390521,BTS5900,25601,Monitoring Device Hardware Fault,Major
268390417,BTS3900,25601,Monitoring Device Hardware Fault,Major
268390526,BTS5900 5G,25601,Monitoring Device Hardware Fault,Major
268390540,BTS3900 5G,25601,Monitoring Device Hardware Fault,Major
268390408,BSC6910GSM,25601,Monitoring Device Hardware Fault,Major
268390523,BTS5900 WCDMA,25601,Monitoring Device Hardware Fault,Major
125,BTS3900 WCDMA,25601,Monitoring Device Hardware Fault,Major
8193,GBTS,25600,Monitoring Device Maintenance Link Failure,Major
268390521,BTS5900,25600,Monitoring Device Maintenance Link Failure,Major
8200,BTS3900 LTE,25600,Monitoring Device Maintenance Link Failure,Major
268390522,BTS5900 LTE,25600,Monitoring Device Maintenance Link Failure,Major
268390417,BTS3900,25600,Monitoring Device Maintenance Link Failure,Major
268390526,BTS5900 5G,25600,Monitoring Device Maintenance Link Failure,Major
268390540,BTS3900 5G,25600,Monitoring Device Maintenance Link Failure,Major
268390523,BTS5900 WCDMA,25600,Monitoring Device Maintenance Link Failure,Major
268390408,BSC6910GSM,25600,Monitoring Device Maintenance Link Failure,Major
125,BTS3900 WCDMA,25600,Monitoring Device Maintenance Link Failure,Major
8200,BTS3900 LTE,25743,Monitoring Device Port Abnormal,Minor
268390522,BTS5900 LTE,25743,Monitoring Device Port Abnormal,Minor
268390523,BTS5900 WCDMA,25743,Monitoring Device Port Abnormal,Minor
268390526,BTS5900 5G,25743,Monitoring Device Port Abnormal,Minor
268390417,BTS3900,25743,Monitoring Device Port Abnormal,Minor
268390521,BTS5900,25743,Monitoring Device Port Abnormal,Minor
268390540,BTS3900 5G,25743,Monitoring Device Port Abnormal,Minor
125,BTS3900 WCDMA,25743,Monitoring Device Port Abnormal,Minor
268390522,BTS5900 LTE,25620,Monitoring Device Power Supply Problem,Major
8193,GBTS,25620,Monitoring Device Power Supply Problem,Major
268390521,BTS5900,25620,Monitoring Device Power Supply Problem,Major
268390417,BTS3900,25620,Monitoring Device Power Supply Problem,Major
8200,BTS3900 LTE,25620,Monitoring Device Power Supply Problem,Major
268390526,BTS5900 5G,25620,Monitoring Device Power Supply Problem,Major
268390523,BTS5900 WCDMA,25620,Monitoring Device Power Supply Problem,Major
268390540,BTS3900 5G,25620,Monitoring Device Power Supply Problem,Major
125,BTS3900 WCDMA,25620,Monitoring Device Power Supply Problem,Major
268390408,BSC6910GSM,25620,Monitoring Device Power Supply Problem,Major
268390521,BTS5900,25731,Monitoring Device Temperature Abnormal,Major
8200,BTS3900 LTE,25731,Monitoring Device Temperature Abnormal,Major
268390417,BTS3900,25731,Monitoring Device Temperature Abnormal,Major
268390522,BTS5900 LTE,25731,Monitoring Device Temperature Abnormal,Major
125,BTS3900 WCDMA,25731,Monitoring Device Temperature Abnormal,Major
268390540,BTS3900 5G,25731,Monitoring Device Temperature Abnormal,Major
268390526,BTS5900 5G,25731,Monitoring Device Temperature Abnormal,Major
268390523,BTS5900 WCDMA,25731,Monitoring Device Temperature Abnormal,Major
268390408,BSC6910GSM,13062,Monitoring Unit Hardware Faulty,Major
8193,GBTS,13062,Monitoring Unit Hardware Faulty,Major
268390408,BSC6910GSM,13060,Monitoring Unit Maintenance Link Broken,Major
8193,GBTS,13060,Monitoring Unit Maintenance Link Broken,Major
268390408,BSC6910GSM,13066,Monitoring Unit Power Input Abnormal,Critical
8193,GBTS,13066,Monitoring Unit Power Input Abnormal,Critical
100000,OSS,268390405,NBI Alarm Socket Disconnection,Major
268390521,BTS5900,25835,NCP Fault,Major
268390417,BTS3900,25835,NCP Fault,Major
268390451,MICRO BTS3900,25835,NCP Fault,Major
268390523,BTS5900 WCDMA,25835,NCP Fault,Major
125,BTS3900 WCDMA,25835,NCP Fault,Major
268390409,BSC6910UMTS,22204,NCP Faulty,Major
268390522,BTS5900 LTE,28382,NE Entering the Emergency Mode,Critical
268390417,BTS3900,28382,NE Entering the Emergency Mode,Critical
268390521,BTS5900,28382,NE Entering the Emergency Mode,Critical
268390540,BTS3900 5G,28382,NE Entering the Emergency Mode,Critical
268390526,BTS5900 5G,28382,NE Entering the Emergency Mode,Critical
268390523,BTS5900 WCDMA,28382,NE Entering the Emergency Mode,Critical
8200,BTS3900 LTE,28382,NE Entering the Emergency Mode,Critical
125,BTS3900 WCDMA,28382,NE Entering the Emergency Mode,Critical
100000,OSS,2147483560,NE Homogeneity Detection Anomaly,Major
1029527,CommonAlarm,40012,NE Is Disconnected,Critical
100000,OSS,301,NE Is Disconnected,Critical
100000,OSS,522,NE License Feature Expired,Major
100000,OSS,523,NE License Feature On Trial,Major
100000,OSS,303,NE Mediation Layer Version Unmatched,Critical
268390408,BSC6910GSM,20713,NE-EMS Configuration Notification Failure,Minor
268390409,BSC6910UMTS,20713,NE-EMS Configuration Notification Failure,Minor
268390417,BTS3900,29847,NR Cell PCI Conflict,Warning
268390521,BTS5900,29847,NR Cell PCI Conflict,Warning
268390540,BTS3900 5G,29847,NR Cell PCI Conflict,Warning
268390526,BTS5900 5G,29847,NR Cell PCI Conflict,Warning
268390417,BTS3900,29841,NR Cell Unavailable,Major
268390521,BTS5900,29841,NR Cell Unavailable,Major
268390540,BTS3900 5G,29841,NR Cell Unavailable,Major
268390526,BTS5900 5G,29841,NR Cell Unavailable,Major
268390521,BTS5900,29874,NR DU Cell Blocked,Major
268390417,BTS3900,29874,NR DU Cell Blocked,Major
268390526,BTS5900 5G,29874,NR DU Cell Blocked,Major
268390540,BTS3900 5G,29874,NR DU Cell Blocked,Major
268390521,BTS5900,29843,NR DU Cell Simulated Load Startup,Minor
268390417,BTS3900,29843,NR DU Cell Simulated Load Startup,Minor
268390526,BTS5900 5G,29843,NR DU Cell Simulated Load Startup,Minor
268390540,BTS3900 5G,29843,NR DU Cell Simulated Load Startup,Minor
268390521,BTS5900,29871,NR DU Cell TRP Capability Degraded,Minor
268390417,BTS3900,29871,NR DU Cell TRP Capability Degraded,Minor
268390540,BTS3900 5G,29871,NR DU Cell TRP Capability Degraded,Minor
268390526,BTS5900 5G,29871,NR DU Cell TRP Capability Degraded,Minor
268390521,BTS5900,29870,NR DU Cell TRP Unavailable,Major
268390417,BTS3900,29870,NR DU Cell TRP Unavailable,Major
268390540,BTS3900 5G,29870,NR DU Cell TRP Unavailable,Major
268390526,BTS5900 5G,29870,NR DU Cell TRP Unavailable,Major
268390521,BTS5900,29844,NR DU Cell Unavailable,Major
268390417,BTS3900,29844,NR DU Cell Unavailable,Major
268390540,BTS3900 5G,29844,NR DU Cell Unavailable,Major
268390526,BTS5900 5G,29844,NR DU Cell Unavailable,Major
268390408,BSC6910GSM,22005,NSE Faulty,Critical
268390408,BSC6910GSM,22009,NSVL Dynamic Configuration Procedure Failure,Major
268390408,BSC6910GSM,22004,NSVL Faulty,Major
100000,OSS,101246,NTP Clock Source Is Not Configured for a Host,Major
100000,OSS,1044,NTP Process Unavailable,Critical
100000,OSS,51023,NTP service abnormal,Critical
268390408,BSC6910GSM,4700,Network Link Failure,Critical
8193,GBTS,4700,Network Link Failure,Critical
8193,GBTS,3136,Next optic signal alarm,Warning
268390408,BSC6910GSM,3136,Next optic signal alarm,Warning
8193,GBTS,3138,Next serial port alarm,Warning
268390408,BSC6910GSM,3138,Next serial port alarm,Warning
268390408,BSC6910GSM,2392,Nineteenth Extended I/O Alarm,Warning
8193,GBTS,2392,Nineteenth Extended I/O Alarm,Warning
8193,GBTS,3876,Ninth Extended I/O Alarm,Warning
268390408,BSC6910GSM,2418,Ninth Extended I/O Alarm,Warning
268390408,BSC6910GSM,3876,Ninth Extended I/O Alarm,Warning
8193,GBTS,2418,Ninth Extended I/O Alarm,Warning
268390408,BSC6910GSM,10774,No AC Input Alarm,Major
8193,GBTS,5700,No AC Input Alarm,Major
268390408,BSC6910GSM,5700,No AC Input Alarm,Major
8193,GBTS,10774,No AC Input Alarm,Major
8193,GBTS,3922,No AC Power Alarm,Major
268390408,BSC6910GSM,3922,No AC Power Alarm,Major
268390408,BSC6910GSM,10772,No DC Input Alarm,Major
8193,GBTS,10772,No DC Input Alarm,Major
100000,OSS,65801,No Data in the Report Within the Detection Period,Major
268390409,BSC6910UMTS,20739,No License,Critical
268390408,BSC6910GSM,20739,No License,Critical
268390417,BTS3900,26818,No License Running in System,Critical
268390521,BTS5900,26818,No License Running in System,Critical
268390522,BTS5900 LTE,26818,No License Running in System,Critical
268390540,BTS3900 5G,26818,No License Running in System,Critical
268390451,MICRO BTS3900,26818,No License Running in System,Critical
268390523,BTS5900 WCDMA,26818,No License Running in System,Critical
268390526,BTS5900 5G,26818,No License Running in System,Critical
125,BTS3900 WCDMA,26818,No License Running in System,Critical
8200,BTS3900 LTE,26818,No License Running in System,Critical
8193,GBTS,5886,No Mains Supply Alarm,Major
268390408,BSC6910GSM,2362,No Mains Supply Alarm,Major
268390408,BSC6910GSM,5988,No Mains Supply Alarm,Major
268390408,BSC6910GSM,5886,No Mains Supply Alarm,Major
8193,GBTS,2362,No Mains Supply Alarm,Major
8193,GBTS,5988,No Mains Supply Alarm,Major
268390451,MICRO BTS3900,29242,No Traffic Volume in the Cell,Minor
268390417,BTS3900,29875,No Traffic on NR DU Cell TRP,Major
268390521,BTS5900,29875,No Traffic on NR DU Cell TRP,Major
268390526,BTS5900 5G,29875,No Traffic on NR DU Cell TRP,Major
268390540,BTS3900 5G,29875,No Traffic on NR DU Cell TRP,Major
100000,OSS,101208,Node status is Abnormal,Major
268390409,BSC6910UMTS,22216,NodeB Audit No Response,Major
268390409,BSC6910UMTS,22224,NodeB Blocked,Minor
268390409,BSC6910UMTS,22245,NodeB Signaling Plane Creation Failure,Major
268390409,BSC6910UMTS,22214,NodeB Unavailable,Major
100000,OSS,103401,Notification Server Certificate Has Expired,Major
100000,OSS,103400,Notification Server Certificate Is About to Expire,Major
100000,OSS,410,Number of Objects Whose Performance Thresholds Are Monitored Reaches Upper Limit,Major
268390408,BSC6910GSM,20259,Number of Resources Used Exceeding Alarm Threshold Specified by License,Major
268390409,BSC6910UMTS,20259,Number of Resources Used Exceeding Alarm Threshold Specified by License,Major
268390408,BSC6910GSM,20258,Number of Resources Used Reaching Alarm Threshold Specified by License,Minor
268390409,BSC6910UMTS,20258,Number of Resources Used Reaching Alarm Threshold Specified by License,Minor
8193,GBTS,21807,OML Fault,Major
268390408,BSC6910GSM,21807,OML Fault,Major
268390409,BSC6910UMTS,20720,OMU Board Fault,Major
268390408,BSC6910GSM,20720,OMU Board Fault,Major
268390408,BSC6910GSM,20731,OMU Configuration Board and Subrack Board Inconsistency,Major
268390409,BSC6910UMTS,20731,OMU Configuration Board and Subrack Board Inconsistency,Major
268390409,BSC6910UMTS,20704,OMU Data Synchronization Failure,Major
268390408,BSC6910GSM,20704,OMU Data Synchronization Failure,Major
268390409,BSC6910UMTS,20737,OMU Disconnected from Host,Major
268390408,BSC6910GSM,20737,OMU Disconnected from Host,Major
268390408,BSC6910GSM,20701,OMU Failure Switchover,Major
268390409,BSC6910UMTS,20701,OMU Failure Switchover,Major
268390409,BSC6910UMTS,20715,OMU File Synchronization Failure,Major
268390408,BSC6910GSM,20715,OMU File Synchronization Failure,Major
268390409,BSC6910UMTS,20712,OMU Hard Disk Free Space Insufficiency,Major
268390408,BSC6910GSM,20712,OMU Hard Disk Free Space Insufficiency,Major
268390408,BSC6910GSM,20721,OMU IP Address Configuration Error,Major
268390409,BSC6910UMTS,20721,OMU IP Address Configuration Error,Major
268390409,BSC6910UMTS,20709,OMU IP Address Conflict,Major
268390408,BSC6910GSM,20709,OMU IP Address Conflict,Major
268390409,BSC6910UMTS,20711,OMU Operating System Service Status Abnormity,Minor
268390408,BSC6910GSM,20711,OMU Operating System Service Status Abnormity,Minor
268390409,BSC6910UMTS,20707,OMU Process Abort,Minor
268390408,BSC6910GSM,20707,OMU Process Abort,Minor
268390408,BSC6910GSM,20913,OMU Route Configuration Error,Major
268390409,BSC6910UMTS,20913,OMU Route Configuration Error,Major
268390408,BSC6910GSM,20914,OMU Software Status Abnormal,Minor
268390409,BSC6910UMTS,20914,OMU Software Status Abnormal,Minor
268390408,BSC6910GSM,20714,OMU Time Synchronization Abnormity,Warning
268390409,BSC6910UMTS,20714,OMU Time Synchronization Abnormity,Warning
100000,OSS,101219,OS Scheduled Backup Failure,Critical
100000,OSS,103643,OS User Password About to Expire,Major
100000,OSS,103644,OS User Password Expired,Critical
100000,OSS,312,OSS Fails to Receive SNMP Trap Packets from NEs,Critical
100000,OSS,802,OSS Key License Beyond Limitation,Critical
100000,OSS,801,OSS License Beyond Limitation,Critical
100000,OSS,1058,OSS Link File Abnormal,Critical
100000,OSS,268390409,OSS VM Switchover Occurred,Major
268390409,BSC6910UMTS,22394,OSS synchronism abnormal for Rnc in Pool data,Major
8193,GBTS,2482,OSSU extended B9 alarm,Warning
8193,GBTS,8566,OSSU extended B9 alarm,Warning
268390408,BSC6910GSM,8566,OSSU extended B9 alarm,Warning
268390408,BSC6910GSM,2482,OSSU extended B9 alarm,Warning
8193,GBTS,2484,OSSU extended BA alarm,Warning
268390408,BSC6910GSM,2484,OSSU extended BA alarm,Warning
268390408,BSC6910GSM,8568,OSSU extended BA alarm,Warning
8193,GBTS,8568,OSSU extended BA alarm,Warning
8193,GBTS,2486,OSSU extended BB alarm,Warning
268390408,BSC6910GSM,2486,OSSU extended BB alarm,Warning
8193,GBTS,8570,OSSU extended BB alarm,Warning
268390408,BSC6910GSM,8570,OSSU extended BB alarm,Warning
8193,GBTS,2488,OSSU extended BC alarm,Warning
268390408,BSC6910GSM,2488,OSSU extended BC alarm,Warning
8193,GBTS,8572,OSSU extended BC alarm,Warning
268390408,BSC6910GSM,8572,OSSU extended BC alarm,Warning
8193,GBTS,2490,OSSU extended BD alarm,Warning
268390408,BSC6910GSM,2490,OSSU extended BD alarm,Warning
8193,GBTS,8574,OSSU extended BD alarm,Warning
268390408,BSC6910GSM,8574,OSSU extended BD alarm,Warning
8193,GBTS,2498,OSSU extended C1 alarm,Warning
8193,GBTS,8582,OSSU extended C1 alarm,Warning
268390408,BSC6910GSM,2498,OSSU extended C1 alarm,Warning
268390408,BSC6910GSM,8582,OSSU extended C1 alarm,Warning
8193,GBTS,8584,OSSU extended C2 alarm,Warning
268390408,BSC6910GSM,8584,OSSU extended C2 alarm,Warning
8193,GBTS,2506,OSSU extended C5 alarm,Warning
8193,GBTS,8590,OSSU extended C5 alarm,Warning
268390408,BSC6910GSM,2506,OSSU extended C5 alarm,Warning
268390408,BSC6910GSM,8590,OSSU extended C5 alarm,Warning
8193,GBTS,2508,OSSU extended C6 alarm,Warning
8193,GBTS,8592,OSSU extended C6 alarm,Warning
268390408,BSC6910GSM,2508,OSSU extended C6 alarm,Warning
268390408,BSC6910GSM,8592,OSSU extended C6 alarm,Warning
8193,GBTS,2510,OSSU extended C7 alarm,Warning
8193,GBTS,8594,OSSU extended C7 alarm,Warning
268390408,BSC6910GSM,8594,OSSU extended C7 alarm,Warning
268390408,BSC6910GSM,2510,OSSU extended C7 alarm,Warning
8193,GBTS,2512,OSSU extended C8 alarm,Warning
8193,GBTS,8596,OSSU extended C8 alarm,Warning
268390408,BSC6910GSM,8596,OSSU extended C8 alarm,Warning
268390408,BSC6910GSM,2512,OSSU extended C8 alarm,Warning
8193,GBTS,2514,OSSU extended C9 alarm,Warning
8193,GBTS,8598,OSSU extended C9 alarm,Warning
268390408,BSC6910GSM,8598,OSSU extended C9 alarm,Warning
268390408,BSC6910GSM,2514,OSSU extended C9 alarm,Warning
8193,GBTS,2518,OSSU extended CB alarm,Warning
8193,GBTS,8602,OSSU extended CB alarm,Warning
268390408,BSC6910GSM,2518,OSSU extended CB alarm,Warning
268390408,BSC6910GSM,8602,OSSU extended CB alarm,Warning
8193,GBTS,8604,OSSU extended CC alarm,Warning
8193,GBTS,2520,OSSU extended CC alarm,Warning
268390408,BSC6910GSM,8604,OSSU extended CC alarm,Warning
268390408,BSC6910GSM,2520,OSSU extended CC alarm,Warning
8193,GBTS,2522,OSSU extended CD alarm,Warning
8193,GBTS,8606,OSSU extended CD alarm,Warning
268390408,BSC6910GSM,8606,OSSU extended CD alarm,Warning
268390408,BSC6910GSM,2522,OSSU extended CD alarm,Warning
8193,GBTS,2524,OSSU extended CE alarm,Warning
8193,GBTS,8608,OSSU extended CE alarm,Warning
268390408,BSC6910GSM,8608,OSSU extended CE alarm,Warning
268390408,BSC6910GSM,2524,OSSU extended CE alarm,Warning
8193,GBTS,2526,OSSU extended CF alarm,Warning
8193,GBTS,8610,OSSU extended CF alarm,Warning
268390408,BSC6910GSM,8610,OSSU extended CF alarm,Warning
268390408,BSC6910GSM,2526,OSSU extended CF alarm,Warning
8193,GBTS,2530,OSSU extended D1 alarm,Warning
8193,GBTS,8614,OSSU extended D1 alarm,Warning
268390408,BSC6910GSM,8614,OSSU extended D1 alarm,Warning
268390408,BSC6910GSM,2530,OSSU extended D1 alarm,Warning
8193,GBTS,2532,OSSU extended D2 alarm,Warning
8193,GBTS,8616,OSSU extended D2 alarm,Warning
268390408,BSC6910GSM,2532,OSSU extended D2 alarm,Warning
268390408,BSC6910GSM,8616,OSSU extended D2 alarm,Warning
8193,GBTS,8618,OSSU extended D3 alarm,Warning
8193,GBTS,2534,OSSU extended D3 alarm,Warning
268390408,BSC6910GSM,2534,OSSU extended D3 alarm,Warning
268390408,BSC6910GSM,8618,OSSU extended D3 alarm,Warning
8193,GBTS,2536,OSSU extended D4 alarm,Warning
8193,GBTS,8620,OSSU extended D4 alarm,Warning
268390408,BSC6910GSM,2536,OSSU extended D4 alarm,Warning
268390408,BSC6910GSM,8620,OSSU extended D4 alarm,Warning
100000,OSS,1043,OceanStor Storage System Alarm,Critical
268390408,BSC6910GSM,9742,On-Site Detecting Circuit Fault,Major
8193,GBTS,9742,On-Site Detecting Circuit Fault,Major
268390408,BSC6910GSM,20042,One Input of Fan Box Power Failure,Minor
268390409,BSC6910UMTS,20042,One Input of Fan Box Power Failure,Minor
100000,OSS,268390408,One-click DR Switchover Check Failure,Major
8193,GBTS,4812,Optic Module Abnormal Alarm,Major
268390408,BSC6910GSM,4812,Optic Module Abnormal Alarm,Major
268390409,BSC6910UMTS,21398,Optic Power Abnormal,Minor
268390408,BSC6910GSM,21398,Optic Power Abnormal,Minor
8193,GBTS,4224,Optic Power Alarm,Minor
268390408,BSC6910GSM,4224,Optic Power Alarm,Minor
8193,GBTS,5012,Optical Channel A Local Alarm,Major
268390408,BSC6910GSM,5012,Optical Channel A Local Alarm,Major
8193,GBTS,5010,Optical Channel A Reception Alarm,Major
268390408,BSC6910GSM,5010,Optical Channel A Reception Alarm,Major
268390408,BSC6910GSM,5014,Optical Channel A Remote Alarm,Major
8193,GBTS,5014,Optical Channel A Remote Alarm,Major
8193,GBTS,5008,Optical Channel A Transmission Alarm,Major
268390408,BSC6910GSM,5008,Optical Channel A Transmission Alarm,Major
8193,GBTS,5020,Optical Channel B Local Alarm,Major
268390408,BSC6910GSM,5020,Optical Channel B Local Alarm,Major
8193,GBTS,5018,Optical Channel B Reception Alarm,Major
268390408,BSC6910GSM,5018,Optical Channel B Reception Alarm,Major
8193,GBTS,5022,Optical Channel B Remote Alarm,Major
268390408,BSC6910GSM,5022,Optical Channel B Remote Alarm,Major
8193,GBTS,5016,Optical Channel B Transmission Alarm,Major
268390408,BSC6910GSM,5016,Optical Channel B Transmission Alarm,Major
268390408,BSC6910GSM,21285,Optical Module Fault,Major
268390409,BSC6910UMTS,21285,Optical Module Fault,Major
268390409,BSC6910UMTS,21290,Optical Module Mismatch,Major
268390408,BSC6910GSM,21290,Optical Module Mismatch,Major
8200,BTS3900 LTE,26317,Optical Module Temperature Unacceptable,Minor
268390521,BTS5900,26317,Optical Module Temperature Unacceptable,Minor
268390522,BTS5900 LTE,26317,Optical Module Temperature Unacceptable,Minor
268390417,BTS3900,26317,Optical Module Temperature Unacceptable,Minor
125,BTS3900 WCDMA,26317,Optical Module Temperature Unacceptable,Minor
268390523,BTS5900 WCDMA,26317,Optical Module Temperature Unacceptable,Minor
268390526,BTS5900 5G,26317,Optical Module Temperature Unacceptable,Minor
268390540,BTS3900 5G,26317,Optical Module Temperature Unacceptable,Minor
8193,GBTS,3794,Optical Receive Channel Alarm,Major
268390408,BSC6910GSM,7396,Optical Receive Channel Alarm,Major
268390408,BSC6910GSM,7508,Optical Receive Channel Alarm,Critical
8193,GBTS,2448,Optical Receive Channel Alarm,Critical
8193,GBTS,7508,Optical Receive Channel Alarm,Critical
268390408,BSC6910GSM,2448,Optical Receive Channel Alarm,Critical
8193,GBTS,7396,Optical Receive Channel Alarm,Major
268390408,BSC6910GSM,3794,Optical Receive Channel Alarm,Major
8193,GBTS,3190,Optical Receive Channel alarm,Major
268390408,BSC6910GSM,3190,Optical Receive Channel alarm,Major
8193,GBTS,3796,Optical Transmit Channel Alarm,Major
8193,GBTS,7510,Optical Transmit Channel Alarm,Critical
268390408,BSC6910GSM,2450,Optical Transmit Channel Alarm,Critical
268390408,BSC6910GSM,7398,Optical Transmit Channel Alarm,Major
8193,GBTS,2450,Optical Transmit Channel Alarm,Critical
268390408,BSC6910GSM,7510,Optical Transmit Channel Alarm,Critical
8193,GBTS,7398,Optical Transmit Channel Alarm,Major
268390408,BSC6910GSM,3796,Optical Transmit Channel Alarm,Major
8193,GBTS,3192,Optical Transmit Channel alarm,Major
268390408,BSC6910GSM,3192,Optical Transmit Channel alarm,Major
100000,OSS,650014,Outbound Flow Bandwidth Usage of a Host Exceeds the Threshold,Major
8193,GBTS,5740,Outer Circulation Fan Abnormal,Major
268390408,BSC6910GSM,5740,Outer Circulation Fan Abnormal,Major
8193,GBTS,3972,Outer Circulation Fan Abnormal,Major
268390408,BSC6910GSM,3972,Outer Circulation Fan Abnormal,Major
8193,GBTS,6356,Over Analog Input Signal 1 Alarm,Warning
8193,GBTS,6490,Over Analog Input Signal 1 Alarm,Warning
268390408,BSC6910GSM,6356,Over Analog Input Signal 1 Alarm,Warning
268390408,BSC6910GSM,6490,Over Analog Input Signal 1 Alarm,Warning
8193,GBTS,6360,Over Analog Input Signal 2 Alarm,Warning
8193,GBTS,6494,Over Analog Input Signal 2 Alarm,Warning
268390408,BSC6910GSM,6360,Over Analog Input Signal 2 Alarm,Warning
268390408,BSC6910GSM,6494,Over Analog Input Signal 2 Alarm,Warning
8193,GBTS,6364,Over Analog Input Signal 3 Alarm,Warning
8193,GBTS,6498,Over Analog Input Signal 3 Alarm,Warning
268390408,BSC6910GSM,6364,Over Analog Input Signal 3 Alarm,Warning
268390408,BSC6910GSM,6498,Over Analog Input Signal 3 Alarm,Warning
8193,GBTS,6368,Over Analog Input Signal 4 Alarm,Warning
268390408,BSC6910GSM,6368,Over Analog Input Signal 4 Alarm,Warning
8193,GBTS,6502,Over Analog Input Signal 4 Alarm,Warning
268390408,BSC6910GSM,6502,Over Analog Input Signal 4 Alarm,Warning
8193,GBTS,6416,Over Humidity Alarm,Major
8193,GBTS,3838,Over Humidity Alarm,Major
268390408,BSC6910GSM,6416,Over Humidity Alarm,Major
268390408,BSC6910GSM,3838,Over Humidity Alarm,Major
8193,GBTS,3834,Over Temperature Alarm,Major
268390408,BSC6910GSM,2376,Over Temperature Alarm,Major
268390408,BSC6910GSM,6412,Over Temperature Alarm,Major
8193,GBTS,2376,Over Temperature Alarm,Major
268390408,BSC6910GSM,3834,Over Temperature Alarm,Major
8193,GBTS,6412,Over Temperature Alarm,Major
8193,GBTS,5728,Over-Current Alarm During Charging,Major
8193,GBTS,6026,Over-Current Alarm During Charging,Major
8193,GBTS,3960,Over-Current Alarm During Charging,Major
268390408,BSC6910GSM,3960,Over-Current Alarm During Charging,Major
268390408,BSC6910GSM,5728,Over-Current Alarm During Charging,Major
268390408,BSC6910GSM,6026,Over-Current Alarm During Charging,Major
268390408,BSC6910GSM,2586,PBU Band Mismatch ARFCN Alarm,Major
8193,GBTS,9694,PBU Band Mismatch ARFCN Alarm,Major
8193,GBTS,2586,PBU Band Mismatch ARFCN Alarm,Major
268390408,BSC6910GSM,9694,PBU Band Mismatch ARFCN Alarm,Major
268390408,BSC6910GSM,9686,PBU Clock Critical Alarm,Major
8193,GBTS,9686,PBU Clock Critical Alarm,Major
268390408,BSC6910GSM,2578,PBU Clock Critical Alarm,Major
8193,GBTS,2578,PBU Clock Critical Alarm,Major
8193,GBTS,9696,PBU Communication Alarm,Major
268390408,BSC6910GSM,9696,PBU Communication Alarm,Major
268390408,BSC6910GSM,2568,PBU FLASH Memory Alarm,Major
8193,GBTS,9676,PBU FLASH Memory Alarm,Major
268390408,BSC6910GSM,9676,PBU FLASH Memory Alarm,Major
8193,GBTS,2568,PBU FLASH Memory Alarm,Major
268390408,BSC6910GSM,2564,PBU Low Forward Power Alarm,Major
268390408,BSC6910GSM,9672,PBU Low Forward Power Alarm,Major
8193,GBTS,9672,PBU Low Forward Power Alarm,Major
8193,GBTS,2564,PBU Low Forward Power Alarm,Major
268390408,BSC6910GSM,2574,PBU Main Clock Alarm,Warning
268390408,BSC6910GSM,9682,PBU Main Clock Alarm,Warning
8193,GBTS,9682,PBU Main Clock Alarm,Warning
8193,GBTS,2574,PBU Main Clock Alarm,Warning
268390408,BSC6910GSM,9670,PBU Over Temperature Alarm,Major
268390408,BSC6910GSM,2562,PBU Over Temperature Alarm,Major
8193,GBTS,9670,PBU Over Temperature Alarm,Major
8193,GBTS,2562,PBU Over Temperature Alarm,Major
268390408,BSC6910GSM,2576,PBU Slave Clock Alarm,Warning
268390408,BSC6910GSM,9684,PBU Slave Clock Alarm,Warning
8193,GBTS,9684,PBU Slave Clock Alarm,Warning
8193,GBTS,2576,PBU Slave Clock Alarm,Warning
268390408,BSC6910GSM,2560,PBU VSWR Alarm,Major
8193,GBTS,9668,PBU VSWR Alarm,Major
268390408,BSC6910GSM,9668,PBU VSWR Alarm,Major
8193,GBTS,2560,PBU VSWR Alarm,Major
268390408,BSC6910GSM,2566,PBU extended E3 alarm,Warning
8193,GBTS,9674,PBU extended E3 alarm,Warning
268390408,BSC6910GSM,9674,PBU extended E3 alarm,Warning
8193,GBTS,2566,PBU extended E3 alarm,Warning
8193,GBTS,2580,PBU extended EA alarm,Warning
268390408,BSC6910GSM,2580,PBU extended EA alarm,Warning
268390408,BSC6910GSM,2582,PBU extended EB alarm,Warning
8193,GBTS,2582,PBU extended EB alarm,Warning
268390408,BSC6910GSM,2584,PBU extended EC alarm,Warning
8193,GBTS,2584,PBU extended EC alarm,Warning
268390408,BSC6910GSM,21836,PDCH Close to Capability,Major
268390408,BSC6910GSM,21837,PDCH Exceed Capability,Major
268390522,BTS5900 LTE,26285,PEER Clock Link Failure,Minor
8200,BTS3900 LTE,26285,PEER Clock Link Failure,Minor
268390417,BTS3900,26285,PEER Clock Link Failure,Minor
268390521,BTS5900,26285,PEER Clock Link Failure,Minor
125,BTS3900 WCDMA,26285,PEER Clock Link Failure,Minor
268390523,BTS5900 WCDMA,26285,PEER Clock Link Failure,Minor
268390526,BTS5900 5G,26285,PEER Clock Link Failure,Minor
268390540,BTS3900 5G,26285,PEER Clock Link Failure,Minor
268390409,BSC6910UMTS,20052,PEM Circuit Breaker Turned Off Alarm,Major
268390408,BSC6910GSM,20052,PEM Circuit Breaker Turned Off Alarm,Major
268390408,BSC6910GSM,20053,PEM Fault Alarm,Major
268390409,BSC6910UMTS,20053,PEM Fault Alarm,Major
268390409,BSC6910UMTS,20058,PEM Type Conflict Alarm,Major
268390408,BSC6910GSM,20058,PEM Type Conflict Alarm,Major
268390408,BSC6910GSM,6666,PIU AC Over or Under Voltage Alarm,Major
8193,GBTS,6666,PIU AC Over or Under Voltage Alarm,Major
268390408,BSC6910GSM,6664,PIU AC Power-Off Alarm,Major
8193,GBTS,6664,PIU AC Power-Off Alarm,Major
268390408,BSC6910GSM,6662,PIU Arrester Alarm,Major
8193,GBTS,6662,PIU Arrester Alarm,Major
100000,OSS,404,PM Alarm Threshold Critical,Critical
100000,OSS,403,PM Alarm Threshold Major,Major
100000,OSS,402,PM Alarm Threshold Minor,Minor
100000,OSS,401,PM Alarm Threshold Warning,Warning
1029527,CommonAlarm,40004,PM Monitor KPI Counter Threshold Alarm Critical,Critical
1029527,CommonAlarm,40003,PM Monitor KPI Counter Threshold Alarm Major,Major
1029527,CommonAlarm,40002,PM Monitor KPI Counter Threshold Alarm Minor,Minor
1029527,CommonAlarm,40001,PM Monitor KPI Counter Threshold Alarm Warning,Warning
8193,GBTS,2334,PMU Communication Alarm,Major
268390408,BSC6910GSM,2334,PMU Communication Alarm,Major
268390408,BSC6910GSM,5858,PMU Communication Alarm,Major
268390408,BSC6910GSM,2588,PMU Communication Alarm,Major
8193,GBTS,5858,PMU Communication Alarm,Major
8193,GBTS,2588,PMU Communication Alarm,Major
8193,GBTS,25633,PMU Internal Interface Communication Failure,Major
268390522,BTS5900 LTE,25633,PMU Internal Interface Communication Failure,Major
268390521,BTS5900,25633,PMU Internal Interface Communication Failure,Major
268390417,BTS3900,25633,PMU Internal Interface Communication Failure,Major
8200,BTS3900 LTE,25633,PMU Internal Interface Communication Failure,Major
268390523,BTS5900 WCDMA,25633,PMU Internal Interface Communication Failure,Major
268390540,BTS3900 5G,25633,PMU Internal Interface Communication Failure,Major
268390526,BTS5900 5G,25633,PMU Internal Interface Communication Failure,Major
125,BTS3900 WCDMA,25633,PMU Internal Interface Communication Failure,Major
268390408,BSC6910GSM,25633,PMU Internal Interface Communication Failure,Major
8193,GBTS,13176,PMU boolean 1 alarm,Warning
268390408,BSC6910GSM,13176,PMU boolean 1 alarm,Warning
8193,GBTS,13178,PMU boolean 2 alarm,Warning
268390408,BSC6910GSM,13178,PMU boolean 2 alarm,Warning
8193,GBTS,13180,PMU boolean 3 alarm,Warning
268390408,BSC6910GSM,13180,PMU boolean 3 alarm,Warning
8193,GBTS,13182,PMU boolean 4 alarm,Warning
268390408,BSC6910GSM,13182,PMU boolean 4 alarm,Warning
8193,GBTS,13184,PMU boolean 5 alarm,Warning
268390408,BSC6910GSM,13184,PMU boolean 5 alarm,Warning
8193,GBTS,5828,PMU extended 60 alarm,Warning
8193,GBTS,2304,PMU extended 60 alarm,Warning
268390408,BSC6910GSM,5828,PMU extended 60 alarm,Warning
268390408,BSC6910GSM,2304,PMU extended 60 alarm,Warning
8193,GBTS,5830,PMU extended 61 alarm,Warning
8193,GBTS,2306,PMU extended 61 alarm,Warning
268390408,BSC6910GSM,5830,PMU extended 61 alarm,Warning
268390408,BSC6910GSM,2306,PMU extended 61 alarm,Warning
8193,GBTS,2308,PMU extended 62 alarm,Warning
8193,GBTS,5832,PMU extended 62 alarm,Warning
268390408,BSC6910GSM,5832,PMU extended 62 alarm,Warning
268390408,BSC6910GSM,2308,PMU extended 62 alarm,Warning
8193,GBTS,2310,PMU extended 63 alarm,Warning
8193,GBTS,5834,PMU extended 63 alarm,Warning
268390408,BSC6910GSM,5834,PMU extended 63 alarm,Warning
268390408,BSC6910GSM,2310,PMU extended 63 alarm,Warning
8193,GBTS,5836,PMU extended 64 alarm,Warning
8193,GBTS,2312,PMU extended 64 alarm,Warning
268390408,BSC6910GSM,5836,PMU extended 64 alarm,Warning
268390408,BSC6910GSM,2312,PMU extended 64 alarm,Warning
8193,GBTS,5838,PMU extended 65 alarm,Warning
8193,GBTS,2314,PMU extended 65 alarm,Warning
268390408,BSC6910GSM,5838,PMU extended 65 alarm,Warning
268390408,BSC6910GSM,2314,PMU extended 65 alarm,Warning
8193,GBTS,5840,PMU extended 66 alarm,Warning
8193,GBTS,2316,PMU extended 66 alarm,Warning
268390408,BSC6910GSM,5840,PMU extended 66 alarm,Warning
268390408,BSC6910GSM,2316,PMU extended 66 alarm,Warning
8193,GBTS,5842,PMU extended 67 alarm,Warning
8193,GBTS,2318,PMU extended 67 alarm,Warning
268390408,BSC6910GSM,5842,PMU extended 67 alarm,Warning
268390408,BSC6910GSM,2318,PMU extended 67 alarm,Warning
8193,GBTS,5844,PMU extended 68 alarm,Warning
8193,GBTS,2320,PMU extended 68 alarm,Warning
268390408,BSC6910GSM,5844,PMU extended 68 alarm,Warning
268390408,BSC6910GSM,2320,PMU extended 68 alarm,Warning
8193,GBTS,2322,PMU extended 69 alarm,Warning
268390408,BSC6910GSM,5846,PMU extended 69 alarm,Warning
268390408,BSC6910GSM,2322,PMU extended 69 alarm,Warning
8193,GBTS,5846,PMU extended 69 alarm,Warning
8193,GBTS,2328,PMU extended 6C alarm,Warning
268390408,BSC6910GSM,5852,PMU extended 6C alarm,Warning
268390408,BSC6910GSM,2328,PMU extended 6C alarm,Warning
8193,GBTS,5852,PMU extended 6C alarm,Warning
8193,GBTS,2336,PMU extended 70 alarm,Warning
268390408,BSC6910GSM,2336,PMU extended 70 alarm,Warning
268390408,BSC6910GSM,5860,PMU extended 70 alarm,Warning
8193,GBTS,5860,PMU extended 70 alarm,Warning
8193,GBTS,5880,PMU extended 7A alarm,Warning
268390408,BSC6910GSM,5880,PMU extended 7A alarm,Warning
268390408,BSC6910GSM,2438,PMU extended A3 alarm,Warning
8193,GBTS,2438,PMU extended A3 alarm,Warning
268390408,BSC6910GSM,2440,PMU extended A4 alarm,Warning
8193,GBTS,2440,PMU extended A4 alarm,Warning
268390408,BSC6910GSM,2442,PMU extended A5 alarm,Warning
8193,GBTS,2442,PMU extended A5 alarm,Warning
268390408,BSC6910GSM,2444,PMU extended A6 alarm,Warning
8193,GBTS,2444,PMU extended A6 alarm,Warning
268390408,BSC6910GSM,2446,PMU extended A7 alarm,Warning
8193,GBTS,2446,PMU extended A7 alarm,Warning
8193,GBTS,2478,PMU extended B7 alarm,Warning
268390408,BSC6910GSM,2478,PMU extended B7 alarm,Warning
268390409,BSC6910UMTS,20759,POOL license information synchronization failure,Minor
268390521,BTS5900,65201,PORTA ABERTA,Major
268390408,BSC6910GSM,21390,PPP Excessive Frame Error Rate,Minor
268390522,BTS5900 LTE,25863,PPP Link Excessive Frame Error Rate,Minor
268390417,BTS3900,25863,PPP Link Excessive Frame Error Rate,Minor
8200,BTS3900 LTE,25863,PPP Link Excessive Frame Error Rate,Minor
268390521,BTS5900,25863,PPP Link Excessive Frame Error Rate,Minor
268390523,BTS5900 WCDMA,25863,PPP Link Excessive Frame Error Rate,Minor
8193,GBTS,25863,PPP Link Excessive Frame Error Rate,Minor
268390408,BSC6910GSM,25863,PPP Link Excessive Frame Error Rate,Minor
8193,GBTS,11342,PPP Link Excessive Frame Error Rate,Major
125,BTS3900 WCDMA,25863,PPP Link Excessive Frame Error Rate,Minor
268390408,BSC6910GSM,11342,PPP Link Excessive Frame Error Rate,Major
268390522,BTS5900 LTE,25860,PPP/MLPPP Link Fault,Major
268390521,BTS5900,25860,PPP/MLPPP Link Fault,Major
8200,BTS3900 LTE,25860,PPP/MLPPP Link Fault,Major
268390417,BTS3900,25860,PPP/MLPPP Link Fault,Major
268390523,BTS5900 WCDMA,25860,PPP/MLPPP Link Fault,Major
268390408,BSC6910GSM,21343,PPP/MLPPP Link Fault,Minor
8193,GBTS,11354,PPP/MLPPP Link Fault,Major
268390408,BSC6910GSM,25860,PPP/MLPPP Link Fault,Major
125,BTS3900 WCDMA,25860,PPP/MLPPP Link Fault,Major
8193,GBTS,25860,PPP/MLPPP Link Fault,Major
268390408,BSC6910GSM,11354,PPP/MLPPP Link Fault,Major
268390451,MICRO BTS3900,25948,PPPoE Link Fault,Major
100000,OSS,791,PS Northbound Function Is Disabled,Major
268390522,BTS5900 LTE,26115,PSE ASIC Power Supply Problem,Minor
268390521,BTS5900,26115,PSE ASIC Power Supply Problem,Minor
268390417,BTS3900,26115,PSE ASIC Power Supply Problem,Minor
8200,BTS3900 LTE,26115,PSE ASIC Power Supply Problem,Minor
268390451,MICRO BTS3900,26115,PSE ASIC Power Supply Problem,Minor
268390526,BTS5900 5G,26115,PSE ASIC Power Supply Problem,Minor
268390540,BTS3900 5G,26115,PSE ASIC Power Supply Problem,Minor
268390523,BTS5900 WCDMA,26115,PSE ASIC Power Supply Problem,Minor
125,BTS3900 WCDMA,26115,PSE ASIC Power Supply Problem,Minor
8193,GBTS,5646,PSU Comm. Alarm,Critical
268390408,BSC6910GSM,5646,PSU Comm. Alarm,Critical
8193,GBTS,6980,PSU Communication Alarm,Minor
8193,GBTS,2432,PSU Communication Alarm,Minor
268390408,BSC6910GSM,6980,PSU Communication Alarm,Minor
268390408,BSC6910GSM,2432,PSU Communication Alarm,Minor
8193,GBTS,5750,PSU Communication Failure Alarm,Major
268390408,BSC6910GSM,5750,PSU Communication Failure Alarm,Major
268390408,BSC6910GSM,4002,PSU Communication Failure Alarm,Major
8193,GBTS,4002,PSU Communication Failure Alarm,Major
8193,GBTS,5754,PSU Failure Alarm,Major
268390408,BSC6910GSM,5754,PSU Failure Alarm,Major
268390408,BSC6910GSM,4004,PSU Failure Alarm,Major
8193,GBTS,4004,PSU Failure Alarm,Major
268390408,BSC6910GSM,2434,PSU Fault Alarm,Major
268390408,BSC6910GSM,6982,PSU Fault Alarm,Major
8193,GBTS,2434,PSU Fault Alarm,Major
8193,GBTS,6982,PSU Fault Alarm,Major
8193,GBTS,5650,PSU Faulty Alarm,Major
268390408,BSC6910GSM,5650,PSU Faulty Alarm,Major
268390408,BSC6910GSM,5682,PSU Illegal Alarm,Major
8193,GBTS,5682,PSU Illegal Alarm,Major
268390408,BSC6910GSM,3712,PSU Lightningproof Alarm,Major
8193,GBTS,3712,PSU Lightningproof Alarm,Major
8193,GBTS,5756,PSU Module Protector Alarm,Major
268390408,BSC6910GSM,5756,PSU Module Protector Alarm,Major
268390408,BSC6910GSM,4006,PSU Module Protector Alarm,Major
8193,GBTS,4006,PSU Module Protector Alarm,Major
8193,GBTS,5652,PSU Safeguard Alarm,Minor
268390408,BSC6910GSM,2436,PSU Safeguard Alarm,Major
268390408,BSC6910GSM,5652,PSU Safeguard Alarm,Minor
268390408,BSC6910GSM,6984,PSU Safeguard Alarm,Major
8193,GBTS,2436,PSU Safeguard Alarm,Major
8193,GBTS,6984,PSU Safeguard Alarm,Major
8193,GBTS,5752,PSU Shutdown Alarm,Major
268390408,BSC6910GSM,5752,PSU Shutdown Alarm,Major
8193,GBTS,4008,PSU Shutdown Alarm,Major
268390408,BSC6910GSM,4008,PSU Shutdown Alarm,Major
268390408,BSC6910GSM,4010,PSU Unlawful Alarm,Major
8193,GBTS,4010,PSU Unlawful Alarm,Major
268390408,BSC6910GSM,6986,PSU extended A3 alarm,Warning
8193,GBTS,6986,PSU extended A3 alarm,Warning
268390408,BSC6910GSM,6988,PSU extended A4 alarm,Warning
8193,GBTS,6988,PSU extended A4 alarm,Warning
268390408,BSC6910GSM,6990,PSU extended A5 alarm,Warning
8193,GBTS,6990,PSU extended A5 alarm,Warning
8193,GBTS,6992,PSU extended A6 alarm,Warning
268390408,BSC6910GSM,6992,PSU extended A6 alarm,Warning
268390408,BSC6910GSM,6994,PSU extended A7 alarm,Warning
8193,GBTS,6994,PSU extended A7 alarm,Warning
8193,GBTS,4012,PSU extended DD alarm,Warning
268390408,BSC6910GSM,4012,PSU extended DD alarm,Warning
8193,GBTS,4014,PSU extended DE alarm,Warning
268390408,BSC6910GSM,4014,PSU extended DE alarm,Warning
8193,GBTS,4016,PSU extended DF alarm,Warning
268390408,BSC6910GSM,4016,PSU extended DF alarm,Warning
8193,GBTS,5648,PSU shutdown alarm,Major
268390408,BSC6910GSM,5648,PSU shutdown alarm,Major
268390408,BSC6910GSM,22008,PTP BVC Faulty,Warning
100000,OSS,832,Parallel Alarm Exceeds the Limit,Major
268390408,BSC6910GSM,10784,Parameter set collision alarm,Warning
8193,GBTS,6062,Parameter set collision alarm,Warning
8193,GBTS,6166,Parameter set collision alarm,Warning
8193,GBTS,9770,Parameter set collision alarm,Warning
268390408,BSC6910GSM,6062,Parameter set collision alarm,Warning
268390408,BSC6910GSM,9770,Parameter set collision alarm,Warning
8193,GBTS,10784,Parameter set collision alarm,Warning
268390408,BSC6910GSM,6166,Parameter set collision alarm,Warning
268390409,BSC6910UMTS,21582,Path Congestion,Minor
268390409,BSC6910UMTS,21581,Path Fault,Major
268390408,BSC6910GSM,20760,Peer BSC License Will Be Revoked in Local BSC,Minor
268390521,BTS5900,26832,Peer Certificate Expiry,Minor
268390417,BTS3900,26832,Peer Certificate Expiry,Minor
268390522,BTS5900 LTE,26832,Peer Certificate Expiry,Minor
8200,BTS3900 LTE,26832,Peer Certificate Expiry,Minor
125,BTS3900 WCDMA,26832,Peer Certificate Expiry,Minor
268390408,BSC6910GSM,26832,Peer Certificate Expiry,Minor
268390451,MICRO BTS3900,26832,Peer Certificate Expiry,Minor
8193,GBTS,26832,Peer Certificate Expiry,Minor
268390521,BTS5900,26834,Peer Certificate Invalid,Minor
268390417,BTS3900,26834,Peer Certificate Invalid,Minor
268390522,BTS5900 LTE,26834,Peer Certificate Invalid,Minor
268390523,BTS5900 WCDMA,26834,Peer Certificate Invalid,Minor
268390408,BSC6910GSM,20854,Peer Certificate Invalid,Minor
268390526,BTS5900 5G,26834,Peer Certificate Invalid,Minor
268390409,BSC6910UMTS,20854,Peer Certificate Invalid,Minor
268390540,BTS3900 5G,26834,Peer Certificate Invalid,Minor
125,BTS3900 WCDMA,26834,Peer Certificate Invalid,Minor
8200,BTS3900 LTE,26834,Peer Certificate Invalid,Minor
1029527,CommonAlarm,40925,Performance Threshold Default Alarm,Critical
100000,OSS,1600,Performance result loss alarm,Minor
8193,GBTS,3598,Phase-Lock Loop alarm,Warning
268390408,BSC6910GSM,3598,Phase-Lock Loop alarm,Warning
8193,GBTS,2198,Phase-lock Loop Critical Alarm,Major
268390408,BSC6910GSM,2198,Phase-lock Loop Critical Alarm,Major
8193,GBTS,3656,Phase-lock Loop Critical alarm,Major
268390408,BSC6910GSM,3656,Phase-lock Loop Critical alarm,Major
268390408,BSC6910GSM,4186,Phase-lock loop critical alarm,Major
8193,GBTS,4186,Phase-lock loop critical alarm,Major
100014,mAGCF Pool,951,Pool Load Imbalance,Critical
100012,MME Pool,951,Pool Load Imbalance,Critical
100003,SGSN Pool,951,Pool Load Imbalance,Critical
100002,CDMA Pool,951,Pool Load Imbalance,Critical
1029529,CN Pool,951,Pool Load Imbalance,Critical
100001,MSC Pool,951,Pool Load Imbalance,Critical
101111,AMF Pool,951,Pool Load Imbalance,Critical
9500,ECNS Pool,951,Pool Load Imbalance,Critical
100000,OSS,650028,Port Auto-Negotiation Rate Has Not Reached the Maximum Port Rate,Major
268390409,BSC6910UMTS,21583,Port Congestion,Minor
268390408,BSC6910GSM,21583,Port Congestion,Minor
268390408,BSC6910GSM,20044,Power Input to Monitoring Device Abnormal,Critical
268390409,BSC6910UMTS,20044,Power Input to Monitoring Device Abnormal,Critical
268390522,BTS5900 LTE,25626,Power Module Abnormal,Warning
8193,GBTS,25626,Power Module Abnormal,Warning
8200,BTS3900 LTE,25626,Power Module Abnormal,Warning
268390521,BTS5900,25626,Power Module Abnormal,Warning
268390417,BTS3900,25626,Power Module Abnormal,Warning
268390526,BTS5900 5G,25626,Power Module Abnormal,Warning
268390523,BTS5900 WCDMA,25626,Power Module Abnormal,Warning
268390408,BSC6910GSM,13078,Power Module Abnormal,Major
268390540,BTS3900 5G,25626,Power Module Abnormal,Warning
8193,GBTS,13078,Power Module Abnormal,Major
268390408,BSC6910GSM,25626,Power Module Abnormal,Warning
125,BTS3900 WCDMA,25626,Power Module Abnormal,Warning
8193,GBTS,25630,Power Module and Monitoring Module Communication Failure,Major
268390521,BTS5900,25630,Power Module and Monitoring Module Communication Failure,Minor
8200,BTS3900 LTE,25630,Power Module and Monitoring Module Communication Failure,Minor
268390417,BTS3900,25630,Power Module and Monitoring Module Communication Failure,Minor
268390522,BTS5900 LTE,25630,Power Module and Monitoring Module Communication Failure,Minor
268390540,BTS3900 5G,25630,Power Module and Monitoring Module Communication Failure,Minor
268390526,BTS5900 5G,25630,Power Module and Monitoring Module Communication Failure,Minor
268390523,BTS5900 WCDMA,25630,Power Module and Monitoring Module Communication Failure,Minor
268390408,BSC6910GSM,25630,Power Module and Monitoring Module Communication Failure,Major
125,BTS3900 WCDMA,25630,Power Module and Monitoring Module Communication Failure,Minor
8200,BTS3900 LTE,25621,Power Supply DC Output Out of Range,Major
8193,GBTS,25621,Power Supply DC Output Out of Range,Major
268390417,BTS3900,25621,Power Supply DC Output Out of Range,Major
268390521,BTS5900,25621,Power Supply DC Output Out of Range,Major
268390522,BTS5900 LTE,25621,Power Supply DC Output Out of Range,Major
268390540,BTS3900 5G,25621,Power Supply DC Output Out of Range,Major
268390526,BTS5900 5G,25621,Power Supply DC Output Out of Range,Major
268390523,BTS5900 WCDMA,25621,Power Supply DC Output Out of Range,Major
268390408,BSC6910GSM,25621,Power Supply DC Output Out of Range,Major
125,BTS3900 WCDMA,25621,Power Supply DC Output Out of Range,Major
268390522,BTS5900 LTE,26790,Power Supply Failure,Major
100000,OSS,365,Power Supply Failure,Major
268390417,BTS3900,26790,Power Supply Failure,Major
268390521,BTS5900,26790,Power Supply Failure,Major
268390526,BTS5900 5G,26790,Power Supply Failure,Major
268390523,BTS5900 WCDMA,26790,Power Supply Failure,Major
268390540,BTS3900 5G,26790,Power Supply Failure,Major
125,BTS3900 WCDMA,26790,Power Supply Failure,Major
8200,BTS3900 LTE,26790,Power Supply Failure,Major
268390408,BSC6910GSM,10780,Power alarm,Warning
8193,GBTS,10780,Power alarm,Warning
100000,OSS,366,Power supply AC lost(PSN Status),Critical
268390408,BSC6910GSM,5684,Power system alarm,Major
8193,GBTS,5684,Power system alarm,Major
268390521,BTS5900,29849,Primary/Backup TRP Status Inconsistency in Cell,Minor
268390417,BTS3900,29849,Primary/Backup TRP Status Inconsistency in Cell,Minor
100000,OSS,101217,Product Application Scheduled Backup Failure,Critical
100000,OSS,101205,Product Data Scheduled Backup Failure,Critical
100000,OSS,320,Product/board already beyond service period,Major
100000,OSS,319,Product/board is about to beyond service period,Minor
8193,GBTS,10250,Prompt Board Failure Alarm,Warning
268390408,BSC6910GSM,10250,Prompt Board Failure Alarm,Warning
100000,OSS,103696,Protection Password About to Expire,Major
100000,OSS,103695,Protection Password Expired,Critical
268390409,BSC6910UMTS,21562,QAAL2 Adjacent Node Inaccessible,Major
268390409,BSC6910UMTS,21563,QAAL2 Protocol Version Mismatch on Adjacent Node,Minor
100000,OSS,1777670,RADIUS Server Connection Failed,Critical
268390522,BTS5900 LTE,26402,RAT Conflict between separate-MPT Boards,Major
268390521,BTS5900,26402,RAT Conflict between separate-MPT Boards,Major
268390417,BTS3900,26402,RAT Conflict between separate-MPT Boards,Major
8200,BTS3900 LTE,26402,RAT Conflict between separate-MPT Boards,Major
8193,GBTS,26402,RAT Conflict between separate-MPT Boards,Major
268390540,BTS3900 5G,26402,RAT Conflict between separate-MPT Boards,Major
268390526,BTS5900 5G,26402,RAT Conflict between separate-MPT Boards,Major
268390523,BTS5900 WCDMA,26402,RAT Conflict between separate-MPT Boards,Major
268390408,BSC6910GSM,26402,RAT Conflict between separate-MPT Boards,Major
125,BTS3900 WCDMA,26402,RAT Conflict between separate-MPT Boards,Major
8200,BTS3900 LTE,26754,RET Antenna Data Loss,Minor
268390521,BTS5900,26754,RET Antenna Data Loss,Minor
8193,GBTS,26754,RET Antenna Data Loss,Minor
268390522,BTS5900 LTE,26754,RET Antenna Data Loss,Minor
268390417,BTS3900,26754,RET Antenna Data Loss,Minor
268390540,BTS3900 5G,26754,RET Antenna Data Loss,Minor
268390526,BTS5900 5G,26754,RET Antenna Data Loss,Minor
268390523,BTS5900 WCDMA,26754,RET Antenna Data Loss,Minor
268390408,BSC6910GSM,26754,RET Antenna Data Loss,Minor
125,BTS3900 WCDMA,26754,RET Antenna Data Loss,Minor
268390417,BTS3900,26751,RET Antenna Motor Fault,Minor
268390521,BTS5900,26751,RET Antenna Motor Fault,Minor
268390522,BTS5900 LTE,26751,RET Antenna Motor Fault,Minor
8193,GBTS,26751,RET Antenna Motor Fault,Minor
8200,BTS3900 LTE,26751,RET Antenna Motor Fault,Minor
268390408,BSC6910GSM,26751,RET Antenna Motor Fault,Minor
268390540,BTS3900 5G,26751,RET Antenna Motor Fault,Minor
268390526,BTS5900 5G,26751,RET Antenna Motor Fault,Minor
268390523,BTS5900 WCDMA,26751,RET Antenna Motor Fault,Minor
125,BTS3900 WCDMA,26751,RET Antenna Motor Fault,Minor
268390521,BTS5900,26753,RET Antenna Not Calibrated,Minor
8193,GBTS,26753,RET Antenna Not Calibrated,Minor
8200,BTS3900 LTE,26753,RET Antenna Not Calibrated,Minor
268390417,BTS3900,26753,RET Antenna Not Calibrated,Minor
268390522,BTS5900 LTE,26753,RET Antenna Not Calibrated,Minor
268390540,BTS3900 5G,26753,RET Antenna Not Calibrated,Minor
268390523,BTS5900 WCDMA,26753,RET Antenna Not Calibrated,Minor
268390526,BTS5900 5G,26753,RET Antenna Not Calibrated,Minor
268390408,BSC6910GSM,26753,RET Antenna Not Calibrated,Minor
125,BTS3900 WCDMA,26753,RET Antenna Not Calibrated,Minor
268390521,BTS5900,26757,RET Antenna Running Data and Configuration Mismatch,Minor
268390522,BTS5900 LTE,26757,RET Antenna Running Data and Configuration Mismatch,Minor
8200,BTS3900 LTE,26757,RET Antenna Running Data and Configuration Mismatch,Minor
268390417,BTS3900,26757,RET Antenna Running Data and Configuration Mismatch,Minor
268390540,BTS3900 5G,26757,RET Antenna Running Data and Configuration Mismatch,Minor
268390526,BTS5900 5G,26757,RET Antenna Running Data and Configuration Mismatch,Minor
268390523,BTS5900 WCDMA,26757,RET Antenna Running Data and Configuration Mismatch,Minor
268390408,BSC6910GSM,26757,RET Antenna Running Data and Configuration Mismatch,Minor
125,BTS3900 WCDMA,26757,RET Antenna Running Data and Configuration Mismatch,Minor
8193,GBTS,26757,RET Antenna Running Data and Configuration Mismatch,Minor
268390408,BSC6910GSM,4244,RET Calibration Alarm,Major
268390408,BSC6910GSM,10266,RET Calibration Alarm,Major
8193,GBTS,10266,RET Calibration Alarm,Major
8193,GBTS,4244,RET Calibration Alarm,Major
268390408,BSC6910GSM,4248,RET Configuration Data Lost Alarm,Major
268390408,BSC6910GSM,10270,RET Configuration Data Lost Alarm,Major
8193,GBTS,10270,RET Configuration Data Lost Alarm,Major
8193,GBTS,4248,RET Configuration Data Lost Alarm,Major
268390408,BSC6910GSM,10274,RET Downtilt Out of Normal Range Alarm,Major
8193,GBTS,10274,RET Downtilt Out of Normal Range Alarm,Major
268390408,BSC6910GSM,4242,RET Hardware Failure Alarm,Major
268390408,BSC6910GSM,10264,RET Hardware Failure Alarm,Major
8193,GBTS,10264,RET Hardware Failure Alarm,Major
8193,GBTS,4242,RET Hardware Failure Alarm,Major
268390408,BSC6910GSM,10276,RET Operation Failure Alarm,Major
8193,GBTS,10276,RET Operation Failure Alarm,Major
268390408,BSC6910GSM,10268,RET Position Lose Alarm,Major
268390408,BSC6910GSM,4246,RET Position Lose Alarm,Major
8193,GBTS,4246,RET Position Lose Alarm,Major
8193,GBTS,10268,RET Position Lose Alarm,Major
268390408,BSC6910GSM,10278,RET Software Downloading Error Alarm,Major
8193,GBTS,10278,RET Software Downloading Error Alarm,Major
268390408,BSC6910GSM,10280,RET TMA Alarm,Major
8193,GBTS,10280,RET TMA Alarm,Major
268390521,BTS5900,29248,RF Out of Service,Major
268390417,BTS3900,29248,RF Out of Service,Major
268390522,BTS5900 LTE,29248,RF Out of Service,Major
8200,BTS3900 LTE,29248,RF Out of Service,Major
8200,BTS3900 LTE,26540,RF Unit AC Input Power Failure,Major
268390417,BTS3900,26540,RF Unit AC Input Power Failure,Major
268390521,BTS5900,26540,RF Unit AC Input Power Failure,Major
8193,GBTS,26540,RF Unit AC Input Power Failure,Major
268390522,BTS5900 LTE,26540,RF Unit AC Input Power Failure,Major
268390526,BTS5900 5G,26540,RF Unit AC Input Power Failure,Major
268390523,BTS5900 WCDMA,26540,RF Unit AC Input Power Failure,Major
268390451,MICRO BTS3900,26540,RF Unit AC Input Power Failure,Major
268390408,BSC6910GSM,26540,RF Unit AC Input Power Failure,Major
268390540,BTS3900 5G,26540,RF Unit AC Input Power Failure,Major
125,BTS3900 WCDMA,26540,RF Unit AC Input Power Failure,Major
268390522,BTS5900 LTE,26530,RF Unit ALD Current Out of Range,Warning
268390417,BTS3900,26530,RF Unit ALD Current Out of Range,Warning
8200,BTS3900 LTE,26530,RF Unit ALD Current Out of Range,Warning
8193,GBTS,26530,RF Unit ALD Current Out of Range,Warning
268390521,BTS5900,26530,RF Unit ALD Current Out of Range,Warning
268390526,BTS5900 5G,26530,RF Unit ALD Current Out of Range,Warning
268390408,BSC6910GSM,26530,RF Unit ALD Current Out of Range,Warning
268390523,BTS5900 WCDMA,26530,RF Unit ALD Current Out of Range,Warning
268390540,BTS3900 5G,26530,RF Unit ALD Current Out of Range,Warning
125,BTS3900 WCDMA,26530,RF Unit ALD Current Out of Range,Warning
268390521,BTS5900,26531,RF Unit ALD Switch Configuration Mismatch,Minor
268390522,BTS5900 LTE,26531,RF Unit ALD Switch Configuration Mismatch,Minor
268390417,BTS3900,26531,RF Unit ALD Switch Configuration Mismatch,Minor
8200,BTS3900 LTE,26531,RF Unit ALD Switch Configuration Mismatch,Minor
8193,GBTS,26531,RF Unit ALD Switch Configuration Mismatch,Minor
268390408,BSC6910GSM,26531,RF Unit ALD Switch Configuration Mismatch,Minor
268390523,BTS5900 WCDMA,26531,RF Unit ALD Switch Configuration Mismatch,Minor
268390540,BTS3900 5G,26531,RF Unit ALD Switch Configuration Mismatch,Minor
268390526,BTS5900 5G,26531,RF Unit ALD Switch Configuration Mismatch,Minor
125,BTS3900 WCDMA,26531,RF Unit ALD Switch Configuration Mismatch,Minor
268390417,BTS3900,26542,RF Unit Backup Power Device Maintenance Link Failure,Major
268390521,BTS5900,26542,RF Unit Backup Power Device Maintenance Link Failure,Major
8200,BTS3900 LTE,26542,RF Unit Backup Power Device Maintenance Link Failure,Major
8193,GBTS,26542,RF Unit Backup Power Device Maintenance Link Failure,Major
268390526,BTS5900 5G,26542,RF Unit Backup Power Device Maintenance Link Failure,Major
268390522,BTS5900 LTE,26542,RF Unit Backup Power Device Maintenance Link Failure,Major
268390540,BTS3900 5G,26542,RF Unit Backup Power Device Maintenance Link Failure,Major
268390523,BTS5900 WCDMA,26542,RF Unit Backup Power Device Maintenance Link Failure,Major
268390408,BSC6910GSM,26542,RF Unit Backup Power Device Maintenance Link Failure,Major
125,BTS3900 WCDMA,26542,RF Unit Backup Power Device Maintenance Link Failure,Major
268390417,BTS3900,28018,RF Unit Baseband Running Error,Major
8193,GBTS,28018,RF Unit Baseband Running Error,Major
268390521,BTS5900,28018,RF Unit Baseband Running Error,Major
268390408,BSC6910GSM,28018,RF Unit Baseband Running Error,Major
268390522,BTS5900 LTE,26504,RF Unit CPRI Interface Error,Minor
268390417,BTS3900,26504,RF Unit CPRI Interface Error,Minor
8200,BTS3900 LTE,26504,RF Unit CPRI Interface Error,Minor
268390521,BTS5900,26504,RF Unit CPRI Interface Error,Minor
8193,GBTS,26504,RF Unit CPRI Interface Error,Minor
268390523,BTS5900 WCDMA,26504,RF Unit CPRI Interface Error,Minor
268390526,BTS5900 5G,26504,RF Unit CPRI Interface Error,Minor
268390540,BTS3900 5G,26504,RF Unit CPRI Interface Error,Minor
268390451,MICRO BTS3900,26504,RF Unit CPRI Interface Error,Minor
268390408,BSC6910GSM,26504,RF Unit CPRI Interface Error,Minor
125,BTS3900 WCDMA,26504,RF Unit CPRI Interface Error,Minor
268390417,BTS3900,26565,RF Unit Certificate Fault,Major
268390521,BTS5900,26565,RF Unit Certificate Fault,Major
8200,BTS3900 LTE,26565,RF Unit Certificate Fault,Major
268390522,BTS5900 LTE,26565,RF Unit Certificate Fault,Major
268390523,BTS5900 WCDMA,26565,RF Unit Certificate Fault,Major
268390526,BTS5900 5G,26565,RF Unit Certificate Fault,Major
268390540,BTS3900 5G,26565,RF Unit Certificate Fault,Major
125,BTS3900 WCDMA,26565,RF Unit Certificate Fault,Major
268390522,BTS5900 LTE,26538,RF Unit Clock Problem,Major
268390521,BTS5900,26538,RF Unit Clock Problem,Major
268390417,BTS3900,26538,RF Unit Clock Problem,Major
8200,BTS3900 LTE,26538,RF Unit Clock Problem,Major
8193,GBTS,26538,RF Unit Clock Problem,Major
268390526,BTS5900 5G,26538,RF Unit Clock Problem,Major
268390408,BSC6910GSM,26538,RF Unit Clock Problem,Major
268390523,BTS5900 WCDMA,26538,RF Unit Clock Problem,Major
268390451,MICRO BTS3900,26538,RF Unit Clock Problem,Major
268390540,BTS3900 5G,26538,RF Unit Clock Problem,Major
125,BTS3900 WCDMA,26538,RF Unit Clock Problem,Major
8193,GBTS,26564,RF Unit DC Input Power Failure,Minor
8200,BTS3900 LTE,26564,RF Unit DC Input Power Failure,Major
268390521,BTS5900,26564,RF Unit DC Input Power Failure,Major
268390417,BTS3900,26564,RF Unit DC Input Power Failure,Major
268390522,BTS5900 LTE,26564,RF Unit DC Input Power Failure,Major
268390526,BTS5900 5G,26564,RF Unit DC Input Power Failure,Major
268390540,BTS3900 5G,26564,RF Unit DC Input Power Failure,Major
268390523,BTS5900 WCDMA,26564,RF Unit DC Input Power Failure,Major
268390408,BSC6910GSM,26564,RF Unit DC Input Power Failure,Minor
125,BTS3900 WCDMA,26564,RF Unit DC Input Power Failure,Major
268390526,BTS5900 5G,26543,RF Unit External Device Maintenance Link Failure,Major
268390522,BTS5900 LTE,26543,RF Unit External Device Maintenance Link Failure,Major
8193,GBTS,26543,RF Unit External Device Maintenance Link Failure,Major
268390417,BTS3900,26543,RF Unit External Device Maintenance Link Failure,Major
268390521,BTS5900,26543,RF Unit External Device Maintenance Link Failure,Major
8200,BTS3900 LTE,26543,RF Unit External Device Maintenance Link Failure,Major
268390540,BTS3900 5G,26543,RF Unit External Device Maintenance Link Failure,Major
268390408,BSC6910GSM,26543,RF Unit External Device Maintenance Link Failure,Major
268390523,BTS5900 WCDMA,26543,RF Unit External Device Maintenance Link Failure,Major
125,BTS3900 WCDMA,26543,RF Unit External Device Maintenance Link Failure,Major
268390526,BTS5900 5G,26546,RF Unit External Power Supply Insufficient,Minor
268390522,BTS5900 LTE,26546,RF Unit External Power Supply Insufficient,Minor
8193,GBTS,26546,RF Unit External Power Supply Insufficient,Minor
268390417,BTS3900,26546,RF Unit External Power Supply Insufficient,Minor
268390521,BTS5900,26546,RF Unit External Power Supply Insufficient,Minor
8200,BTS3900 LTE,26546,RF Unit External Power Supply Insufficient,Minor
268390451,MICRO BTS3900,26546,RF Unit External Power Supply Insufficient,Minor
268390408,BSC6910GSM,26546,RF Unit External Power Supply Insufficient,Minor
268390540,BTS3900 5G,26546,RF Unit External Power Supply Insufficient,Minor
268390523,BTS5900 WCDMA,26546,RF Unit External Power Supply Insufficient,Minor
125,BTS3900 WCDMA,26546,RF Unit External Power Supply Insufficient,Minor
8200,BTS3900 LTE,26547,RF Unit Fan Fault,Minor
268390522,BTS5900 LTE,26547,RF Unit Fan Fault,Minor
8193,GBTS,26547,RF Unit Fan Fault,Minor
268390417,BTS3900,26547,RF Unit Fan Fault,Minor
268390521,BTS5900,26547,RF Unit Fan Fault,Minor
268390408,BSC6910GSM,26547,RF Unit Fan Fault,Minor
268390540,BTS3900 5G,26547,RF Unit Fan Fault,Minor
268390523,BTS5900 WCDMA,26547,RF Unit Fan Fault,Minor
268390526,BTS5900 5G,26547,RF Unit Fan Fault,Minor
125,BTS3900 WCDMA,26547,RF Unit Fan Fault,Minor
8193,GBTS,26532,RF Unit Hardware Fault,Minor
268390522,BTS5900 LTE,26532,RF Unit Hardware Fault,Minor
268390521,BTS5900,26532,RF Unit Hardware Fault,Minor
8200,BTS3900 LTE,26532,RF Unit Hardware Fault,Minor
268390417,BTS3900,26532,RF Unit Hardware Fault,Minor
268390408,BSC6910GSM,26532,RF Unit Hardware Fault,Minor
268390523,BTS5900 WCDMA,26532,RF Unit Hardware Fault,Minor
268390540,BTS3900 5G,26532,RF Unit Hardware Fault,Minor
268390526,BTS5900 5G,26532,RF Unit Hardware Fault,Minor
268390451,MICRO BTS3900,26532,RF Unit Hardware Fault,Minor
125,BTS3900 WCDMA,26532,RF Unit Hardware Fault,Minor
268390521,BTS5900,26508,RF Unit IR Interface Error,Minor
8200,BTS3900 LTE,26508,RF Unit IR Interface Error,Minor
268390417,BTS3900,26508,RF Unit IR Interface Error,Minor
268390522,BTS5900 LTE,26508,RF Unit IR Interface Error,Minor
268390523,BTS5900 WCDMA,26508,RF Unit IR Interface Error,Minor
125,BTS3900 WCDMA,26508,RF Unit IR Interface Error,Minor
8200,BTS3900 LTE,26567,RF Unit Imminent Certificate Expiry,Minor
268390417,BTS3900,26567,RF Unit Imminent Certificate Expiry,Minor
268390522,BTS5900 LTE,26567,RF Unit Imminent Certificate Expiry,Minor
268390521,BTS5900,26567,RF Unit Imminent Certificate Expiry,Minor
268390523,BTS5900 WCDMA,26567,RF Unit Imminent Certificate Expiry,Minor
268390540,BTS3900 5G,26567,RF Unit Imminent Certificate Expiry,Minor
268390526,BTS5900 5G,26567,RF Unit Imminent Certificate Expiry,Minor
125,BTS3900 WCDMA,26567,RF Unit Imminent Certificate Expiry,Minor
268390417,BTS3900,26527,RF Unit Input Power Out of Range,Major
268390521,BTS5900,26527,RF Unit Input Power Out of Range,Major
268390522,BTS5900 LTE,26527,RF Unit Input Power Out of Range,Major
8193,GBTS,26527,RF Unit Input Power Out of Range,Major
8200,BTS3900 LTE,26527,RF Unit Input Power Out of Range,Major
268390526,BTS5900 5G,26527,RF Unit Input Power Out of Range,Major
268390540,BTS3900 5G,26527,RF Unit Input Power Out of Range,Major
268390408,BSC6910GSM,26527,RF Unit Input Power Out of Range,Major
268390523,BTS5900 WCDMA,26527,RF Unit Input Power Out of Range,Major
268390451,MICRO BTS3900,26527,RF Unit Input Power Out of Range,Major
125,BTS3900 WCDMA,26527,RF Unit Input Power Out of Range,Major
268390417,BTS3900,26235,RF Unit Maintenance Link Failure,Major
268390522,BTS5900 LTE,26235,RF Unit Maintenance Link Failure,Major
8200,BTS3900 LTE,26235,RF Unit Maintenance Link Failure,Major
268390521,BTS5900,26235,RF Unit Maintenance Link Failure,Major
268390540,BTS3900 5G,26235,RF Unit Maintenance Link Failure,Major
268390408,BSC6910GSM,26235,RF Unit Maintenance Link Failure,Major
268390451,MICRO BTS3900,26235,RF Unit Maintenance Link Failure,Major
268390523,BTS5900 WCDMA,26235,RF Unit Maintenance Link Failure,Major
268390526,BTS5900 5G,26235,RF Unit Maintenance Link Failure,Major
125,BTS3900 WCDMA,26235,RF Unit Maintenance Link Failure,Major
8193,GBTS,26235,RF Unit Maintenance Link Failure,Major
268390521,BTS5900,26219,RF Unit Maintenance Link Negotiation Failure,Major
268390417,BTS3900,26219,RF Unit Maintenance Link Negotiation Failure,Major
268390522,BTS5900 LTE,26219,RF Unit Maintenance Link Negotiation Failure,Major
8200,BTS3900 LTE,26219,RF Unit Maintenance Link Negotiation Failure,Major
268390540,BTS3900 5G,26219,RF Unit Maintenance Link Negotiation Failure,Major
268390523,BTS5900 WCDMA,26219,RF Unit Maintenance Link Negotiation Failure,Major
268390526,BTS5900 5G,26219,RF Unit Maintenance Link Negotiation Failure,Major
125,BTS3900 WCDMA,26219,RF Unit Maintenance Link Negotiation Failure,Major
268390417,BTS3900,26218,RF Unit Maintenance Link TLS Negotiation Failure,Major
8200,BTS3900 LTE,26218,RF Unit Maintenance Link TLS Negotiation Failure,Major
268390521,BTS5900,26218,RF Unit Maintenance Link TLS Negotiation Failure,Major
268390522,BTS5900 LTE,26218,RF Unit Maintenance Link TLS Negotiation Failure,Major
268390523,BTS5900 WCDMA,26218,RF Unit Maintenance Link TLS Negotiation Failure,Major
268390526,BTS5900 5G,26218,RF Unit Maintenance Link TLS Negotiation Failure,Major
268390540,BTS3900 5G,26218,RF Unit Maintenance Link TLS Negotiation Failure,Major
125,BTS3900 WCDMA,26218,RF Unit Maintenance Link TLS Negotiation Failure,Major
8193,GBTS,26506,RF Unit Optical Interface Performance Degraded,Minor
268390408,BSC6910GSM,26506,RF Unit Optical Interface Performance Degraded,Minor
268390451,MICRO BTS3900,26506,RF Unit Optical Interface Performance Degraded,Minor
268390521,BTS5900,26507,RF Unit Optical Module Fault,Warning
8200,BTS3900 LTE,26507,RF Unit Optical Module Fault,Warning
268390417,BTS3900,26507,RF Unit Optical Module Fault,Warning
8193,GBTS,26507,RF Unit Optical Module Fault,Warning
268390522,BTS5900 LTE,26507,RF Unit Optical Module Fault,Warning
268390526,BTS5900 5G,26507,RF Unit Optical Module Fault,Warning
268390540,BTS3900 5G,26507,RF Unit Optical Module Fault,Warning
268390451,MICRO BTS3900,26507,RF Unit Optical Module Fault,Warning
268390523,BTS5900 WCDMA,26507,RF Unit Optical Module Fault,Warning
268390408,BSC6910GSM,26507,RF Unit Optical Module Fault,Warning
125,BTS3900 WCDMA,26507,RF Unit Optical Module Fault,Warning
8200,BTS3900 LTE,26566,RF Unit Optical Module Temperature Unacceptable,Minor
268390521,BTS5900,26566,RF Unit Optical Module Temperature Unacceptable,Minor
268390522,BTS5900 LTE,26566,RF Unit Optical Module Temperature Unacceptable,Minor
268390417,BTS3900,26566,RF Unit Optical Module Temperature Unacceptable,Minor
268390526,BTS5900 5G,26566,RF Unit Optical Module Temperature Unacceptable,Minor
268390523,BTS5900 WCDMA,26566,RF Unit Optical Module Temperature Unacceptable,Minor
268390540,BTS3900 5G,26566,RF Unit Optical Module Temperature Unacceptable,Minor
125,BTS3900 WCDMA,26566,RF Unit Optical Module Temperature Unacceptable,Minor
8193,GBTS,26503,RF Unit Optical Module Transmit/Receive Fault,Major
268390451,MICRO BTS3900,26503,RF Unit Optical Module Transmit/Receive Fault,Major
268390408,BSC6910GSM,26503,RF Unit Optical Module Transmit/Receive Fault,Major
8193,GBTS,26502,RF Unit Optical Module Type Mismatch,Major
8200,BTS3900 LTE,26502,RF Unit Optical Module Type Mismatch,Major
268390417,BTS3900,26502,RF Unit Optical Module Type Mismatch,Major
268390522,BTS5900 LTE,26502,RF Unit Optical Module Type Mismatch,Major
268390521,BTS5900,26502,RF Unit Optical Module Type Mismatch,Major
268390523,BTS5900 WCDMA,26502,RF Unit Optical Module Type Mismatch,Major
268390526,BTS5900 5G,26502,RF Unit Optical Module Type Mismatch,Major
268390540,BTS3900 5G,26502,RF Unit Optical Module Type Mismatch,Major
268390451,MICRO BTS3900,26502,RF Unit Optical Module Type Mismatch,Major
268390408,BSC6910GSM,26502,RF Unit Optical Module Type Mismatch,Major
125,BTS3900 WCDMA,26502,RF Unit Optical Module Type Mismatch,Major
8200,BTS3900 LTE,26501,RF Unit Optical Module or Electrical Port Not Ready,Major
268390522,BTS5900 LTE,26501,RF Unit Optical Module or Electrical Port Not Ready,Major
8193,GBTS,26501,RF Unit Optical Module or Electrical Port Not Ready,Major
268390521,BTS5900,26501,RF Unit Optical Module or Electrical Port Not Ready,Major
268390417,BTS3900,26501,RF Unit Optical Module or Electrical Port Not Ready,Major
268390451,MICRO BTS3900,26501,RF Unit Optical Module or Electrical Port Not Ready,Major
268390526,BTS5900 5G,26501,RF Unit Optical Module or Electrical Port Not Ready,Major
268390540,BTS3900 5G,26501,RF Unit Optical Module or Electrical Port Not Ready,Major
268390523,BTS5900 WCDMA,26501,RF Unit Optical Module or Electrical Port Not Ready,Major
268390408,BSC6910GSM,26501,RF Unit Optical Module or Electrical Port Not Ready,Major
125,BTS3900 WCDMA,26501,RF Unit Optical Module or Electrical Port Not Ready,Major
8193,GBTS,26534,RF Unit Overload,Minor
268390522,BTS5900 LTE,26534,RF Unit Overload,Minor
268390526,BTS5900 5G,26534,RF Unit Overload,Minor
268390417,BTS3900,26534,RF Unit Overload,Minor
268390521,BTS5900,26534,RF Unit Overload,Minor
8200,BTS3900 LTE,26534,RF Unit Overload,Minor
268390523,BTS5900 WCDMA,26534,RF Unit Overload,Minor
268390451,MICRO BTS3900,26534,RF Unit Overload,Minor
268390408,BSC6910GSM,26534,RF Unit Overload,Minor
268390540,BTS3900 5G,26534,RF Unit Overload,Minor
125,BTS3900 WCDMA,26534,RF Unit Overload,Minor
8200,BTS3900 LTE,26524,RF Unit PA Overcurrent,Major
268390417,BTS3900,26524,RF Unit PA Overcurrent,Major
268390522,BTS5900 LTE,26524,RF Unit PA Overcurrent,Major
268390521,BTS5900,26524,RF Unit PA Overcurrent,Major
8193,GBTS,26524,RF Unit PA Overcurrent,Major
268390408,BSC6910GSM,26524,RF Unit PA Overcurrent,Major
268390523,BTS5900 WCDMA,26524,RF Unit PA Overcurrent,Major
268390540,BTS3900 5G,26524,RF Unit PA Overcurrent,Major
268390451,MICRO BTS3900,26524,RF Unit PA Overcurrent,Major
268390526,BTS5900 5G,26524,RF Unit PA Overcurrent,Major
125,BTS3900 WCDMA,26524,RF Unit PA Overcurrent,Major
268390522,BTS5900 LTE,26569,RF Unit Power Connector Abnormal,Minor
8200,BTS3900 LTE,26569,RF Unit Power Connector Abnormal,Minor
268390417,BTS3900,26569,RF Unit Power Connector Abnormal,Minor
268390521,BTS5900,26569,RF Unit Power Connector Abnormal,Minor
268390526,BTS5900 5G,26569,RF Unit Power Connector Abnormal,Minor
268390523,BTS5900 WCDMA,26569,RF Unit Power Connector Abnormal,Minor
268390540,BTS3900 5G,26569,RF Unit Power Connector Abnormal,Minor
125,BTS3900 WCDMA,26569,RF Unit Power Connector Abnormal,Minor
268390522,BTS5900 LTE,26568,RF Unit Power Supply Abnormal,Minor
8200,BTS3900 LTE,26568,RF Unit Power Supply Abnormal,Minor
268390521,BTS5900,26568,RF Unit Power Supply Abnormal,Minor
268390417,BTS3900,26568,RF Unit Power Supply Abnormal,Minor
268390526,BTS5900 5G,26568,RF Unit Power Supply Abnormal,Minor
268390540,BTS3900 5G,26568,RF Unit Power Supply Abnormal,Minor
268390523,BTS5900 WCDMA,26568,RF Unit Power Supply Abnormal,Minor
125,BTS3900 WCDMA,26568,RF Unit Power Supply Abnormal,Minor
268390521,BTS5900,26544,RF Unit Power Surge Protector Fault,Major
8200,BTS3900 LTE,26544,RF Unit Power Surge Protector Fault,Major
268390526,BTS5900 5G,26544,RF Unit Power Surge Protector Fault,Major
268390417,BTS3900,26544,RF Unit Power Surge Protector Fault,Major
8193,GBTS,26544,RF Unit Power Surge Protector Fault,Major
268390522,BTS5900 LTE,26544,RF Unit Power Surge Protector Fault,Major
268390540,BTS3900 5G,26544,RF Unit Power Surge Protector Fault,Major
268390408,BSC6910GSM,26544,RF Unit Power Surge Protector Fault,Major
268390523,BTS5900 WCDMA,26544,RF Unit Power Surge Protector Fault,Major
125,BTS3900 WCDMA,26544,RF Unit Power Surge Protector Fault,Major
8193,GBTS,28011,RF Unit RX Channel Fault,Warning
268390408,BSC6910GSM,28011,RF Unit RX Channel Fault,Warning
8200,BTS3900 LTE,26521,RF Unit RX Channel RTWP/RSSI Too Low,Minor
268390522,BTS5900 LTE,26521,RF Unit RX Channel RTWP/RSSI Too Low,Minor
268390521,BTS5900,26521,RF Unit RX Channel RTWP/RSSI Too Low,Minor
8193,GBTS,26521,RF Unit RX Channel RTWP/RSSI Too Low,Minor
268390417,BTS3900,26521,RF Unit RX Channel RTWP/RSSI Too Low,Minor
268390408,BSC6910GSM,26521,RF Unit RX Channel RTWP/RSSI Too Low,Minor
268390526,BTS5900 5G,26521,RF Unit RX Channel RTWP/RSSI Too Low,Minor
268390523,BTS5900 WCDMA,26521,RF Unit RX Channel RTWP/RSSI Too Low,Minor
268390540,BTS3900 5G,26521,RF Unit RX Channel RTWP/RSSI Too Low,Minor
268390451,MICRO BTS3900,26521,RF Unit RX Channel RTWP/RSSI Too Low,Minor
125,BTS3900 WCDMA,26521,RF Unit RX Channel RTWP/RSSI Too Low,Minor
268390521,BTS5900,26522,RF Unit RX Channel RTWP/RSSI Unbalanced,Minor
8200,BTS3900 LTE,26522,RF Unit RX Channel RTWP/RSSI Unbalanced,Minor
8193,GBTS,26522,RF Unit RX Channel RTWP/RSSI Unbalanced,Minor
268390417,BTS3900,26522,RF Unit RX Channel RTWP/RSSI Unbalanced,Minor
268390522,BTS5900 LTE,26522,RF Unit RX Channel RTWP/RSSI Unbalanced,Minor
268390408,BSC6910GSM,26522,RF Unit RX Channel RTWP/RSSI Unbalanced,Minor
268390451,MICRO BTS3900,26522,RF Unit RX Channel RTWP/RSSI Unbalanced,Minor
268390523,BTS5900 WCDMA,26522,RF Unit RX Channel RTWP/RSSI Unbalanced,Minor
125,BTS3900 WCDMA,26522,RF Unit RX Channel RTWP/RSSI Unbalanced,Minor
268390417,BTS3900,26563,RF Unit Runtime Topology Error,Major
268390522,BTS5900 LTE,26563,RF Unit Runtime Topology Error,Major
8200,BTS3900 LTE,26563,RF Unit Runtime Topology Error,Major
268390521,BTS5900,26563,RF Unit Runtime Topology Error,Major
8193,GBTS,26563,RF Unit Runtime Topology Error,Major
268390523,BTS5900 WCDMA,26563,RF Unit Runtime Topology Error,Major
268390526,BTS5900 5G,26563,RF Unit Runtime Topology Error,Major
268390408,BSC6910GSM,26563,RF Unit Runtime Topology Error,Major
268390540,BTS3900 5G,26563,RF Unit Runtime Topology Error,Major
125,BTS3900 WCDMA,26563,RF Unit Runtime Topology Error,Major
8200,BTS3900 LTE,26533,RF Unit Software Program Error,Major
268390417,BTS3900,26533,RF Unit Software Program Error,Major
8193,GBTS,26533,RF Unit Software Program Error,Major
268390521,BTS5900,26533,RF Unit Software Program Error,Major
268390526,BTS5900 5G,26533,RF Unit Software Program Error,Major
268390522,BTS5900 LTE,26533,RF Unit Software Program Error,Major
268390408,BSC6910GSM,26533,RF Unit Software Program Error,Major
268390451,MICRO BTS3900,26533,RF Unit Software Program Error,Major
268390523,BTS5900 WCDMA,26533,RF Unit Software Program Error,Major
268390540,BTS3900 5G,26533,RF Unit Software Program Error,Major
125,BTS3900 WCDMA,26533,RF Unit Software Program Error,Major
268390522,BTS5900 LTE,26520,RF Unit TX Channel Gain Out of Range,Minor
8193,GBTS,26520,RF Unit TX Channel Gain Out of Range,Minor
8200,BTS3900 LTE,26520,RF Unit TX Channel Gain Out of Range,Minor
268390521,BTS5900,26520,RF Unit TX Channel Gain Out of Range,Minor
268390417,BTS3900,26520,RF Unit TX Channel Gain Out of Range,Minor
268390451,MICRO BTS3900,26520,RF Unit TX Channel Gain Out of Range,Minor
268390523,BTS5900 WCDMA,26520,RF Unit TX Channel Gain Out of Range,Minor
268390540,BTS3900 5G,26520,RF Unit TX Channel Gain Out of Range,Minor
268390408,BSC6910GSM,26520,RF Unit TX Channel Gain Out of Range,Minor
268390526,BTS5900 5G,26520,RF Unit TX Channel Gain Out of Range,Minor
125,BTS3900 WCDMA,26520,RF Unit TX Channel Gain Out of Range,Minor
268390521,BTS5900,26545,RF Unit TX Channel Switched Off Through Command,Warning
268390417,BTS3900,26545,RF Unit TX Channel Switched Off Through Command,Warning
8193,GBTS,26545,RF Unit TX Channel Switched Off Through Command,Warning
268390526,BTS5900 5G,26545,RF Unit TX Channel Switched Off Through Command,Warning
268390522,BTS5900 LTE,26545,RF Unit TX Channel Switched Off Through Command,Warning
8200,BTS3900 LTE,26545,RF Unit TX Channel Switched Off Through Command,Warning
268390451,MICRO BTS3900,26545,RF Unit TX Channel Switched Off Through Command,Warning
268390523,BTS5900 WCDMA,26545,RF Unit TX Channel Switched Off Through Command,Warning
268390408,BSC6910GSM,26545,RF Unit TX Channel Switched Off Through Command,Warning
268390540,BTS3900 5G,26545,RF Unit TX Channel Switched Off Through Command,Warning
125,BTS3900 WCDMA,26545,RF Unit TX Channel Switched Off Through Command,Warning
268390521,BTS5900,26525,RF Unit Temperature Unacceptable,Warning
268390522,BTS5900 LTE,26525,RF Unit Temperature Unacceptable,Warning
8200,BTS3900 LTE,26525,RF Unit Temperature Unacceptable,Warning
8193,GBTS,26525,RF Unit Temperature Unacceptable,Warning
268390417,BTS3900,26525,RF Unit Temperature Unacceptable,Warning
268390451,MICRO BTS3900,26525,RF Unit Temperature Unacceptable,Minor
268390523,BTS5900 WCDMA,26525,RF Unit Temperature Unacceptable,Warning
268390408,BSC6910GSM,26525,RF Unit Temperature Unacceptable,Warning
268390540,BTS3900 5G,26525,RF Unit Temperature Unacceptable,Warning
268390526,BTS5900 5G,26525,RF Unit Temperature Unacceptable,Warning
125,BTS3900 WCDMA,26525,RF Unit Temperature Unacceptable,Warning
268390451,MICRO BTS3900,26563,RF Unit Topology Abnormal Alarm,Major
268390521,BTS5900,26529,RF Unit VSWR Threshold Crossed,Minor
268390522,BTS5900 LTE,26529,RF Unit VSWR Threshold Crossed,Minor
8193,GBTS,26529,RF Unit VSWR Threshold Crossed,Minor
8200,BTS3900 LTE,26529,RF Unit VSWR Threshold Crossed,Minor
268390417,BTS3900,26529,RF Unit VSWR Threshold Crossed,Minor
268390540,BTS3900 5G,26529,RF Unit VSWR Threshold Crossed,Minor
268390523,BTS5900 WCDMA,26529,RF Unit VSWR Threshold Crossed,Minor
268390451,MICRO BTS3900,26529,RF Unit VSWR Threshold Crossed,Minor
268390526,BTS5900 5G,26529,RF Unit VSWR Threshold Crossed,Minor
268390408,BSC6910GSM,26529,RF Unit VSWR Threshold Crossed,Minor
125,BTS3900 WCDMA,26529,RF Unit VSWR Threshold Crossed,Minor
268390521,BTS5900,26278,RF Unit Working Mode and Board Capability Mismatch,Major
8200,BTS3900 LTE,26278,RF Unit Working Mode and Board Capability Mismatch,Major
268390417,BTS3900,26278,RF Unit Working Mode and Board Capability Mismatch,Major
125,BTS3900 WCDMA,26278,RF Unit Working Mode and Board Capability Mismatch,Major
8193,GBTS,26278,RF Unit Working Mode and Board Capability Mismatch,Major
268390522,BTS5900 LTE,26278,RF Unit Working Mode and Board Capability Mismatch,Major
268390451,MICRO BTS3900,26278,RF Unit Working Mode and Board Capability Mismatch,Major
268390523,BTS5900 WCDMA,26278,RF Unit Working Mode and Board Capability Mismatch,Major
268390526,BTS5900 5G,26278,RF Unit Working Mode and Board Capability Mismatch,Major
268390408,BSC6910GSM,26278,RF Unit Working Mode and Board Capability Mismatch,Major
268390540,BTS3900 5G,26278,RF Unit Working Mode and Board Capability Mismatch,Major
268390417,BTS3900,26562,RF Unit and RET Antenna Connection Failure,Major
8193,GBTS,26562,RF Unit and RET Antenna Connection Failure,Major
268390522,BTS5900 LTE,26562,RF Unit and RET Antenna Connection Failure,Major
268390521,BTS5900,26562,RF Unit and RET Antenna Connection Failure,Major
8200,BTS3900 LTE,26562,RF Unit and RET Antenna Connection Failure,Major
268390523,BTS5900 WCDMA,26562,RF Unit and RET Antenna Connection Failure,Major
268390408,BSC6910GSM,26562,RF Unit and RET Antenna Connection Failure,Major
268390540,BTS3900 5G,26562,RF Unit and RET Antenna Connection Failure,Major
268390526,BTS5900 5G,26562,RF Unit and RET Antenna Connection Failure,Major
125,BTS3900 WCDMA,26562,RF Unit and RET Antenna Connection Failure,Major
268390417,BTS3900,26774,RHUB AC/DC Maintenance Link Failure,Major
268390522,BTS5900 LTE,26774,RHUB AC/DC Maintenance Link Failure,Major
268390521,BTS5900,26774,RHUB AC/DC Maintenance Link Failure,Major
8200,BTS3900 LTE,26774,RHUB AC/DC Maintenance Link Failure,Major
268390523,BTS5900 WCDMA,26774,RHUB AC/DC Maintenance Link Failure,Major
268390526,BTS5900 5G,26774,RHUB AC/DC Maintenance Link Failure,Major
268390540,BTS3900 5G,26774,RHUB AC/DC Maintenance Link Failure,Major
125,BTS3900 WCDMA,26774,RHUB AC/DC Maintenance Link Failure,Major
268390522,BTS5900 LTE,26783,RHUB CPRI Interface Error,Minor
268390417,BTS3900,26783,RHUB CPRI Interface Error,Minor
268390521,BTS5900,26783,RHUB CPRI Interface Error,Minor
268390523,BTS5900 WCDMA,26783,RHUB CPRI Interface Error,Minor
268390526,BTS5900 5G,26783,RHUB CPRI Interface Error,Minor
268390540,BTS3900 5G,26783,RHUB CPRI Interface Error,Minor
125,BTS3900 WCDMA,26783,RHUB CPRI Interface Error,Minor
8200,BTS3900 LTE,26783,RHUB CPRI Interface Error,Minor
268390417,BTS3900,26768,RHUB Clock Problem,Major
268390521,BTS5900,26768,RHUB Clock Problem,Major
268390522,BTS5900 LTE,26768,RHUB Clock Problem,Major
8200,BTS3900 LTE,26768,RHUB Clock Problem,Major
268390523,BTS5900 WCDMA,26768,RHUB Clock Problem,Major
268390540,BTS3900 5G,26768,RHUB Clock Problem,Major
268390526,BTS5900 5G,26768,RHUB Clock Problem,Major
125,BTS3900 WCDMA,26768,RHUB Clock Problem,Major
268390522,BTS5900 LTE,26788,RHUB Fan fault,Major
268390521,BTS5900,26788,RHUB Fan fault,Major
268390417,BTS3900,26788,RHUB Fan fault,Major
268390523,BTS5900 WCDMA,26788,RHUB Fan fault,Major
268390526,BTS5900 5G,26788,RHUB Fan fault,Major
268390540,BTS3900 5G,26788,RHUB Fan fault,Major
125,BTS3900 WCDMA,26788,RHUB Fan fault,Major
8200,BTS3900 LTE,26788,RHUB Fan fault,Major
268390521,BTS5900,26765,RHUB Hardware Fault,Minor
268390522,BTS5900 LTE,26765,RHUB Hardware Fault,Minor
8200,BTS3900 LTE,26765,RHUB Hardware Fault,Minor
268390417,BTS3900,26765,RHUB Hardware Fault,Minor
268390526,BTS5900 5G,26765,RHUB Hardware Fault,Minor
268390523,BTS5900 WCDMA,26765,RHUB Hardware Fault,Minor
268390540,BTS3900 5G,26765,RHUB Hardware Fault,Minor
125,BTS3900 WCDMA,26765,RHUB Hardware Fault,Minor
268390417,BTS3900,26786,RHUB Optical Module Fault,Warning
268390522,BTS5900 LTE,26786,RHUB Optical Module Fault,Warning
268390521,BTS5900,26786,RHUB Optical Module Fault,Warning
268390526,BTS5900 5G,26786,RHUB Optical Module Fault,Warning
268390540,BTS3900 5G,26786,RHUB Optical Module Fault,Warning
268390523,BTS5900 WCDMA,26786,RHUB Optical Module Fault,Warning
8200,BTS3900 LTE,26786,RHUB Optical Module Fault,Warning
125,BTS3900 WCDMA,26786,RHUB Optical Module Fault,Warning
268390417,BTS3900,26791,RHUB Optical Module Temperature Unacceptable,Minor
268390522,BTS5900 LTE,26791,RHUB Optical Module Temperature Unacceptable,Minor
268390521,BTS5900,26791,RHUB Optical Module Temperature Unacceptable,Minor
268390523,BTS5900 WCDMA,26791,RHUB Optical Module Temperature Unacceptable,Minor
268390540,BTS3900 5G,26791,RHUB Optical Module Temperature Unacceptable,Minor
268390526,BTS5900 5G,26791,RHUB Optical Module Temperature Unacceptable,Minor
8200,BTS3900 LTE,26791,RHUB Optical Module Temperature Unacceptable,Minor
125,BTS3900 WCDMA,26791,RHUB Optical Module Temperature Unacceptable,Minor
268390417,BTS3900,26781,RHUB Optical Module Type Mismatch,Major
268390521,BTS5900,26781,RHUB Optical Module Type Mismatch,Major
268390522,BTS5900 LTE,26781,RHUB Optical Module Type Mismatch,Major
268390540,BTS3900 5G,26781,RHUB Optical Module Type Mismatch,Major
268390526,BTS5900 5G,26781,RHUB Optical Module Type Mismatch,Major
268390523,BTS5900 WCDMA,26781,RHUB Optical Module Type Mismatch,Major
8200,BTS3900 LTE,26781,RHUB Optical Module Type Mismatch,Major
125,BTS3900 WCDMA,26781,RHUB Optical Module Type Mismatch,Major
268390522,BTS5900 LTE,26780,RHUB Optical Module or Electrical Port Not Ready,Major
268390521,BTS5900,26780,RHUB Optical Module or Electrical Port Not Ready,Major
268390417,BTS3900,26780,RHUB Optical Module or Electrical Port Not Ready,Major
268390526,BTS5900 5G,26780,RHUB Optical Module or Electrical Port Not Ready,Major
268390523,BTS5900 WCDMA,26780,RHUB Optical Module or Electrical Port Not Ready,Major
268390540,BTS3900 5G,26780,RHUB Optical Module or Electrical Port Not Ready,Major
8200,BTS3900 LTE,26780,RHUB Optical Module or Electrical Port Not Ready,Major
125,BTS3900 WCDMA,26780,RHUB Optical Module or Electrical Port Not Ready,Major
8200,BTS3900 LTE,26767,RHUB Overload,Minor
268390521,BTS5900,26767,RHUB Overload,Minor
268390522,BTS5900 LTE,26767,RHUB Overload,Minor
268390417,BTS3900,26767,RHUB Overload,Minor
268390540,BTS3900 5G,26767,RHUB Overload,Minor
268390526,BTS5900 5G,26767,RHUB Overload,Minor
268390523,BTS5900 WCDMA,26767,RHUB Overload,Minor
125,BTS3900 WCDMA,26767,RHUB Overload,Minor
268390417,BTS3900,26776,RHUB PSE Power Supply Failure,Major
268390522,BTS5900 LTE,26776,RHUB PSE Power Supply Failure,Major
268390521,BTS5900,26776,RHUB PSE Power Supply Failure,Major
268390540,BTS3900 5G,26776,RHUB PSE Power Supply Failure,Major
268390526,BTS5900 5G,26776,RHUB PSE Power Supply Failure,Major
268390523,BTS5900 WCDMA,26776,RHUB PSE Power Supply Failure,Major
125,BTS3900 WCDMA,26776,RHUB PSE Power Supply Failure,Major
8200,BTS3900 LTE,26776,RHUB PSE Power Supply Failure,Major
268390417,BTS3900,26766,RHUB Software Program Error,Major
8200,BTS3900 LTE,26766,RHUB Software Program Error,Major
268390521,BTS5900,26766,RHUB Software Program Error,Major
268390522,BTS5900 LTE,26766,RHUB Software Program Error,Major
268390526,BTS5900 5G,26766,RHUB Software Program Error,Major
268390540,BTS3900 5G,26766,RHUB Software Program Error,Major
268390523,BTS5900 WCDMA,26766,RHUB Software Program Error,Major
125,BTS3900 WCDMA,26766,RHUB Software Program Error,Major
268390521,BTS5900,26771,RHUB Temperature Unacceptable,Minor
8200,BTS3900 LTE,26771,RHUB Temperature Unacceptable,Minor
268390417,BTS3900,26771,RHUB Temperature Unacceptable,Minor
268390522,BTS5900 LTE,26771,RHUB Temperature Unacceptable,Minor
268390540,BTS3900 5G,26771,RHUB Temperature Unacceptable,Minor
268390526,BTS5900 5G,26771,RHUB Temperature Unacceptable,Minor
268390523,BTS5900 WCDMA,26771,RHUB Temperature Unacceptable,Minor
125,BTS3900 WCDMA,26771,RHUB Temperature Unacceptable,Minor
268390522,BTS5900 LTE,26789,RHUB Unit AC Input Power Failure,Major
268390521,BTS5900,26789,RHUB Unit AC Input Power Failure,Major
268390417,BTS3900,26789,RHUB Unit AC Input Power Failure,Major
268390540,BTS3900 5G,26789,RHUB Unit AC Input Power Failure,Major
268390526,BTS5900 5G,26789,RHUB Unit AC Input Power Failure,Major
268390523,BTS5900 WCDMA,26789,RHUB Unit AC Input Power Failure,Major
8200,BTS3900 LTE,26789,RHUB Unit AC Input Power Failure,Major
125,BTS3900 WCDMA,26789,RHUB Unit AC Input Power Failure,Major
268390417,BTS3900,26792,RHUB Unit Runtime Topology Error,Major
268390522,BTS5900 LTE,26792,RHUB Unit Runtime Topology Error,Major
268390521,BTS5900,26792,RHUB Unit Runtime Topology Error,Major
268390526,BTS5900 5G,26792,RHUB Unit Runtime Topology Error,Major
268390523,BTS5900 WCDMA,26792,RHUB Unit Runtime Topology Error,Major
268390540,BTS3900 5G,26792,RHUB Unit Runtime Topology Error,Major
125,BTS3900 WCDMA,26792,RHUB Unit Runtime Topology Error,Major
8200,BTS3900 LTE,26792,RHUB Unit Runtime Topology Error,Major
268390522,BTS5900 LTE,26787,RHUB-pRRU CPRI Interface Error,Major
268390417,BTS3900,26787,RHUB-pRRU CPRI Interface Error,Major
268390521,BTS5900,26787,RHUB-pRRU CPRI Interface Error,Major
268390526,BTS5900 5G,26787,RHUB-pRRU CPRI Interface Error,Major
268390540,BTS3900 5G,26787,RHUB-pRRU CPRI Interface Error,Major
268390523,BTS5900 WCDMA,26787,RHUB-pRRU CPRI Interface Error,Major
125,BTS3900 WCDMA,26787,RHUB-pRRU CPRI Interface Error,Major
8200,BTS3900 LTE,26787,RHUB-pRRU CPRI Interface Error,Major
268390409,BSC6910UMTS,22307,RNC in Pool Function Unavailable,Major
268390409,BSC6910UMTS,22397,RNC in Pool Node Redundancy Status Abnormal,Major
268390417,BTS3900,29831,RRC User Exceeding Limit,Major
268390521,BTS5900,29831,RRC User Exceeding Limit,Major
268390540,BTS3900 5G,29831,RRC User Exceeding Limit,Major
268390526,BTS5900 5G,29831,RRC User Exceeding Limit,Major
268390521,BTS5900,29351,RRN Board Overload,Minor
268390417,BTS3900,29351,RRN Board Overload,Minor
268390522,BTS5900 LTE,29351,RRN Board Overload,Minor
8200,BTS3900 LTE,29351,RRN Board Overload,Minor
268390522,BTS5900 LTE,29360,RRN Certificate Invalid,Warning
268390521,BTS5900,29360,RRN Certificate Invalid,Warning
268390417,BTS3900,29360,RRN Certificate Invalid,Warning
8200,BTS3900 LTE,29360,RRN Certificate Invalid,Warning
268390417,BTS3900,29358,RRN Device Type and Configuration Mismatch,Minor
268390522,BTS5900 LTE,29358,RRN Device Type and Configuration Mismatch,Minor
268390521,BTS5900,29358,RRN Device Type and Configuration Mismatch,Minor
8200,BTS3900 LTE,29358,RRN Device Type and Configuration Mismatch,Minor
268390521,BTS5900,29355,RRN Ethernet Link Fault,Major
268390417,BTS3900,29355,RRN Ethernet Link Fault,Major
268390522,BTS5900 LTE,29355,RRN Ethernet Link Fault,Major
8200,BTS3900 LTE,29355,RRN Ethernet Link Fault,Major
268390522,BTS5900 LTE,29352,RRN Hardware Fault,Major
268390521,BTS5900,29352,RRN Hardware Fault,Major
268390417,BTS3900,29352,RRN Hardware Fault,Major
8200,BTS3900 LTE,29352,RRN Hardware Fault,Major
268390522,BTS5900 LTE,29359,RRN Imminent Certificate Expiry,Minor
268390521,BTS5900,29359,RRN Imminent Certificate Expiry,Minor
268390417,BTS3900,29359,RRN Imminent Certificate Expiry,Minor
8200,BTS3900 LTE,29359,RRN Imminent Certificate Expiry,Minor
268390521,BTS5900,29353,RRN Poor Received Signal,Minor
268390522,BTS5900 LTE,29353,RRN Poor Received Signal,Minor
268390417,BTS3900,29353,RRN Poor Received Signal,Minor
8200,BTS3900 LTE,29353,RRN Poor Received Signal,Minor
268390522,BTS5900 LTE,29350,RRN Temperature Unacceptable,Major
268390521,BTS5900,29350,RRN Temperature Unacceptable,Major
268390417,BTS3900,29350,RRN Temperature Unacceptable,Major
8200,BTS3900 LTE,29350,RRN Temperature Unacceptable,Major
268390417,BTS3900,29356,RRN Unavailable,Major
268390522,BTS5900 LTE,29356,RRN Unavailable,Major
268390521,BTS5900,29356,RRN Unavailable,Major
8200,BTS3900 LTE,29356,RRN Unavailable,Major
268390521,BTS5900,29354,RRN Version Abnormal,Major
268390522,BTS5900 LTE,29354,RRN Version Abnormal,Major
268390417,BTS3900,29354,RRN Version Abnormal,Major
8200,BTS3900 LTE,29354,RRN Version Abnormal,Major
8200,BTS3900 LTE,26236,RRU Cascading Levels and Configuration Mismatch,Major
268390521,BTS5900,26236,RRU Cascading Levels and Configuration Mismatch,Major
268390417,BTS3900,26236,RRU Cascading Levels and Configuration Mismatch,Major
268390522,BTS5900 LTE,26236,RRU Cascading Levels and Configuration Mismatch,Major
268390540,BTS3900 5G,26236,RRU Cascading Levels and Configuration Mismatch,Major
268390523,BTS5900 WCDMA,26236,RRU Cascading Levels and Configuration Mismatch,Major
268390408,BSC6910GSM,26236,RRU Cascading Levels and Configuration Mismatch,Major
268390526,BTS5900 5G,26236,RRU Cascading Levels and Configuration Mismatch,Major
268390451,MICRO BTS3900,26236,RRU Cascading Levels and Configuration Mismatch,Major
8193,GBTS,26236,RRU Cascading Levels and Configuration Mismatch,Major
125,BTS3900 WCDMA,26236,RRU Cascading Levels and Configuration Mismatch,Major
8200,BTS3900 LTE,26237,RRU Network Breakpoint,Major
8193,GBTS,26237,RRU Network Breakpoint,Major
268390521,BTS5900,26237,RRU Network Breakpoint,Major
268390417,BTS3900,26237,RRU Network Breakpoint,Major
268390522,BTS5900 LTE,26237,RRU Network Breakpoint,Major
268390526,BTS5900 5G,26237,RRU Network Breakpoint,Major
268390408,BSC6910GSM,26237,RRU Network Breakpoint,Major
268390523,BTS5900 WCDMA,26237,RRU Network Breakpoint,Major
268390540,BTS3900 5G,26237,RRU Network Breakpoint,Major
268390451,MICRO BTS3900,26237,RRU Network Breakpoint,Major
125,BTS3900 WCDMA,26237,RRU Network Breakpoint,Major
8200,BTS3900 LTE,26238,RRU Network Topology Type and Configuration Mismatch,Major
268390521,BTS5900,26238,RRU Network Topology Type and Configuration Mismatch,Major
268390522,BTS5900 LTE,26238,RRU Network Topology Type and Configuration Mismatch,Major
8193,GBTS,26238,RRU Network Topology Type and Configuration Mismatch,Major
268390417,BTS3900,26238,RRU Network Topology Type and Configuration Mismatch,Major
268390408,BSC6910GSM,26238,RRU Network Topology Type and Configuration Mismatch,Major
268390540,BTS3900 5G,26238,RRU Network Topology Type and Configuration Mismatch,Major
268390523,BTS5900 WCDMA,26238,RRU Network Topology Type and Configuration Mismatch,Major
268390526,BTS5900 5G,26238,RRU Network Topology Type and Configuration Mismatch,Major
125,BTS3900 WCDMA,26238,RRU Network Topology Type and Configuration Mismatch,Major
8193,GBTS,12828,RX Channel Failure Alarm,Warning
268390408,BSC6910GSM,12828,RX Channel Failure Alarm,Warning
8193,GBTS,4128,RX/TX PLL out of Lock,Warning
268390408,BSC6910GSM,4128,RX/TX PLL out of Lock,Warning
8193,GBTS,3432,RX_PLL_0 alarm,Major
268390408,BSC6910GSM,3432,RX_PLL_0 alarm,Major
8193,GBTS,3434,RX_PLL_1 alarm,Major
268390408,BSC6910GSM,3434,RX_PLL_1 alarm,Major
8193,GBTS,3436,RX_PLL_2 alarm,Major
268390408,BSC6910GSM,3436,RX_PLL_2 alarm,Major
268390408,BSC6910GSM,2350,Rack Gate Magnetism Alarm,Major
8193,GBTS,5874,Rack Gate Magnetism Alarm,Major
8193,GBTS,2350,Rack Gate Magnetism Alarm,Major
268390408,BSC6910GSM,5874,Rack Gate Magnetism Alarm,Major
268390408,BSC6910GSM,2344,Rack High Humidity Alarm,Major
8193,GBTS,5868,Rack High Humidity Alarm,Major
8193,GBTS,2344,Rack High Humidity Alarm,Major
268390408,BSC6910GSM,5868,Rack High Humidity Alarm,Major
268390408,BSC6910GSM,2340,Rack High Temperature Alarm,Major
8193,GBTS,5864,Rack High Temperature Alarm,Major
8193,GBTS,2340,Rack High Temperature Alarm,Major
268390408,BSC6910GSM,5864,Rack High Temperature Alarm,Major
8193,GBTS,3684,Rack ID error alarm,Warning
268390408,BSC6910GSM,3684,Rack ID error alarm,Warning
268390408,BSC6910GSM,2348,Rack Infrared Alarm,Major
8193,GBTS,5872,Rack Infrared Alarm,Major
8193,GBTS,2348,Rack Infrared Alarm,Major
268390408,BSC6910GSM,5872,Rack Infrared Alarm,Major
268390408,BSC6910GSM,2342,Rack Low Humidity Alarm,Minor
8193,GBTS,5866,Rack Low Humidity Alarm,Major
8193,GBTS,2342,Rack Low Humidity Alarm,Minor
268390408,BSC6910GSM,5866,Rack Low Humidity Alarm,Major
268390408,BSC6910GSM,2338,Rack Low Temperature Alarm,Major
8193,GBTS,2338,Rack Low Temperature Alarm,Major
268390408,BSC6910GSM,5862,Rack Low Temperature Alarm,Major
8193,GBTS,5862,Rack Low Temperature Alarm,Major
268390408,BSC6910GSM,4840,Rack Over Hot Degrade Alarm,Warning
8193,GBTS,4840,Rack Over Hot Degrade Alarm,Warning
268390408,BSC6910GSM,2346,Rack Smog Alarm,Major
8193,GBTS,5870,Rack Smog Alarm,Major
8193,GBTS,2346,Rack Smog Alarm,Major
268390408,BSC6910GSM,5870,Rack Smog Alarm,Major
8193,GBTS,4838,Rack Type Mismatch Alarm,Major
268390408,BSC6910GSM,4838,Rack Type Mismatch Alarm,Major
8193,GBTS,12826,Radio Link Abnormal Alarm,Warning
268390408,BSC6910GSM,12826,Radio Link Abnormal Alarm,Warning
268390408,BSC6910GSM,12310,Radio Link Abnormal Alarm,Warning
8193,GBTS,12310,Radio Link Abnormal Alarm,Warning
268390408,BSC6910GSM,2134,Radio Link Alarm,Warning
8193,GBTS,2134,Radio Link Alarm,Warning
8193,GBTS,2120,Radio Link Critical Alarm,Major
268390408,BSC6910GSM,2120,Radio Link Critical Alarm,Major
268390408,BSC6910GSM,3058,Radio Link Critical alarm,Major
8193,GBTS,3058,Radio Link Critical alarm,Major
268390417,BTS3900,28008,Radio Link Failure,Warning
8193,GBTS,28008,Radio Link Failure,Warning
268390521,BTS5900,28008,Radio Link Failure,Warning
268390408,BSC6910GSM,28008,Radio Link Failure,Warning
268390408,BSC6910GSM,3592,Radio Link alarm,Warning
8193,GBTS,3592,Radio Link alarm,Warning
8193,GBTS,3072,Radio Link alarm,Warning
268390408,BSC6910GSM,3072,Radio Link alarm,Warning
8193,GBTS,3578,Radio Links Critical Alarm,Major
268390408,BSC6910GSM,3578,Radio Links Critical Alarm,Major
268390417,BTS3900,28006,Radio Signaling Link Disconnected,Major
8193,GBTS,28006,Radio Signaling Link Disconnected,Major
268390521,BTS5900,28006,Radio Signaling Link Disconnected,Major
268390408,BSC6910GSM,28006,Radio Signaling Link Disconnected,Major
8193,GBTS,4108,Radio link critical Alarm,Major
268390408,BSC6910GSM,4108,Radio link critical Alarm,Major
268390408,BSC6910GSM,4122,Radio link prompt alarm,Warning
8193,GBTS,4122,Radio link prompt alarm,Warning
100000,OSS,379,Real-time KPI Monitoring and Rapid Service Recover (NEs or SNs status Changed to Abnormal),Major
100000,OSS,313,Real-time KPI Monitoring and Rapid Service Recover (for Monitored VNFs or VMs Whose Status Changes to Abnormal),Major
268390409,BSC6910UMTS,22390,Redundancy Switchover of Logical RNC Control,Major
100000,OSS,103707,Relational Database Core Files Changed,Critical
8193,GBTS,2550,Relay or Contactor Alarm,Major
8193,GBTS,9146,Relay or Contactor Alarm,Major
268390408,BSC6910GSM,9146,Relay or Contactor Alarm,Major
268390408,BSC6910GSM,2550,Relay or Contactor Alarm,Major
268390451,MICRO BTS3900,25901,Remote Maintenance Link Failure,Major
8200,BTS3900 LTE,25901,Remote Maintenance Link Failure,Major
268390522,BTS5900 LTE,25901,Remote Maintenance Link Failure,Major
268390417,BTS3900,25901,Remote Maintenance Link Failure,Major
268390521,BTS5900,25901,Remote Maintenance Link Failure,Major
268390523,BTS5900 WCDMA,25901,Remote Maintenance Link Failure,Major
268390540,BTS3900 5G,25901,Remote Maintenance Link Failure,Major
268390526,BTS5900 5G,25901,Remote Maintenance Link Failure,Major
125,BTS3900 WCDMA,25901,Remote Maintenance Link Failure,Major
8200,BTS3900 LTE,25902,Remote Maintenance Link Running Data and Configuration Mismatch,Minor
268390522,BTS5900 LTE,25902,Remote Maintenance Link Running Data and Configuration Mismatch,Minor
268390417,BTS3900,25902,Remote Maintenance Link Running Data and Configuration Mismatch,Minor
268390521,BTS5900,25902,Remote Maintenance Link Running Data and Configuration Mismatch,Minor
268390451,MICRO BTS3900,25902,Remote Maintenance Link Running Data and Configuration Mismatch,Minor
268390526,BTS5900 5G,25902,Remote Maintenance Link Running Data and Configuration Mismatch,Minor
268390540,BTS3900 5G,25902,Remote Maintenance Link Running Data and Configuration Mismatch,Minor
268390523,BTS5900 WCDMA,25902,Remote Maintenance Link Running Data and Configuration Mismatch,Minor
125,BTS3900 WCDMA,25902,Remote Maintenance Link Running Data and Configuration Mismatch,Minor
100000,OSS,51015,Remote cold backup system data failed to synchronize,Critical
100000,OSS,51016,Remote cold backup system dynamic data failed to recover,Critical
100000,OSS,53081,Remote cold backup system heartbeat abnormal,Critical
100000,OSS,650022,Repeated VM Restarts,Critical
268390409,BSC6910UMTS,22306,Resource overload on the control plane,Major
268390409,BSC6910UMTS,22305,Resource overload on the user plane,Major
268390522,BTS5900 LTE,29201,S1 Interface Fault,Major
268390417,BTS3900,29201,S1 Interface Fault,Major
268390521,BTS5900,29201,S1 Interface Fault,Major
268390451,MICRO BTS3900,29201,S1 Interface Fault,Major
8200,BTS3900 LTE,29201,S1 Interface Fault,Major
268390417,BTS3900,25841,SAAL Link Congestion,Major
8200,BTS3900 LTE,25841,SAAL Link Congestion,Major
268390522,BTS5900 LTE,25841,SAAL Link Congestion,Major
268390521,BTS5900,25841,SAAL Link Congestion,Major
268390409,BSC6910UMTS,21532,SAAL Link Congestion,Minor
268390523,BTS5900 WCDMA,25841,SAAL Link Congestion,Major
125,BTS3900 WCDMA,25841,SAAL Link Congestion,Major
268390522,BTS5900 LTE,25840,SAAL Link Fault,Major
268390417,BTS3900,25840,SAAL Link Fault,Major
8200,BTS3900 LTE,25840,SAAL Link Fault,Major
268390521,BTS5900,25840,SAAL Link Fault,Major
268390523,BTS5900 WCDMA,25840,SAAL Link Fault,Major
268390409,BSC6910UMTS,21531,SAAL Link Fault,Minor
125,BTS3900 WCDMA,25840,SAAL Link Fault,Major
268390409,BSC6910UMTS,21616,SAAL Transport Fault,Minor
268390522,BTS5900 LTE,26760,SASU Bypass,Major
268390417,BTS3900,26760,SASU Bypass,Major
268390521,BTS5900,26760,SASU Bypass,Major
8200,BTS3900 LTE,26760,SASU Bypass,Major
268390523,BTS5900 WCDMA,26760,SASU Bypass,Major
125,BTS3900 WCDMA,26760,SASU Bypass,Major
268390522,BTS5900 LTE,26759,SASU Running Data and Configuration Mismatch,Minor
268390417,BTS3900,26759,SASU Running Data and Configuration Mismatch,Minor
268390521,BTS5900,26759,SASU Running Data and Configuration Mismatch,Minor
8200,BTS3900 LTE,26759,SASU Running Data and Configuration Mismatch,Minor
268390523,BTS5900 WCDMA,26759,SASU Running Data and Configuration Mismatch,Minor
125,BTS3900 WCDMA,26759,SASU Running Data and Configuration Mismatch,Minor
268390417,BTS3900,26756,SASU VSWR Threshold Crossed,Major
268390522,BTS5900 LTE,26756,SASU VSWR Threshold Crossed,Major
8200,BTS3900 LTE,26756,SASU VSWR Threshold Crossed,Major
268390521,BTS5900,26756,SASU VSWR Threshold Crossed,Major
268390523,BTS5900 WCDMA,26756,SASU VSWR Threshold Crossed,Major
125,BTS3900 WCDMA,26756,SASU VSWR Threshold Crossed,Major
268390408,BSC6910GSM,20905,SAU Board Fault,Major
268390409,BSC6910UMTS,20905,SAU Board Fault,Major
268390409,BSC6910UMTS,20906,SAU File Loss or Damage,Major
268390408,BSC6910GSM,20906,SAU File Loss or Damage,Major
268390408,BSC6910GSM,20902,SAU Hard Disk Free Space Insufficiency,Minor
268390409,BSC6910UMTS,20902,SAU Hard Disk Free Space Insufficiency,Minor
268390409,BSC6910UMTS,20904,SAU IP Address Conflict,Major
268390408,BSC6910GSM,20904,SAU IP Address Conflict,Major
268390409,BSC6910UMTS,20903,SAU Process Abort,Minor
268390408,BSC6910GSM,20903,SAU Process Abort,Minor
268390409,BSC6910UMTS,21611,SCCP DSP Congestion,Major
268390408,BSC6910GSM,21611,SCCP DSP Congestion,Major
268390409,BSC6910UMTS,21521,SCCP Subsystem Prohibited,Critical
268390408,BSC6910GSM,21521,SCCP Subsystem Prohibited,Critical
268390409,BSC6910UMTS,21612,SCTP IP Pair Unreach,Major
268390408,BSC6910GSM,21612,SCTP IP Pair Unreach,Major
268390409,BSC6910UMTS,21618,SCTP Link Configuration Error,Minor
268390408,BSC6910GSM,21618,SCTP Link Configuration Error,Minor
268390451,MICRO BTS3900,25889,SCTP Link Congestion,Minor
268390522,BTS5900 LTE,25889,SCTP Link Congestion,Minor
268390417,BTS3900,25889,SCTP Link Congestion,Minor
8200,BTS3900 LTE,25889,SCTP Link Congestion,Minor
268390521,BTS5900,25889,SCTP Link Congestion,Minor
268390409,BSC6910UMTS,21542,SCTP Link Congestion,Minor
268390523,BTS5900 WCDMA,25889,SCTP Link Congestion,Minor
268390526,BTS5900 5G,25889,SCTP Link Congestion,Minor
268390540,BTS3900 5G,25889,SCTP Link Congestion,Minor
125,BTS3900 WCDMA,25889,SCTP Link Congestion,Minor
268390408,BSC6910GSM,21542,SCTP Link Congestion,Minor
268390522,BTS5900 LTE,25888,SCTP Link Fault,Major
268390451,MICRO BTS3900,25888,SCTP Link Fault,Major
268390417,BTS3900,25888,SCTP Link Fault,Major
268390521,BTS5900,25888,SCTP Link Fault,Major
8200,BTS3900 LTE,25888,SCTP Link Fault,Major
268390540,BTS3900 5G,25888,SCTP Link Fault,Major
268390409,BSC6910UMTS,21541,SCTP Link Fault,Minor
268390523,BTS5900 WCDMA,25888,SCTP Link Fault,Major
268390526,BTS5900 5G,25888,SCTP Link Fault,Major
268390408,BSC6910GSM,21541,SCTP Link Fault,Minor
125,BTS3900 WCDMA,25888,SCTP Link Fault,Major
268390521,BTS5900,25955,SCTP Link IP Address Unreachable,Warning
8200,BTS3900 LTE,25955,SCTP Link IP Address Unreachable,Warning
268390417,BTS3900,25955,SCTP Link IP Address Unreachable,Warning
268390522,BTS5900 LTE,25955,SCTP Link IP Address Unreachable,Warning
268390451,MICRO BTS3900,25955,SCTP Link IP Address Unreachable,Warning
268390526,BTS5900 5G,25955,SCTP Link IP Address Unreachable,Warning
268390523,BTS5900 WCDMA,25955,SCTP Link IP Address Unreachable,Warning
268390540,BTS3900 5G,25955,SCTP Link IP Address Unreachable,Warning
268390409,BSC6910UMTS,21543,SCTP Link IP Address Unreachable,Minor
125,BTS3900 WCDMA,25955,SCTP Link IP Address Unreachable,Warning
268390408,BSC6910GSM,21543,SCTP Link IP Address Unreachable,Minor
268390409,BSC6910UMTS,21617,SCTP Transport Fault,Minor
268390409,BSC6910UMTS,21267,SDH/SONET AU Alarm Indication Signal,Major
268390408,BSC6910GSM,21267,SDH/SONET AU Alarm Indication Signal,Major
268390409,BSC6910UMTS,21272,SDH/SONET AU Loss of Pointer,Major
268390408,BSC6910GSM,21272,SDH/SONET AU Loss of Pointer,Major
268390409,BSC6910UMTS,21273,SDH/SONET HP Remote Defect Indication,Major
268390408,BSC6910GSM,21273,SDH/SONET HP Remote Defect Indication,Major
268390408,BSC6910GSM,21283,SDH/SONET HP Signal Deteriorated,Major
268390409,BSC6910UMTS,21283,SDH/SONET HP Signal Deteriorated,Major
268390408,BSC6910GSM,21282,SDH/SONET HP Signal Failure,Major
268390409,BSC6910UMTS,21282,SDH/SONET HP Signal Failure,Major
268390409,BSC6910UMTS,21263,SDH/SONET HP Signal Label Mismatch,Major
268390408,BSC6910GSM,21263,SDH/SONET HP Signal Label Mismatch,Major
268390409,BSC6910UMTS,21293,SDH/SONET HP Signal Label Unstable,Major
268390408,BSC6910GSM,21293,SDH/SONET HP Signal Label Unstable,Major
268390409,BSC6910UMTS,21265,SDH/SONET HP Trace Identifier Mismatch,Warning
268390408,BSC6910GSM,21265,SDH/SONET HP Trace Identifier Mismatch,Warning
268390409,BSC6910UMTS,21274,SDH/SONET HP Trace Identifier Unstable,Minor
268390408,BSC6910GSM,21274,SDH/SONET HP Trace Identifier Unstable,Minor
268390409,BSC6910UMTS,21264,SDH/SONET HP Unequipped,Major
268390408,BSC6910GSM,21264,SDH/SONET HP Unequipped,Major
268390409,BSC6910UMTS,21261,SDH/SONET LP Remote Defect Indication,Minor
268390408,BSC6910GSM,21261,SDH/SONET LP Remote Defect Indication,Minor
268390409,BSC6910UMTS,21260,SDH/SONET LP Remote Failure Indication,Minor
268390408,BSC6910GSM,21260,SDH/SONET LP Remote Failure Indication,Minor
268390409,BSC6910UMTS,21258,SDH/SONET LP Signal Label Mismatch,Major
268390408,BSC6910GSM,21258,SDH/SONET LP Signal Label Mismatch,Major
268390409,BSC6910UMTS,21279,SDH/SONET LP Signal Label Unstable,Minor
268390408,BSC6910GSM,21279,SDH/SONET LP Signal Label Unstable,Minor
268390409,BSC6910UMTS,21259,SDH/SONET LP Trace Identifier Mismatch,Warning
268390408,BSC6910GSM,21259,SDH/SONET LP Trace Identifier Mismatch,Warning
268390409,BSC6910UMTS,21280,SDH/SONET LP Trace Identifier Unstable,Minor
268390408,BSC6910GSM,21280,SDH/SONET LP Trace Identifier Unstable,Minor
268390409,BSC6910UMTS,21262,SDH/SONET LP Unequipped Defect,Major
268390408,BSC6910GSM,21262,SDH/SONET LP Unequipped Defect,Major
268390409,BSC6910UMTS,21256,SDH/SONET Loss of Cell Delineation,Major
268390408,BSC6910GSM,21256,SDH/SONET Loss of Cell Delineation,Major
268390409,BSC6910UMTS,21281,SDH/SONET Loss of Cell Delineation Alignment,Major
268390408,BSC6910GSM,21281,SDH/SONET Loss of Cell Delineation Alignment,Major
268390409,BSC6910UMTS,21254,SDH/SONET Loss of Frame,Major
268390408,BSC6910GSM,21254,SDH/SONET Loss of Frame,Major
268390408,BSC6910GSM,21255,SDH/SONET Loss of Frame Alignment,Major
268390409,BSC6910UMTS,21255,SDH/SONET Loss of Frame Alignment,Major
268390408,BSC6910GSM,21252,SDH/SONET Loss of Signal,Critical
268390409,BSC6910UMTS,21252,SDH/SONET Loss of Signal,Critical
268390409,BSC6910UMTS,21270,SDH/SONET MS Alarm Indication Signal,Major
268390408,BSC6910GSM,21270,SDH/SONET MS Alarm Indication Signal,Major
268390408,BSC6910GSM,21253,SDH/SONET MS Remote Defect Indication,Major
268390409,BSC6910UMTS,21253,SDH/SONET MS Remote Defect Indication,Major
268390408,BSC6910GSM,21266,SDH/SONET Optical Port Loopback,Warning
268390409,BSC6910UMTS,21266,SDH/SONET Optical Port Loopback,Warning
268390408,BSC6910GSM,21268,SDH/SONET RS Trace Identifier Mismatch,Major
268390409,BSC6910UMTS,21268,SDH/SONET RS Trace Identifier Mismatch,Major
268390409,BSC6910UMTS,21269,SDH/SONET RS Trace Identifier Unstable,Minor
268390408,BSC6910GSM,21269,SDH/SONET RS Trace Identifier Unstable,Minor
268390409,BSC6910UMTS,21257,SDH/SONET Signal Degraded,Major
268390408,BSC6910GSM,21257,SDH/SONET Signal Degraded,Major
268390409,BSC6910UMTS,21271,SDH/SONET Signal Failure,Major
268390408,BSC6910GSM,21271,SDH/SONET Signal Failure,Major
268390409,BSC6910UMTS,21277,SDH/SONET TU Alarm Indication Signal,Minor
268390408,BSC6910GSM,21277,SDH/SONET TU Alarm Indication Signal,Minor
268390409,BSC6910UMTS,21278,SDH/SONET TU Loss of Pointer,Minor
268390408,BSC6910GSM,21278,SDH/SONET TU Loss of Pointer,Minor
268390409,BSC6910UMTS,21295,SDH/SONET TU Multiframe Loss,Major
268390408,BSC6910GSM,21295,SDH/SONET TU Multiframe Loss,Major
268390409,BSC6910UMTS,21294,SDH/SONET TU Signal Loss,Major
268390408,BSC6910GSM,21294,SDH/SONET TU Signal Loss,Major
268390408,BSC6910GSM,21296,SDH/SONET TU Type Inconsistent,Major
268390409,BSC6910UMTS,21296,SDH/SONET TU Type Inconsistent,Major
268390408,BSC6910GSM,21287,SDH/SONET Tributary Alarm Indication Signal,Major
268390409,BSC6910UMTS,21287,SDH/SONET Tributary Alarm Indication Signal,Major
268390408,BSC6910GSM,21291,SDH/SONET Tributary Excessive Bit Error Rate,Minor
268390409,BSC6910UMTS,21291,SDH/SONET Tributary Excessive Bit Error Rate,Minor
268390408,BSC6910GSM,21284,SDH/SONET Tributary Excessive Slip Frames,Minor
268390409,BSC6910UMTS,21284,SDH/SONET Tributary Excessive Slip Frames,Minor
268390408,BSC6910GSM,21289,SDH/SONET Tributary Loopback,Minor
268390409,BSC6910UMTS,21289,SDH/SONET Tributary Loopback,Minor
268390408,BSC6910GSM,21275,SDH/SONET Tributary Loss of Frame,Minor
268390409,BSC6910UMTS,21275,SDH/SONET Tributary Loss of Frame,Minor
268390409,BSC6910UMTS,21288,SDH/SONET Tributary Loss of Multiframe,Minor
268390408,BSC6910GSM,21288,SDH/SONET Tributary Loss of Multiframe,Minor
268390408,BSC6910GSM,21251,SDH/SONET Tributary Online Loopback Detection,Minor
268390409,BSC6910UMTS,21251,SDH/SONET Tributary Online Loopback Detection,Minor
268390408,BSC6910GSM,21286,SDH/SONET Tributary Remote Alarm Indication Signal,Minor
268390409,BSC6910UMTS,21286,SDH/SONET Tributary Remote Alarm Indication Signal,Minor
268390408,BSC6910GSM,2150,SEND_DIV Channel Alarm,Warning
8193,GBTS,2150,SEND_DIV Channel Alarm,Warning
268390408,BSC6910GSM,2158,SEND_DIV Channel Critical Alarm,Critical
8193,GBTS,2158,SEND_DIV Channel Critical Alarm,Critical
268390408,BSC6910GSM,4206,SEND_DIV Channel Critical Alarm,Critical
8193,GBTS,4206,SEND_DIV Channel Critical Alarm,Critical
268390521,BTS5900,65205,SENSOR DE FUMAÇA,Major
8193,GBTS,12812,SFP Link Fault,Major
268390408,BSC6910GSM,12812,SFP Link Fault,Major
8193,GBTS,5030,SFP Module fault Alarm,Major
268390408,BSC6910GSM,5030,SFP Module fault Alarm,Major
268390408,BSC6910GSM,4214,SFP Module fault Alarm,Major
8193,GBTS,4214,SFP Module fault Alarm,Major
8193,GBTS,5024,SFP Port Inconsistency Alarm,Major
268390408,BSC6910GSM,5024,SFP Port Inconsistency Alarm,Major
8193,GBTS,5026,SFP Port Local Alarm,Major
268390408,BSC6910GSM,5026,SFP Port Local Alarm,Major
268390408,BSC6910GSM,4210,SFP Port Local Alarm,Major
8193,GBTS,4210,SFP Port Local Alarm,Major
8193,GBTS,5028,SFP Port Remote Alarm,Warning
268390408,BSC6910GSM,5028,SFP Port Remote Alarm,Warning
268390408,BSC6910GSM,4212,SFP Port Remote Alarm,Warning
8193,GBTS,4212,SFP Port Remote Alarm,Warning
100000,OSS,1069,SFTP Is Unavailable,Major
268390417,BTS3900,29211,SO Interface Fault,Major
268390521,BTS5900,29211,SO Interface Fault,Major
268390522,BTS5900 LTE,29211,SO Interface Fault,Major
8200,BTS3900 LTE,29211,SO Interface Fault,Major
268390417,BTS3900,29212,SO interface configuration Update Failure,Major
268390521,BTS5900,29212,SO interface configuration Update Failure,Major
268390522,BTS5900 LTE,29212,SO interface configuration Update Failure,Major
8200,BTS3900 LTE,29212,SO interface configuration Update Failure,Major
268390408,BSC6910GSM,2366,SPD Failure Alarm,Major
268390408,BSC6910GSM,5890,SPD Failure Alarm,Major
8193,GBTS,2366,SPD Failure Alarm,Major
8193,GBTS,5890,SPD Failure Alarm,Major
100000,OSS,101206,SSH management channel is faulty,Critical
268390408,BSC6910GSM,4764,SW Not Activated Alarm,Warning
8193,GBTS,4764,SW Not Activated Alarm,Warning
100000,OSS,101216,Scheduled Backup Failure,Critical
268390409,BSC6910UMTS,20918,Scheduled Data Backup Failure,Major
268390408,BSC6910GSM,20918,Scheduled Data Backup Failure,Major
268390408,BSC6910GSM,2404,Second Extended I/O Alarm,Warning
8193,GBTS,3862,Second Extended I/O Alarm,Warning
268390408,BSC6910GSM,3862,Second Extended I/O Alarm,Warning
8193,GBTS,2404,Second Extended I/O Alarm,Warning
268390408,BSC6910GSM,13072,Secondary Load Shut Down,Warning
8193,GBTS,13072,Secondary Load Shut Down,Warning
268390521,BTS5900,25602,Sensor Failure,Major
8200,BTS3900 LTE,25602,Sensor Failure,Major
268390417,BTS3900,25602,Sensor Failure,Major
268390522,BTS5900 LTE,25602,Sensor Failure,Major
8193,GBTS,25602,Sensor Failure,Major
268390523,BTS5900 WCDMA,25602,Sensor Failure,Major
268390408,BSC6910GSM,13064,Sensor Failure,Major
268390526,BTS5900 5G,25602,Sensor Failure,Major
268390540,BTS3900 5G,25602,Sensor Failure,Major
268390408,BSC6910GSM,25602,Sensor Failure,Major
8193,GBTS,13064,Sensor Failure,Major
125,BTS3900 WCDMA,25602,Sensor Failure,Major
8193,GBTS,5730,Sensor Failure Alarm,Major
8193,GBTS,3962,Sensor Failure Alarm,Major
268390408,BSC6910GSM,3962,Sensor Failure Alarm,Major
268390408,BSC6910GSM,5730,Sensor Failure Alarm,Major
268390408,BSC6910GSM,6028,Sensor Fault Alarm,Major
8193,GBTS,6028,Sensor Fault Alarm,Major
100000,OSS,101272,Server Air Exhaust Vent Overtemperature,Critical
100000,OSS,103693,Server BBU Communication Failure,Major
100000,OSS,103691,Server BBU Fault,Major
100000,OSS,512,Server Backup Unsuccessful,Critical
100000,OSS,101270,Server CPU Core Overtemperature,Critical
100000,OSS,1085,Server CPU Faulty,Critical
100000,OSS,103625,Server CPU MCE/AER Error,Critical
100000,OSS,101271,Server CPU Overvoltage,Major
100000,OSS,101221,Server CPU Temperature Too High,Critical
100000,OSS,103610,Server CPU Undervoltage,Major
100000,OSS,53061,Server CPU VRD Overtemperature,Critical
100000,OSS,103617,Server DIMM MCE Error,Critical
100000,OSS,53067,Server Drive Backplane Power Failure,Major
100000,OSS,101229,Server ECC Memory Correction,Minor
100000,OSS,101228,Server Fan Failure,Major
100000,OSS,1089,Server Fan Faulty,Critical
100000,OSS,101227,Server Fan Out of Position,Major
100000,OSS,103619,Server Fatal Error Detected in Memory Initialization (Memory),Critical
100000,OSS,103620,Server Fatal Error Detected in Memory Initialization Check (System),Critical
100000,OSS,101266,Server File System Read-Only,Major
100000,OSS,101225,Server Hard Disk Drive Failure,Major
100000,OSS,103704,Server Hard Disk I/O Performance Degradation,Minor
100000,OSS,53068,Server Hard Disk Link Fault,Major
100000,OSS,101268,Server Hard Disk Lost,Major
100000,OSS,103615,Server Hard Disk MCE/AER Error,Critical
100000,OSS,53062,Server Hard Disk Overtemperature,Minor
100000,OSS,103614,Server Hard Disk Prewarning,Minor
100000,OSS,101264,Server LOM MCE/AER Error,Critical
100000,OSS,53072,"Server Logical Drive Degraded, Partially Degraded, or Offline",Major
100000,OSS,103692,Server Low BBU Battery,Major
100000,OSS,101267,Server Low Hard Disk Remnant Wearout,Major
100000,OSS,103623,Server Low Voltage in Mainboard RTC Battery,Major
100000,OSS,1091,Server Mainboard Faulty,Critical
100000,OSS,53065,Server Mainboard Power Supply Failure,Major
100000,OSS,1087,Server Management Subsystem Abnormal,Critical
100000,OSS,103616,Server Memory Configuration Error,Critical
100000,OSS,1090,Server Memory Faulty,Critical
100000,OSS,103618,Server Memory Initialization Error,Critical
100000,OSS,101269,Server Memory Overtemperature(Critical),Critical
100000,OSS,101222,Server Memory Temperature Too High,Major
100000,OSS,53071,Server NIC Port Linkdown,Major
100000,OSS,101261,Server PCIe Card Component Major Fault,Major
100000,OSS,1092,Server PCIe Card Faulty,Critical
100000,OSS,53070,Server PCIe Card MCE/AER Fault,Critical
100000,OSS,103609,Server PCIe Card Overtemperature,Major
100000,OSS,101263,Server PCIe Card Overvoltage,Major
100000,OSS,101259,Server PCIe Card Self-Test Failed,Major
100000,OSS,101262,Server PCIe Card Undervoltage,Major
100000,OSS,101260,Server PCIe Plug-in RAID Controller Card Fault,Major
100000,OSS,53063,Server PSU Air Inlet Overtemperature,Critical
100000,OSS,101273,Server PSU Overtemperature,Major
100000,OSS,1084,Server Power Failure,Critical
100000,OSS,101223,Server Power Supply Failure,Major
100000,OSS,101224,Server Power Supply Lost,Critical
100000,OSS,103612,Server Power Supply Redundancy Lost,Major
100000,OSS,53066,Server Power-On Timed Out,Major
100000,OSS,53064,Server Powered Off,Major
100000,OSS,101226,Server RAID Array Failure,Major
100000,OSS,1094,Server RAID Controller Card Faulty,Critical
100000,OSS,53073,Server RAID Controller Card MCE/AER Error,Critical
100000,OSS,103702,Server RAID card controller communication lost,Major
100000,OSS,103694,Server Screw-in RAID Controller Card BBU Low Voltage,Major
100000,OSS,103624,Server Screw-in RAID Controller Card Fault,Major
100000,OSS,1088,Server Storage Faulty,Critical
100000,OSS,101265,Server System Error,Critical
100000,OSS,103621,Server System Memory Initialization Error,Critical
100000,OSS,1083,Server Temperature Abnormal,Critical
100000,OSS,1086,Server Watchdog Timeout,Critical
268390409,BSC6910UMTS,22238,Service Flow Control in a Cell,Minor
100000,OSS,1093,Service Link Failure,Critical
100000,OSS,380,ServiceFabric License Exceeds the Threshold,Major
268390408,BSC6910GSM,2388,Seventeenth Extended I/O Alarm,Warning
8193,GBTS,2388,Seventeenth Extended I/O Alarm,Warning
8193,GBTS,3872,Seventh Extended I/O Alarm,Warning
268390408,BSC6910GSM,2414,Seventh Extended I/O Alarm,Warning
268390408,BSC6910GSM,3872,Seventh Extended I/O Alarm,Warning
8193,GBTS,2414,Seventh Extended I/O Alarm,Warning
8193,GBTS,10248,Severe Board Failure Alarm,Major
268390408,BSC6910GSM,10248,Severe Board Failure Alarm,Major
8193,GBTS,28020,Site Configuration Error,Major
268390408,BSC6910GSM,28020,Site Configuration Error,Major
8193,GBTS,4940,Site Energy Conservation Alarm,Warning
268390408,BSC6910GSM,4940,Site Energy Conservation Alarm,Warning
268390408,BSC6910GSM,12298,Site Reset Alarm,Warning
268390408,BSC6910GSM,4770,Site Reset Alarm,Warning
8193,GBTS,3728,Site Reset Alarm,Warning
8193,GBTS,12298,Site Reset Alarm,Warning
8193,GBTS,4770,Site Reset Alarm,Warning
268390408,BSC6910GSM,2270,Site Reset Alarm,Warning
268390408,BSC6910GSM,3728,Site Reset Alarm,Warning
8193,GBTS,2270,Site Reset Alarm,Warning
8193,GBTS,12838,Site Reset Fault,Warning
268390408,BSC6910GSM,12838,Site Reset Fault,Warning
8193,GBTS,3208,Site Reset alarm,Warning
268390408,BSC6910GSM,3208,Site Reset alarm,Warning
8193,GBTS,21821,Site Signaling Link Connection Mismatch,Major
268390408,BSC6910GSM,21821,Site Signaling Link Connection Mismatch,Major
100000,OSS,51024,Site Status Abnormal,Critical
268390408,BSC6910GSM,2386,Sixteenth Extended I/O Alarm,Warning
8193,GBTS,2386,Sixteenth Extended I/O Alarm,Warning
8193,GBTS,3870,Sixth Extended I/O Alarm,Warning
268390408,BSC6910GSM,2412,Sixth Extended I/O Alarm,Warning
268390408,BSC6910GSM,3870,Sixth Extended I/O Alarm,Warning
8193,GBTS,2412,Sixth Extended I/O Alarm,Warning
8193,GBTS,4804,Slave Main Control Module TDMA CLK Alarm,Major
268390408,BSC6910GSM,4804,Slave Main Control Module TDMA CLK Alarm,Major
8193,GBTS,3828,Smog Alarm,Major
8193,GBTS,5644,Smog Alarm,Critical
8193,GBTS,6406,Smog Alarm,Critical
268390408,BSC6910GSM,2370,Smog Alarm,Major
268390408,BSC6910GSM,6406,Smog Alarm,Critical
268390408,BSC6910GSM,3828,Smog Alarm,Major
8193,GBTS,2370,Smog Alarm,Major
268390408,BSC6910GSM,5644,Smog Alarm,Critical
8193,GBTS,9752,Smog alarm,Major
268390408,BSC6910GSM,9752,Smog alarm,Major
268390409,BSC6910UMTS,20047,Smoke,Critical
268390408,BSC6910GSM,20047,Smoke,Critical
268390417,BTS3900,25671,Smoke Alarm,Critical
268390522,BTS5900 LTE,25671,Smoke Alarm,Critical
268390521,BTS5900,25671,Smoke Alarm,Critical
8200,BTS3900 LTE,25671,Smoke Alarm,Critical
268390523,BTS5900 WCDMA,25671,Smoke Alarm,Critical
268390540,BTS3900 5G,25671,Smoke Alarm,Critical
268390526,BTS5900 5G,25671,Smoke Alarm,Critical
8193,GBTS,25671,Smoke Alarm,Critical
268390408,BSC6910GSM,25671,Smoke Alarm,Critical
125,BTS3900 WCDMA,25671,Smoke Alarm,Critical
8193,GBTS,13104,Smoke Alarm,Critical
268390408,BSC6910GSM,13104,Smoke Alarm,Critical
268390408,BSC6910GSM,2264,Software Not Activated Alarm,Warning
8193,GBTS,2264,Software Not Activated Alarm,Warning
268390408,BSC6910GSM,3722,Software Not Activated Alarm,Warning
8193,GBTS,3722,Software Not Activated Alarm,Warning
8193,GBTS,3202,Software Not Activated alarm,Warning
268390408,BSC6910GSM,3202,Software Not Activated alarm,Warning
268390408,BSC6910GSM,20733,Software Version Inconsistency Between OMU and Host,Major
268390409,BSC6910UMTS,20733,Software Version Inconsistency Between OMU and Host,Major
268390522,BTS5900 LTE,25711,Solar Array Fault,Major
268390417,BTS3900,25711,Solar Array Fault,Major
268390521,BTS5900,25711,Solar Array Fault,Major
125,BTS3900 WCDMA,25711,Solar Array Fault,Major
8200,BTS3900 LTE,25711,Solar Array Fault,Major
268390540,BTS3900 5G,25711,Solar Array Fault,Major
268390523,BTS5900 WCDMA,25711,Solar Array Fault,Major
268390526,BTS5900 5G,25711,Solar Array Fault,Major
8193,GBTS,25711,Solar Array Fault,Major
268390408,BSC6910GSM,25711,Solar Array Fault,Major
125,BTS3900 WCDMA,25713,Solar Controller Temperature Unacceptable,Minor
268390417,BTS3900,25713,Solar Controller Temperature Unacceptable,Minor
268390522,BTS5900 LTE,25713,Solar Controller Temperature Unacceptable,Minor
268390521,BTS5900,25713,Solar Controller Temperature Unacceptable,Minor
8200,BTS3900 LTE,25713,Solar Controller Temperature Unacceptable,Minor
268390540,BTS3900 5G,25713,Solar Controller Temperature Unacceptable,Minor
268390526,BTS5900 5G,25713,Solar Controller Temperature Unacceptable,Minor
268390523,BTS5900 WCDMA,25713,Solar Controller Temperature Unacceptable,Minor
8193,GBTS,25713,Solar Controller Temperature Unacceptable,Minor
268390408,BSC6910GSM,25713,Solar Controller Temperature Unacceptable,Minor
8193,GBTS,10800,Standby Extended Boolean 1 Fault Alarm,Major
268390408,BSC6910GSM,10800,Standby Extended Boolean 1 Fault Alarm,Major
8193,GBTS,10802,Standby Extended Boolean 2 Fault Alarm,Major
268390408,BSC6910GSM,10802,Standby Extended Boolean 2 Fault Alarm,Major
8193,GBTS,10804,Standby Extended Boolean 3 Fault Alarm,Major
268390408,BSC6910GSM,10804,Standby Extended Boolean 3 Fault Alarm,Major
8193,GBTS,10806,Standby Extended Boolean 4 Fault Alarm,Major
268390408,BSC6910GSM,10806,Standby Extended Boolean 4 Fault Alarm,Major
268390409,BSC6910UMTS,20909,Standby OMU Default Route Exception,Major
268390408,BSC6910GSM,20909,Standby OMU Default Route Exception,Major
268390409,BSC6910UMTS,20703,Standby OMU Failure,Major
268390408,BSC6910GSM,20703,Standby OMU Failure,Major
100000,OSS,160,Standby Remote Authentication Server Connection Failed,Critical
268390409,BSC6910UMTS,20762,State Inconsistency Between License and Configuration,Major
268390408,BSC6910GSM,20271,Statistical Alarm,Major
268390409,BSC6910UMTS,20271,Statistical Alarm,Major
268390408,BSC6910GSM,20250,Sub-board Status Abnormal,Major
268390409,BSC6910UMTS,20250,Sub-board Status Abnormal,Major
268390408,BSC6910GSM,20244,Subrack Reset,Critical
268390409,BSC6910UMTS,20244,Subrack Reset,Critical
8200,BTS3900 LTE,26401,Subrack Type and Configuration Mismatch,Major
268390522,BTS5900 LTE,26401,Subrack Type and Configuration Mismatch,Major
268390521,BTS5900,26401,Subrack Type and Configuration Mismatch,Major
268390417,BTS3900,26401,Subrack Type and Configuration Mismatch,Major
8193,GBTS,26401,Subrack Type and Configuration Mismatch,Major
268390526,BTS5900 5G,26401,Subrack Type and Configuration Mismatch,Major
268390540,BTS3900 5G,26401,Subrack Type and Configuration Mismatch,Major
268390523,BTS5900 WCDMA,26401,Subrack Type and Configuration Mismatch,Major
125,BTS3900 WCDMA,26401,Subrack Type and Configuration Mismatch,Major
268390408,BSC6910GSM,26401,Subrack Type and Configuration Mismatch,Major
268390408,BSC6910GSM,20282,Subsystem Blocked,Warning
268390409,BSC6910UMTS,20282,Subsystem Blocked,Warning
100000,OSS,315,Suspicious eNodeB Out of Clock Synchronization,Major
100000,OSS,650070,Switch A fan module experienced a complete failure,Critical
100000,OSS,650071,Switch A fault occurred in the CPU,Critical
100000,OSS,650062,Switch A power module experienced a complete failure,Critical
100000,OSS,650067,Switch A power module experienced a partial failure,Critical
100000,OSS,268390416,Switch Device Configuration Error Fault,Major
100000,OSS,268390412,Switch Device Fan Fault,Major
100000,OSS,268390419,Switch Device Hardware Fault,Critical
100000,OSS,268390414,Switch Device Interface Error Fault,Critical
100000,OSS,268390415,Switch Device Link Status Fault,Major
100000,OSS,268390413,Switch Device Optical Module Fault,Critical
100000,OSS,268390421,Switch Device Power Supply Fault,Critical
100000,OSS,268390417,Switch Device Software Abnormal Fault,Critical
100000,OSS,268390411,Switch Device Stack Fault,Critical
100000,OSS,268390420,Switch Device Subcard Fault,Critical
100000,OSS,268390418,Switch Device Temperature Abnormal Fault,Critical
100000,OSS,650048,Switch Dual-active scenario is detected,Minor
100000,OSS,650054,Switch Error-down occurred,Warning
100000,OSS,650058,Switch Link bandwidth lost partly,Critical
100000,OSS,650057,Switch Link bandwidth lost totally,Critical
100000,OSS,650078,Switch M-LAG member interfaces with the same M-LAG ID on both M-LAG devices are Down,Warning
100000,OSS,650053,Switch MAC address learning reached the limit,Warning
100000,OSS,650050,Switch MAC and IP address conflict,Critical
100000,OSS,650083,Switch MAC flapping detected,Warning
100000,OSS,650052,Switch MAC usage reached the Threshold,Warning
100000,OSS,650074,Switch Optical Module has been removed,Critical
100000,OSS,650075,Switch Optical Module is invalid,Warning
100000,OSS,650051,Switch Rate of packets exceeded the storm control threshold,Critical
100000,OSS,650084,Switch The CPU usage exceeded the pre-set overload threshold,Critical
100000,OSS,650061,Switch The CRC error is rising,Critical
100000,OSS,650080,Switch The DFS dual-active detection message is lost,Warning
100000,OSS,650079,Switch The DFS peer status went Down,Warning
100000,OSS,650077,Switch The board temperature exceeded the fatal alarm threshold,Critical
100000,OSS,650068,Switch The fan module was removed,Critical
100000,OSS,650069,Switch The fan partially failed,Critical
100000,OSS,650066,Switch The interface status changes,Critical
100000,OSS,650060,Switch The last member interface link status changes to down,Critical
100000,OSS,650072,Switch The local fault alarm has occurred,Critical
100000,OSS,650056,Switch The member of LAG negotiation failed,Critical
100000,OSS,650064,Switch The number of forwarding resources reaches the alarm threshold,Critical
100000,OSS,650065,Switch The number of forwarding resources reaches the alarm threshold,Warning
100000,OSS,650076,Switch The optical module was not certified by Huawei data center switches,Critical
100000,OSS,650059,Switch The peer link of the LACP member interface might be incorrectly connected,Critical
100000,OSS,650055,Switch The physical manage interface physical status changes to down,Critical
100000,OSS,650063,Switch The power module was removed,Critical
100000,OSS,650049,Switch The protocol status of the dual-active port is down,Minor
100000,OSS,650073,Switch The remote fault alarm has occurred,Critical
100000,OSS,650085,Switch The storage usage exceeded the pre-set overload threshold,Critical
100000,OSS,650082,Switch The two switches in the M-LAG have different type1 configurations,Warning
100000,OSS,650081,Switch The two switches in the M-LAG have different type2 configurations,Warning
100000,OSS,650047,Switch Users failed to login ssh server too frequently,Minor
100000,OSS,101209,Switchover Triggered by a Faulty Node,Critical
268390408,BSC6910GSM,20276,Synchronization Time Information Resource Unavailable Alarm,Major
268390409,BSC6910UMTS,20276,Synchronization Time Information Resource Unavailable Alarm,Major
268390408,BSC6910GSM,20214,System Clock Abnormal,Critical
268390409,BSC6910UMTS,20214,System Clock Abnormal,Critical
8193,GBTS,26260,System Clock Failure,Major
268390451,MICRO BTS3900,26260,System Clock Failure,Major
268390408,BSC6910GSM,26260,System Clock Failure,Major
268390409,BSC6910UMTS,20205,System Clock Reference Source Unavailable,Major
268390408,BSC6910GSM,20205,System Clock Reference Source Unavailable,Major
125,BTS3900 WCDMA,26264,System Clock Unlocked,Minor
8200,BTS3900 LTE,26264,System Clock Unlocked,Minor
268390521,BTS5900,26264,System Clock Unlocked,Minor
268390522,BTS5900 LTE,26264,System Clock Unlocked,Minor
268390417,BTS3900,26264,System Clock Unlocked,Minor
8193,GBTS,26264,System Clock Unlocked,Minor
268390451,MICRO BTS3900,26264,System Clock Unlocked,Minor
268390523,BTS5900 WCDMA,26264,System Clock Unlocked,Minor
268390408,BSC6910GSM,26264,System Clock Unlocked,Minor
268390526,BTS5900 5G,26264,System Clock Unlocked,Minor
268390540,BTS3900 5G,26264,System Clock Unlocked,Minor
100000,OSS,100502,System Connectivity Test Failed,Major
268390521,BTS5900,26812,System Dynamic Traffic Exceeding Licensed Limit,Major
268390522,BTS5900 LTE,26812,System Dynamic Traffic Exceeding Licensed Limit,Major
268390417,BTS3900,26812,System Dynamic Traffic Exceeding Licensed Limit,Major
268390451,MICRO BTS3900,26812,System Dynamic Traffic Exceeding Licensed Limit,Major
268390523,BTS5900 WCDMA,26812,System Dynamic Traffic Exceeding Licensed Limit,Major
268390540,BTS3900 5G,26812,System Dynamic Traffic Exceeding Licensed Limit,Major
268390526,BTS5900 5G,26812,System Dynamic Traffic Exceeding Licensed Limit,Major
125,BTS3900 WCDMA,26812,System Dynamic Traffic Exceeding Licensed Limit,Major
8200,BTS3900 LTE,26812,System Dynamic Traffic Exceeding Licensed Limit,Major
100000,OSS,101230,System Health Check Abnormal,Critical
268390409,BSC6910UMTS,20745,System in Ineffective Mode,Major
268390408,BSC6910GSM,20745,System in Ineffective Mode,Major
8193,GBTS,2544,TCU Board AC/DC Power Alarm,Major
268390408,BSC6910GSM,2544,TCU Board AC/DC Power Alarm,Major
268390408,BSC6910GSM,9140,TCU Board AC/DC Power Alarm,Major
8193,GBTS,9140,TCU Board AC/DC Power Alarm,Major
8193,GBTS,2546,TCU Board DC/DC Power Alarm,Major
268390408,BSC6910GSM,2546,TCU Board DC/DC Power Alarm,Major
268390408,BSC6910GSM,9142,TCU Board DC/DC Power Alarm,Major
8193,GBTS,9142,TCU Board DC/DC Power Alarm,Major
8193,GBTS,2548,TCU Temperature Sensor Alarm,Major
268390408,BSC6910GSM,2548,TCU Temperature Sensor Alarm,Major
8193,GBTS,13186,TCU boolean 1 alarm,Warning
268390408,BSC6910GSM,13186,TCU boolean 1 alarm,Warning
8193,GBTS,13188,TCU boolean 2 alarm,Warning
268390408,BSC6910GSM,13188,TCU boolean 2 alarm,Warning
8193,GBTS,13190,TCU boolean 3 alarm,Warning
268390408,BSC6910GSM,13190,TCU boolean 3 alarm,Warning
8193,GBTS,13192,TCU boolean 4 alarm,Warning
268390408,BSC6910GSM,13192,TCU boolean 4 alarm,Warning
268390408,BSC6910GSM,9144,TCU temperature sensor state alarm,Major
8193,GBTS,9144,TCU temperature sensor state alarm,Major
268390417,BTS3900,25657,TEC Cooler Fault,Major
268390521,BTS5900,25657,TEC Cooler Fault,Major
8200,BTS3900 LTE,25657,TEC Cooler Fault,Major
268390522,BTS5900 LTE,25657,TEC Cooler Fault,Major
268390540,BTS3900 5G,25657,TEC Cooler Fault,Major
268390523,BTS5900 WCDMA,25657,TEC Cooler Fault,Major
268390526,BTS5900 5G,25657,TEC Cooler Fault,Major
8193,GBTS,25657,TEC Cooler Fault,Major
125,BTS3900 WCDMA,25657,TEC Cooler Fault,Major
268390408,BSC6910GSM,25657,TEC Cooler Fault,Major
268390521,BTS5900,65206,TEMPERATURA ALTA,Major
268390521,BTS5900,65088,TEMPERATURA ALTA BATERIA LITIO,Major
8193,GBTS,2476,TES Communication Alarm,Major
268390408,BSC6910GSM,2476,TES Communication Alarm,Major
268390408,BSC6910GSM,8048,TES Communication Alarm,Major
8193,GBTS,8048,TES Communication Alarm,Major
8193,GBTS,8050,TES extended B7 alarm,Warning
268390408,BSC6910GSM,8050,TES extended B7 alarm,Warning
8193,GBTS,2456,TEU Communication Alarm,Minor
8193,GBTS,7516,TEU Communication Alarm,Minor
268390408,BSC6910GSM,7516,TEU Communication Alarm,Minor
268390408,BSC6910GSM,2456,TEU Communication Alarm,Minor
268390417,BTS3900,26755,TMA Bypass,Major
8200,BTS3900 LTE,26755,TMA Bypass,Major
268390522,BTS5900 LTE,26755,TMA Bypass,Major
268390521,BTS5900,26755,TMA Bypass,Major
268390526,BTS5900 5G,26755,TMA Bypass,Major
268390408,BSC6910GSM,26755,TMA Bypass,Major
268390540,BTS3900 5G,26755,TMA Bypass,Major
268390523,BTS5900 WCDMA,26755,TMA Bypass,Major
8193,GBTS,26755,TMA Bypass,Major
125,BTS3900 WCDMA,26755,TMA Bypass,Major
8193,GBTS,10254,TMA Communication Alarm,Major
268390408,BSC6910GSM,10254,TMA Communication Alarm,Major
268390408,BSC6910GSM,10258,TMA Current High Alarm,Major
8193,GBTS,10258,TMA Current High Alarm,Major
268390408,BSC6910GSM,10282,TMA Current High Prompt Alarm,Warning
8193,GBTS,10282,TMA Current High Prompt Alarm,Warning
268390408,BSC6910GSM,10260,TMA Current Low Alarm,Major
8193,GBTS,10260,TMA Current Low Alarm,Major
268390408,BSC6910GSM,10256,TMA Hardware Failure Alarm,Major
8193,GBTS,10256,TMA Hardware Failure Alarm,Major
8200,BTS3900 LTE,26758,TMA Running Data and Configuration Mismatch,Minor
268390521,BTS5900,26758,TMA Running Data and Configuration Mismatch,Minor
268390522,BTS5900 LTE,26758,TMA Running Data and Configuration Mismatch,Minor
268390417,BTS3900,26758,TMA Running Data and Configuration Mismatch,Minor
268390523,BTS5900 WCDMA,26758,TMA Running Data and Configuration Mismatch,Minor
268390526,BTS5900 5G,26758,TMA Running Data and Configuration Mismatch,Minor
268390408,BSC6910GSM,26758,TMA Running Data and Configuration Mismatch,Minor
268390540,BTS3900 5G,26758,TMA Running Data and Configuration Mismatch,Minor
8193,GBTS,26758,TMA Running Data and Configuration Mismatch,Minor
125,BTS3900 WCDMA,26758,TMA Running Data and Configuration Mismatch,Minor
268390408,BSC6910GSM,10262,TMA Shortcircuit Alarm,Major
8193,GBTS,10262,TMA Shortcircuit Alarm,Major
268390408,BSC6910GSM,4766,TMU Aging alarm,Warning
8193,GBTS,4766,TMU Aging alarm,Warning
8193,GBTS,2222,TMU Communication Alarm,Major
268390408,BSC6910GSM,2222,TMU Communication Alarm,Major
268390408,BSC6910GSM,2228,TMU Flash Memory Alarm,Major
8193,GBTS,2228,TMU Flash Memory Alarm,Major
8193,GBTS,2220,TMU Mail-box Failure Alarm,Minor
268390408,BSC6910GSM,2220,TMU Mail-box Failure Alarm,Minor
268390408,BSC6910GSM,4720,TMU Mail-box Failure Alarm,Minor
8193,GBTS,4720,TMU Mail-box Failure Alarm,Minor
268390408,BSC6910GSM,2224,TMU Software Alarm,Major
8193,GBTS,2224,TMU Software Alarm,Major
268390408,BSC6910GSM,4724,TMU Software Alarm,Major
8193,GBTS,4724,TMU Software Alarm,Major
268390408,BSC6910GSM,4732,TMU clock critical alarm,Major
8193,GBTS,4732,TMU clock critical alarm,Major
8193,GBTS,2212,TMU extended 32 alarm,Warning
268390408,BSC6910GSM,2212,TMU extended 32 alarm,Warning
268390408,BSC6910GSM,4712,TMU extended 32 alarm,Warning
8193,GBTS,4712,TMU extended 32 alarm,Warning
268390408,BSC6910GSM,2230,TMU extended 3B alarm,Warning
8193,GBTS,2230,TMU extended 3B alarm,Warning
268390408,BSC6910GSM,4730,TMU extended 3B alarm,Warning
8193,GBTS,4730,TMU extended 3B alarm,Warning
8193,GBTS,2238,TMU extended 3F alarm,Warning
268390408,BSC6910GSM,2238,TMU extended 3F alarm,Warning
268390408,BSC6910GSM,4738,TMU extended 3F alarm,Warning
8193,GBTS,4738,TMU extended 3F alarm,Warning
268390408,BSC6910GSM,2240,TMU extended 40 alarm,Warning
8193,GBTS,2240,TMU extended 40 alarm,Warning
268390408,BSC6910GSM,4740,TMU extended 40 alarm,Warning
8193,GBTS,4740,TMU extended 40 alarm,Warning
8193,GBTS,2242,TMU extended 41 alarm,Warning
268390408,BSC6910GSM,2242,TMU extended 41 alarm,Warning
268390408,BSC6910GSM,4742,TMU extended 41 alarm,Warning
8193,GBTS,4742,TMU extended 41 alarm,Warning
8193,GBTS,2250,TMU extended 45 alarm,Warning
268390408,BSC6910GSM,2250,TMU extended 45 alarm,Warning
268390408,BSC6910GSM,4750,TMU extended 45 alarm,Warning
8193,GBTS,4750,TMU extended 45 alarm,Warning
268390408,BSC6910GSM,2252,TMU extended 46 alarm,Warning
8193,GBTS,2252,TMU extended 46 alarm,Warning
268390408,BSC6910GSM,4752,TMU extended 46 alarm,Warning
8193,GBTS,4752,TMU extended 46 alarm,Warning
8193,GBTS,2254,TMU extended 47 alarm,Warning
268390408,BSC6910GSM,2254,TMU extended 47 alarm,Warning
268390408,BSC6910GSM,4754,TMU extended 47 alarm,Warning
8193,GBTS,4754,TMU extended 47 alarm,Warning
8193,GBTS,2256,TMU extended 48 alarm,Warning
268390408,BSC6910GSM,2256,TMU extended 48 alarm,Warning
268390408,BSC6910GSM,4756,TMU extended 48 alarm,Warning
8193,GBTS,4756,TMU extended 48 alarm,Warning
8193,GBTS,2258,TMU extended 49 alarm,Warning
268390408,BSC6910GSM,2258,TMU extended 49 alarm,Warning
268390408,BSC6910GSM,4758,TMU extended 49 alarm,Warning
8193,GBTS,4758,TMU extended 49 alarm,Warning
268390408,BSC6910GSM,2262,TMU extended 4B alarm,Warning
8193,GBTS,2262,TMU extended 4B alarm,Warning
268390408,BSC6910GSM,2266,TMU extended 4D alarm,Warning
8193,GBTS,2266,TMU extended 4D alarm,Warning
268390408,BSC6910GSM,4768,TMU extended 4E alarm,Warning
268390408,BSC6910GSM,2268,TMU extended 4E alarm,Warning
8193,GBTS,2268,TMU extended 4E alarm,Warning
8193,GBTS,4768,TMU extended 4E alarm,Warning
268390408,BSC6910GSM,4728,TMU flash memory alarm,Major
8193,GBTS,4728,TMU flash memory alarm,Major
268390417,BTS3900,26267,TOD Clock Unavailable,Minor
268390522,BTS5900 LTE,26267,TOD Clock Unavailable,Minor
125,BTS3900 WCDMA,26267,TOD Clock Unavailable,Minor
8200,BTS3900 LTE,26267,TOD Clock Unavailable,Minor
268390521,BTS5900,26267,TOD Clock Unavailable,Minor
268390451,MICRO BTS3900,26267,TOD Clock Unavailable,Minor
268390523,BTS5900 WCDMA,26267,TOD Clock Unavailable,Minor
268390540,BTS3900 5G,26267,TOD Clock Unavailable,Minor
268390526,BTS5900 5G,26267,TOD Clock Unavailable,Minor
8193,GBTS,2180,TRX Band Mismatch ARFCN,Major
268390408,BSC6910GSM,2180,TRX Band Mismatch ARFCN,Major
268390408,BSC6910GSM,2126,TRX Baseband FH Abnormal Alarm,Major
8193,GBTS,2126,TRX Baseband FH Abnormal Alarm,Major
268390408,BSC6910GSM,4114,TRX Baseband FH Abnormal Alarm,Major
8193,GBTS,4114,TRX Baseband FH Abnormal Alarm,Major
8193,GBTS,2196,TRX Clock Critical Alarm,Major
268390408,BSC6910GSM,2196,TRX Clock Critical Alarm,Major
268390408,BSC6910GSM,4184,TRX Clock Critical Alarm,Major
8193,GBTS,4184,TRX Clock Critical Alarm,Major
268390408,BSC6910GSM,2166,TRX Clock Prompt Alarm,Warning
8193,GBTS,2166,TRX Clock Prompt Alarm,Warning
268390408,BSC6910GSM,2124,TRX Close HPA Alarm,Major
8193,GBTS,2124,TRX Close HPA Alarm,Major
8193,GBTS,4112,TRX Close HPA Alarm,Major
268390408,BSC6910GSM,4112,TRX Close HPA Alarm,Major
8193,GBTS,2204,TRX Communication Alarm,Major
268390408,BSC6910GSM,2204,TRX Communication Alarm,Major
268390408,BSC6910GSM,2116,TRX Config Mismatch Alarm,Major
8193,GBTS,2116,TRX Config Mismatch Alarm,Major
8193,GBTS,4104,TRX Config Mismatch Alarm,Major
268390408,BSC6910GSM,4104,TRX Config Mismatch Alarm,Major
8193,GBTS,2132,TRX DBUS Alarm,Warning
268390408,BSC6910GSM,2132,TRX DBUS Alarm,Warning
8193,GBTS,4120,TRX DBUS Alarm,Warning
268390408,BSC6910GSM,4120,TRX DBUS Alarm,Warning
268390408,BSC6910GSM,2148,TRX Hardware Critical Alarm,Major
8193,GBTS,2148,TRX Hardware Critical Alarm,Major
8193,GBTS,4136,TRX Hardware Critical Alarm,Major
268390408,BSC6910GSM,4136,TRX Hardware Critical Alarm,Major
268390408,BSC6910GSM,2140,TRX Hardware Prompt Alarm,Warning
8193,GBTS,4124,TRX Hardware Prompt Alarm,Warning
8193,GBTS,2140,TRX Hardware Prompt Alarm,Warning
268390408,BSC6910GSM,4124,TRX Hardware Prompt Alarm,Warning
268390408,BSC6910GSM,4126,TRX ID Mismatch alarm,Warning
8193,GBTS,4126,TRX ID Mismatch alarm,Warning
268390408,BSC6910GSM,2138,TRX ID Mismatched Alarm,Warning
8193,GBTS,2138,TRX ID Mismatched Alarm,Warning
8193,GBTS,2114,TRX LAPD Link Interrupt Alarm,Major
268390408,BSC6910GSM,2114,TRX LAPD Link Interrupt Alarm,Major
268390408,BSC6910GSM,2146,TRX Maintenance Alarm,Warning
8193,GBTS,2146,TRX Maintenance Alarm,Warning
8193,GBTS,21803,TRX Manually Blocked,Warning
268390408,BSC6910GSM,21803,TRX Manually Blocked,Warning
8193,GBTS,28007,TRX PA Shutdown,Warning
268390408,BSC6910GSM,28007,TRX PA Shutdown,Warning
268390408,BSC6910GSM,2122,TRX Power Decrease Alarm,Warning
8193,GBTS,2122,TRX Power Decrease Alarm,Warning
268390408,BSC6910GSM,2188,TRX Receive Abnormal Alarm,Warning
8193,GBTS,2188,TRX Receive Abnormal Alarm,Warning
8193,GBTS,4196,TRX SEND_DIV Channel Alarm,Warning
268390408,BSC6910GSM,4196,TRX SEND_DIV Channel Alarm,Warning
268390408,BSC6910GSM,2168,TRX Slave Clock Alarm,Warning
8193,GBTS,2168,TRX Slave Clock Alarm,Warning
8193,GBTS,2118,TRX Software Running Abnormal Alarm,Major
268390408,BSC6910GSM,2118,TRX Software Running Abnormal Alarm,Major
8193,GBTS,4106,TRX Software Running Abnormal Alarm,Major
268390408,BSC6910GSM,4106,TRX Software Running Abnormal Alarm,Major
268390408,BSC6910GSM,2152,TRX Temperature Abnormal Alarm,Major
8193,GBTS,2152,TRX Temperature Abnormal Alarm,Major
8193,GBTS,4140,TRX Temperature Too High Alarm,Major
268390408,BSC6910GSM,4140,TRX Temperature Too High Alarm,Major
268390408,BSC6910GSM,2192,TRX Type Not Support alarm,Warning
8193,GBTS,2192,TRX Type Not Support alarm,Warning
268390408,BSC6910GSM,2156,TRX VSWR Alarm,Major
8193,GBTS,2156,TRX VSWR Alarm,Major
268390408,BSC6910GSM,4144,TRX VSWR alarm,Major
8193,GBTS,4144,TRX VSWR alarm,Major
268390408,BSC6910GSM,2128,TRX Voltage Alarm,Major
8193,GBTS,2128,TRX Voltage Alarm,Major
8193,GBTS,4116,TRX Voltage Alarm,Major
268390408,BSC6910GSM,4116,TRX Voltage Alarm,Major
8193,GBTS,4192,TRX communication alarm,Major
268390408,BSC6910GSM,4192,TRX communication alarm,Major
268390408,BSC6910GSM,4100,TRX extended 00 alarm,Warning
8193,GBTS,4100,TRX extended 00 alarm,Warning
268390408,BSC6910GSM,2142,TRX extended 0F alarm,Warning
268390408,BSC6910GSM,4130,TRX extended 0F alarm,Warning
8193,GBTS,4130,TRX extended 0F alarm,Warning
8193,GBTS,2142,TRX extended 0F alarm,Warning
268390408,BSC6910GSM,4138,TRX extended 13 alarm,Warning
8193,GBTS,4138,TRX extended 13 alarm,Warning
8193,GBTS,4142,TRX extended 15 alarm,Warning
268390408,BSC6910GSM,4142,TRX extended 15 alarm,Warning
268390408,BSC6910GSM,4146,TRX extended 17 alarm,Warning
8193,GBTS,4146,TRX extended 17 alarm,Warning
268390408,BSC6910GSM,4148,TRX extended 18 alarm,Warning
8193,GBTS,4148,TRX extended 18 alarm,Warning
268390408,BSC6910GSM,2162,TRX extended 19 alarm,Warning
268390408,BSC6910GSM,4150,TRX extended 19 alarm,Warning
8193,GBTS,2162,TRX extended 19 alarm,Warning
8193,GBTS,4150,TRX extended 19 alarm,Warning
268390408,BSC6910GSM,2164,TRX extended 1A alarm,Warning
268390408,BSC6910GSM,4152,TRX extended 1A alarm,Warning
8193,GBTS,4152,TRX extended 1A alarm,Warning
8193,GBTS,2164,TRX extended 1A alarm,Warning
268390408,BSC6910GSM,2172,TRX extended 1E alarm,Warning
8193,GBTS,2172,TRX extended 1E alarm,Warning
8193,GBTS,4160,TRX extended 1E alarm,Warning
268390408,BSC6910GSM,4160,TRX extended 1E alarm,Warning
8193,GBTS,2174,TRX extended 1F alarm,Warning
268390408,BSC6910GSM,2174,TRX extended 1F alarm,Warning
8193,GBTS,4162,TRX extended 1F alarm,Warning
268390408,BSC6910GSM,4162,TRX extended 1F alarm,Warning
268390408,BSC6910GSM,2178,TRX extended 21 alarm,Warning
8193,GBTS,2178,TRX extended 21 alarm,Warning
268390408,BSC6910GSM,4166,TRX extended 21 alarm,Warning
8193,GBTS,4166,TRX extended 21 alarm,Warning
268390408,BSC6910GSM,2184,TRX extended 24 alarm,Warning
8193,GBTS,2184,TRX extended 24 alarm,Warning
8193,GBTS,4172,TRX extended 24 alarm,Warning
268390408,BSC6910GSM,4172,TRX extended 24 alarm,Warning
268390408,BSC6910GSM,2186,TRX extended 25 alarm,Warning
8193,GBTS,2186,TRX extended 25 alarm,Warning
8193,GBTS,4174,TRX extended 25 alarm,Warning
268390408,BSC6910GSM,4174,TRX extended 25 alarm,Warning
268390408,BSC6910GSM,2194,TRX extended 29 alarm,Warning
8193,GBTS,2194,TRX extended 29 alarm,Warning
8193,GBTS,4182,TRX extended 29 alarm,Warning
268390408,BSC6910GSM,4182,TRX extended 29 alarm,Warning
8193,GBTS,2200,TRX extended 2C alarm,Warning
268390408,BSC6910GSM,2200,TRX extended 2C alarm,Warning
8193,GBTS,4188,TRX extended 2C alarm,Warning
268390408,BSC6910GSM,4188,TRX extended 2C alarm,Warning
8193,GBTS,2202,TRX extended 2D alarm,Warning
268390408,BSC6910GSM,2202,TRX extended 2D alarm,Warning
268390408,BSC6910GSM,4190,TRX extended 2D alarm,Warning
8193,GBTS,4190,TRX extended 2D alarm,Warning
268390408,BSC6910GSM,4154,TRX main clock alarm,Warning
8193,GBTS,4154,TRX main clock alarm,Warning
8193,GBTS,4134,TRX maintenance alarm,Warning
268390408,BSC6910GSM,4134,TRX maintenance alarm,Warning
268390408,BSC6910GSM,4110,TRX power decrease Alarm,Warning
8193,GBTS,4110,TRX power decrease Alarm,Warning
8193,GBTS,4156,TRX slave clock alarm,Warning
268390408,BSC6910GSM,4156,TRX slave clock alarm,Warning
268390408,BSC6910GSM,4180,TRX type not support alarm,Warning
8193,GBTS,4180,TRX type not support alarm,Warning
8193,GBTS,2542,TRX/CDU Power- Off Alarm,Major
268390408,BSC6910GSM,2542,TRX/CDU Power- Off Alarm,Major
8193,GBTS,8626,TRX/CDU power off alarm,Major
268390408,BSC6910GSM,8626,TRX/CDU power off alarm,Major
268390408,BSC6910GSM,3426,TX_PLL_0 alarm,Major
8193,GBTS,3426,TX_PLL_0 alarm,Major
8193,GBTS,3428,TX_PLL_1 alarm,Major
268390408,BSC6910GSM,3428,TX_PLL_1 alarm,Major
8193,GBTS,3430,TX_PLL_2 alarm,Major
268390408,BSC6910GSM,3430,TX_PLL_2 alarm,Major
100000,OSS,50,Task execution failure alarm,Minor
8193,GBTS,3422,Temperature A Level alarm,Minor
268390408,BSC6910GSM,3422,Temperature A Level alarm,Minor
268390408,BSC6910GSM,3424,Temperature B Level alarm,Critical
8193,GBTS,3424,Temperature B Level alarm,Critical
8193,GBTS,4218,Temperature Prompt Alarm,Warning
268390408,BSC6910GSM,4218,Temperature Prompt Alarm,Warning
8193,GBTS,9734,Temperature Sensor Fault,Major
268390408,BSC6910GSM,9734,Temperature Sensor Fault,Major
268390408,BSC6910GSM,10760,Temperature Sensor Fault Alarm,Major
8193,GBTS,10760,Temperature Sensor Fault Alarm,Major
268390408,BSC6910GSM,10764,Temperature Too High Alarm,Major
8193,GBTS,10764,Temperature Too High Alarm,Major
268390408,BSC6910GSM,10770,Temperature Too Low Alarm,Major
8193,GBTS,10770,Temperature Too Low Alarm,Major
8193,GBTS,9738,Temperature high or low alarm,Major
268390408,BSC6910GSM,9738,Temperature high or low alarm,Major
100000,OSS,101220,Temperature in Server Working Environment Too High,Major
100000,OSS,386,Temporary Routes Exist in the OS,Minor
100000,OSS,52,Temporary feature field in the license has expired,Major
100000,OSS,51,Temporary feature field in the license is invalid,Major
100000,OSS,999999988,Temporary feature field in the license will expire,Major
8193,GBTS,3878,Tenth Extended I/O Alarm,Warning
268390408,BSC6910GSM,3878,Tenth Extended I/O Alarm,Warning
8193,GBTS,2420,Tenth Extended I/O Alarm,Warning
268390408,BSC6910GSM,2420,Tenth Extended I/O Alarm,Warning
268390408,BSC6910GSM,2136,Test Phase-Lock Loop Alarm,Warning
8193,GBTS,2136,Test Phase-Lock Loop Alarm,Warning
268390408,BSC6910GSM,3594,Test Phase-Lock Loop alarm,Warning
8193,GBTS,3594,Test Phase-Lock Loop alarm,Warning
268390408,BSC6910GSM,4236,The AC power off alarm,Critical
8193,GBTS,4236,The AC power off alarm,Critical
268390408,BSC6910GSM,4238,The AC power supply alarm,Critical
8193,GBTS,4238,The AC power supply alarm,Critical
100000,OSS,1,The CPU Usage Is High,Major
100000,OSS,125,The CRL File on the LDAP Server Is Invalid,Critical
100000,OSS,780,The Data Transmission Channel Between the Trace Server and the NE Is Disrupted,Minor
100000,OSS,44,The Database Usage Is Too High,Major
100000,OSS,45,The Database Usage Is Too High (Critical),Critical
100000,OSS,43,The Database Usage Is Too High (Minor),Minor
100000,OSS,42,The Database Usage Is Too High (Warning),Warning
100000,OSS,124,The Digital Certificate Has Expired,Major
100000,OSS,129,The Digital Certificate Is Invalid,Critical
100000,OSS,123,The Digital Certificate Is to Expire,Minor
100000,OSS,36,The Disk Usage Is Too High,Major
100000,OSS,37,The Disk Usage Is Too High (Critical),Critical
100000,OSS,350,The Emergency Disaster Recovery Server Is Abnormal,Critical
100000,OSS,12,The Memory Usage Is Too High,Major
268390409,BSC6910UMTS,20757,The Network License is to be Switched to Local State,Minor
268390408,BSC6910GSM,20757,The Network License is to be Switched to Local State,Minor
100000,OSS,157,The Number of Current Alarms Reaches the Threshold,Major
100000,OSS,11,The Number of Login Attempts Reaches the Maximum,Critical
100000,OSS,158,The Number of OSS Server Connection Attempts Within a Short Time Has Exceeded the Threshold,Major
100000,OSS,297,The OSS License Expired,Critical
100000,OSS,4,The OSS Service Is Terminated Abnormally,Major
100000,OSS,351,The Periodical Synchronization Failed,Critical
100000,OSS,519,The Proportion of Distributed License Is Too High,Warning
100000,OSS,161,The Region Administrator Has Reset Another User's Password,Critical
100000,OSS,33,The Server Is Disconnected from the Database,Major
100000,OSS,162,The User Has Been Set as a Region Administrator,Critical
100000,OSS,298,The User in the SMManagers Group Changes a User's Password,Critical
100000,OSS,650021,The VM is Fault Resuming because of insufficient resource,Critical
100000,OSS,51021,The certificate has expired,Critical
100000,OSS,51020,The certificate is about to expire,Major
100000,OSS,51022,The certificate update failed,Critical
100000,OSS,353,The configuration command fails to be delivered,Major
100000,OSS,39,The database had exception logs,Major
100000,OSS,101210,The database local copy status is abnormal,Major
100000,OSS,38,The database process is abnormal,Major
100000,OSS,999999999,The license control or sales item enters the grace period,Major
100000,OSS,999999991,The license control or sales item has expired,Major
100000,OSS,999999993,The license has expired,Critical
100000,OSS,999999995,The license is invalid,Major
100000,OSS,999999994,The license resource exceeds the threshold,Major
100000,OSS,999999997,The license resource usage reaches or exceeds the threshold 100%,Major
100000,OSS,999999996,The license sales item exceeds the threshold,Major
100000,OSS,999999998,The license sales item usage reaches or exceeds the threshold 100%,Major
100000,OSS,999999992,The license will expire,Major
100000,OSS,800004,The number of certificates issued by Certificate Authority Service has reached the upper limit,Critical
100000,OSS,800003,The number of certificates issued by Certificate Authority Service is about to reach the upper limit,Major
100000,OSS,103537,The number of key system resources exceeds the threshold,Major
100000,OSS,322,The software version already beyond service period,Major
100000,OSS,321,The software version is about to beyond service period,Minor
100000,OSS,54,The swap Usage Is High,Critical
268390409,BSC6910UMTS,20048,Theft Proof,Critical
268390408,BSC6910GSM,20048,Theft Proof,Critical
268390408,BSC6910GSM,2406,Third Extended I/O Alarm,Warning
8193,GBTS,3864,Third Extended I/O Alarm,Warning
268390408,BSC6910GSM,3864,Third Extended I/O Alarm,Warning
8193,GBTS,2406,Third Extended I/O Alarm,Warning
8193,GBTS,2426,Thirteenth Extended I/O Alarm,Warning
268390408,BSC6910GSM,2426,Thirteenth Extended I/O Alarm,Warning
8193,GBTS,2470,Thirtieth Extended I/O Alarm,Warning
8193,GBTS,6160,Thirtieth Extended I/O Alarm,Warning
268390408,BSC6910GSM,6160,Thirtieth Extended I/O Alarm,Warning
268390408,BSC6910GSM,2470,Thirtieth Extended I/O Alarm,Warning
8193,GBTS,2472,Thirty-First Extended I/O Alarm,Warning
268390408,BSC6910GSM,2472,Thirty-First Extended I/O Alarm,Warning
268390408,BSC6910GSM,6162,Thirty-First Extended I/O Alarm,Warning
8193,GBTS,6162,Thirty-First Extended I/O Alarm,Warning
8193,GBTS,2474,Thirty-Second Extended I/O Alarm,Warning
268390408,BSC6910GSM,2474,Thirty-Second Extended I/O Alarm,Warning
268390408,BSC6910GSM,6164,Thirty-Second Extended I/O Alarm,Warning
8193,GBTS,6164,Thirty-Second Extended I/O Alarm,Warning
268390409,BSC6910UMTS,20202,Time Information Reception Abnormal,Major
268390408,BSC6910GSM,20202,Time Information Reception Abnormal,Major
8200,BTS3900 LTE,26266,Time Synchronization Failure,Minor
125,BTS3900 WCDMA,26266,Time Synchronization Failure,Minor
268390417,BTS3900,26266,Time Synchronization Failure,Minor
268390522,BTS5900 LTE,26266,Time Synchronization Failure,Minor
268390521,BTS5900,26266,Time Synchronization Failure,Minor
268390523,BTS5900 WCDMA,26266,Time Synchronization Failure,Minor
268390451,MICRO BTS3900,26266,Time Synchronization Failure,Minor
268390526,BTS5900 5G,26266,Time Synchronization Failure,Minor
268390540,BTS3900 5G,26266,Time Synchronization Failure,Minor
268390408,BSC6910GSM,20229,Timeslot Loopback,Warning
100000,OSS,794,Trace Server Data Is Incomplete,Minor
100000,OSS,782,Trace Server Disconnected from the NMS,Major
100000,OSS,786,Trace Server SQLite Database File Damaged,Major
268390408,BSC6910GSM,21834,Traffic Close to Capability,Major
268390408,BSC6910GSM,21835,Traffic Exceed Capability,Major
268390409,BSC6910UMTS,21407,Transmission Configuration Integrity or Consistency Check Failure,Minor
268390408,BSC6910GSM,21407,Transmission Configuration Integrity or Consistency Check Failure,Minor
268390408,BSC6910GSM,11270,Transmission LAPD Link Interrupt Alarm,Major
8193,GBTS,11270,Transmission LAPD Link Interrupt Alarm,Major
8193,GBTS,28051,Transmission Link Fault,Minor
268390408,BSC6910GSM,28051,Transmission Link Fault,Minor
8193,GBTS,3668,Transmission Loop Test Alarm,Warning
268390408,BSC6910GSM,3668,Transmission Loop Test Alarm,Warning
8200,BTS3900 LTE,26222,Transmission Optical Interface Error,Minor
268390521,BTS5900,26222,Transmission Optical Interface Error,Minor
268390522,BTS5900 LTE,26222,Transmission Optical Interface Error,Minor
268390417,BTS3900,26222,Transmission Optical Interface Error,Minor
268390451,MICRO BTS3900,26222,Transmission Optical Interface Error,Minor
268390523,BTS5900 WCDMA,26222,Transmission Optical Interface Error,Minor
268390526,BTS5900 5G,26222,Transmission Optical Interface Error,Minor
268390540,BTS3900 5G,26222,Transmission Optical Interface Error,Minor
268390408,BSC6910GSM,26222,Transmission Optical Interface Error,Minor
8193,GBTS,26222,Transmission Optical Interface Error,Minor
125,BTS3900 WCDMA,26222,Transmission Optical Interface Error,Minor
268390451,MICRO BTS3900,26223,Transmission Optical Interface Performance Degraded,Minor
268390408,BSC6910GSM,26223,Transmission Optical Interface Performance Degraded,Minor
8193,GBTS,26223,Transmission Optical Interface Performance Degraded,Minor
268390521,BTS5900,26220,Transmission Optical Module Fault,Warning
268390417,BTS3900,26220,Transmission Optical Module Fault,Warning
8200,BTS3900 LTE,26220,Transmission Optical Module Fault,Warning
268390451,MICRO BTS3900,26220,Transmission Optical Module Fault,Warning
268390522,BTS5900 LTE,26220,Transmission Optical Module Fault,Warning
268390526,BTS5900 5G,26220,Transmission Optical Module Fault,Warning
268390523,BTS5900 WCDMA,26220,Transmission Optical Module Fault,Warning
268390540,BTS3900 5G,26220,Transmission Optical Module Fault,Warning
268390408,BSC6910GSM,26220,Transmission Optical Module Fault,Warning
8193,GBTS,26220,Transmission Optical Module Fault,Warning
125,BTS3900 WCDMA,26220,Transmission Optical Module Fault,Warning
268390521,BTS5900,26221,Transmission Optical Module Not In Position,Major
268390417,BTS3900,26221,Transmission Optical Module Not In Position,Major
8200,BTS3900 LTE,26221,Transmission Optical Module Not In Position,Major
268390451,MICRO BTS3900,26221,Transmission Optical Module Not In Position,Major
268390522,BTS5900 LTE,26221,Transmission Optical Module Not In Position,Major
268390523,BTS5900 WCDMA,26221,Transmission Optical Module Not In Position,Major
268390540,BTS3900 5G,26221,Transmission Optical Module Not In Position,Major
268390408,BSC6910GSM,26221,Transmission Optical Module Not In Position,Major
268390526,BTS5900 5G,26221,Transmission Optical Module Not In Position,Major
125,BTS3900 WCDMA,26221,Transmission Optical Module Not In Position,Major
8193,GBTS,26221,Transmission Optical Module Not In Position,Major
8193,GBTS,2516,Transmission Power Alarm,Major
8193,GBTS,8600,Transmission Power Alarm,Major
268390408,BSC6910GSM,8600,Transmission Power Alarm,Major
268390408,BSC6910GSM,2516,Transmission Power Alarm,Major
268390409,BSC6910UMTS,21394,Transmission Resource Pool Ping Packet Loss,Major
268390408,BSC6910GSM,21394,Transmission Resource Pool Ping Packet Loss,Major
268390408,BSC6910GSM,4934,Transmit Mode Error Alarm,Major
8193,GBTS,4934,Transmit Mode Error Alarm,Major
268390409,BSC6910UMTS,20735,Trial Operation of License,Critical
268390408,BSC6910GSM,20735,Trial Operation of License,Critical
268390408,BSC6910GSM,4220,Trx Temperature Alarm,Major
8193,GBTS,4220,Trx Temperature Alarm,Major
268390408,BSC6910GSM,2424,Twelfth Extended I/O Alarm,Warning
8193,GBTS,2424,Twelfth Extended I/O Alarm,Warning
268390408,BSC6910GSM,2394,Twentieth Extended I/O Alarm,Warning
8193,GBTS,2394,Twentieth Extended I/O Alarm,Warning
8193,GBTS,2466,Twenty-Eighth Extended I/O Alarm,Warning
8193,GBTS,6156,Twenty-Eighth Extended I/O Alarm,Warning
268390408,BSC6910GSM,2466,Twenty-Eighth Extended I/O Alarm,Warning
268390408,BSC6910GSM,6156,Twenty-Eighth Extended I/O Alarm,Warning
8193,GBTS,2460,Twenty-Fifth Extended I/O Alarm,Warning
8193,GBTS,6150,Twenty-Fifth Extended I/O Alarm,Warning
268390408,BSC6910GSM,2460,Twenty-Fifth Extended I/O Alarm,Warning
268390408,BSC6910GSM,6150,Twenty-Fifth Extended I/O Alarm,Warning
268390408,BSC6910GSM,2396,Twenty-First Extended I/O Alarm,Warning
8193,GBTS,2396,Twenty-First Extended I/O Alarm,Warning
8193,GBTS,6148,Twenty-Fourth Extended I/O Alarm,Warning
268390408,BSC6910GSM,2458,Twenty-Fourth Extended I/O Alarm,Warning
268390408,BSC6910GSM,6148,Twenty-Fourth Extended I/O Alarm,Warning
8193,GBTS,2458,Twenty-Fourth Extended I/O Alarm,Warning
8193,GBTS,2468,Twenty-Ninth Extended I/O Alarm,Warning
268390408,BSC6910GSM,2468,Twenty-Ninth Extended I/O Alarm,Warning
268390408,BSC6910GSM,2398,Twenty-Second Extended I/O Alarm,Warning
8193,GBTS,2398,Twenty-Second Extended I/O Alarm,Warning
8193,GBTS,2464,Twenty-Seventh Extended I/O Alarm,Warning
268390408,BSC6910GSM,2464,Twenty-Seventh Extended I/O Alarm,Warning
268390408,BSC6910GSM,6154,Twenty-Seventh Extended I/O Alarm,Warning
8193,GBTS,6154,Twenty-Seventh Extended I/O Alarm,Warning
8193,GBTS,2462,Twenty-Sixth Extended I/O Alarm,Warning
268390408,BSC6910GSM,2462,Twenty-Sixth Extended I/O Alarm,Warning
268390408,BSC6910GSM,6152,Twenty-Sixth Extended I/O Alarm,Warning
8193,GBTS,6152,Twenty-Sixth Extended I/O Alarm,Warning
268390408,BSC6910GSM,2400,Twenty-Third Extended I/O Alarm,Warning
8193,GBTS,2400,Twenty-Third Extended I/O Alarm,Warning
8193,GBTS,6158,Twenty-ninth Extended I/O Alarm,Warning
268390408,BSC6910GSM,6158,Twenty-ninth Extended I/O Alarm,Warning
268390408,BSC6910GSM,2160,Tx Cabel Connect alarm,Major
8193,GBTS,2160,Tx Cabel Connect alarm,Major
8193,GBTS,9744,UBFA Fault Alarm,Major
268390408,BSC6910GSM,9744,UBFA Fault Alarm,Major
268390409,BSC6910UMTS,22301,UMTS CN Overload,Warning
268390409,BSC6910UMTS,22212,UMTS Cell Blocked,Warning
268390409,BSC6910UMTS,22502,UMTS Cell Broadcast Service Congestion,Minor
268390409,BSC6910UMTS,22203,UMTS Cell Common Channel Faulty,Major
268390409,BSC6910UMTS,22209,UMTS Cell Common Channel Reconfiguration Failed,Major
268390409,BSC6910UMTS,22208,UMTS Cell Common Channel Setup Failed,Major
268390409,BSC6910UMTS,22201,UMTS Cell Congested,Minor
268390409,BSC6910UMTS,22237,UMTS Cell DC-HSUPA Function Fault,Minor
268390409,BSC6910UMTS,22219,UMTS Cell EFACH Function Fault,Minor
268390409,BSC6910UMTS,22223,UMTS Cell EPCH Function Fault,Minor
268390409,BSC6910UMTS,22222,UMTS Cell ERACH Function Fault,Minor
268390409,BSC6910UMTS,22217,UMTS Cell HSDPA Function Fault,Minor
268390409,BSC6910UMTS,22218,UMTS Cell HSUPA Function Fault,Minor
268390409,BSC6910UMTS,22210,UMTS Cell Information Exchange Failed,Major
268390409,BSC6910UMTS,22241,UMTS Cell MC-HSDPA Function Fault,Minor
268390409,BSC6910UMTS,22220,UMTS Cell MIMO Function Fault,Minor
268390409,BSC6910UMTS,22215,UMTS Cell Max DL Power Mismatch,Major
268390409,BSC6910UMTS,22207,UMTS Cell Reconfiguration Failed,Major
268390409,BSC6910UMTS,22206,UMTS Cell Setup Failed,Major
268390409,BSC6910UMTS,22202,UMTS Cell Unavailable,Major
268390409,BSC6910UMTS,22287,UMTS Intelligent Feature Unavailable,Major
8193,GBTS,6668,UPEU Fault Alarm,Major
268390408,BSC6910GSM,6668,UPEU Fault Alarm,Major
8193,GBTS,3184,UPS Communication alarm,Minor
8193,GBTS,3704,UPS Communication alarm,Minor
268390408,BSC6910GSM,3704,UPS Communication alarm,Minor
268390408,BSC6910GSM,3184,UPS Communication alarm,Minor
8193,GBTS,3708,UPS Failed Alarm,Major
268390408,BSC6910GSM,3708,UPS Failed Alarm,Major
8193,GBTS,3188,UPS Failed alarm,Major
268390408,BSC6910GSM,3188,UPS Failed alarm,Major
8193,GBTS,13318,USCU Hardware Alarm,Major
268390408,BSC6910GSM,13318,USCU Hardware Alarm,Major
8193,GBTS,13316,USCU Maintenance Link Fault Alarm,Major
268390408,BSC6910GSM,13316,USCU Maintenance Link Fault Alarm,Major
8193,GBTS,5732,Unbalanced Battery Alarm,Major
8193,GBTS,6030,Unbalanced Battery Alarm,Major
268390408,BSC6910GSM,5732,Unbalanced Battery Alarm,Major
268390408,BSC6910GSM,6030,Unbalanced Battery Alarm,Major
268390408,BSC6910GSM,3964,Unbalanced Battery Alarm,Major
8193,GBTS,3964,Unbalanced Battery Alarm,Major
100000,OSS,650026,Uncontrolled Host Detected,Critical
100000,OSS,650027,Uncontrolled VMs Detected,Critical
268390408,BSC6910GSM,3118,Uplink Alarm,Major
8193,GBTS,3118,Uplink Alarm,Major
100000,OSS,30005,User Password Has Expired,Critical
100000,OSS,30004,User Password Is About to Expire,Major
268390521,BTS5900,25954,User Plane Fault,Major
268390522,BTS5900 LTE,25954,User Plane Fault,Major
8200,BTS3900 LTE,25954,User Plane Fault,Major
268390451,MICRO BTS3900,25954,User Plane Fault,Major
268390526,BTS5900 5G,25954,User Plane Fault,Major
268390417,BTS3900,25954,User Plane Fault,Major
268390523,BTS5900 WCDMA,25954,User Plane Fault,Major
268390540,BTS3900 5G,25954,User Plane Fault,Major
125,BTS3900 WCDMA,25954,User Plane Fault,Major
268390521,BTS5900,25959,User Plane Path Excessive Packet Loss Rate,Minor
8200,BTS3900 LTE,25959,User Plane Path Excessive Packet Loss Rate,Minor
268390451,MICRO BTS3900,25959,User Plane Path Excessive Packet Loss Rate,Minor
268390417,BTS3900,25959,User Plane Path Excessive Packet Loss Rate,Minor
268390522,BTS5900 LTE,25959,User Plane Path Excessive Packet Loss Rate,Minor
268390526,BTS5900 5G,25959,User Plane Path Excessive Packet Loss Rate,Minor
268390523,BTS5900 WCDMA,25959,User Plane Path Excessive Packet Loss Rate,Minor
268390540,BTS3900 5G,25959,User Plane Path Excessive Packet Loss Rate,Minor
125,BTS3900 WCDMA,25959,User Plane Path Excessive Packet Loss Rate,Minor
268390521,BTS5900,25952,User Plane Path Fault,Major
268390522,BTS5900 LTE,25952,User Plane Path Fault,Major
8200,BTS3900 LTE,25952,User Plane Path Fault,Major
268390451,MICRO BTS3900,25952,User Plane Path Fault,Major
268390417,BTS3900,25952,User Plane Path Fault,Major
268390523,BTS5900 WCDMA,25952,User Plane Path Fault,Major
268390526,BTS5900 5G,25952,User Plane Path Fault,Major
268390540,BTS3900 5G,25952,User Plane Path Fault,Major
125,BTS3900 WCDMA,25952,User Plane Path Fault,Major
268390417,BTS3900,25966,User Plane Path Major Fault,Major
268390521,BTS5900,25966,User Plane Path Major Fault,Major
268390522,BTS5900 LTE,25966,User Plane Path Major Fault,Major
8200,BTS3900 LTE,25966,User Plane Path Major Fault,Major
268390526,BTS5900 5G,25966,User Plane Path Major Fault,Major
268390523,BTS5900 WCDMA,25966,User Plane Path Major Fault,Major
268390540,BTS3900 5G,25966,User Plane Path Major Fault,Major
125,BTS3900 WCDMA,25966,User Plane Path Major Fault,Major
100000,OSS,56,Users Having Not Logged In for an Excessively Long Time,Major
268390409,BSC6910UMTS,21322,VCL Alarm Indication Signal,Minor
268390409,BSC6910UMTS,21324,VCL CC Activation Failure,Minor
268390409,BSC6910UMTS,21321,VCL CC Detection Failure,Minor
268390409,BSC6910UMTS,21326,VCL LB Detection Failure,Minor
268390409,BSC6910UMTS,21327,VCL PM Activation Failure,Minor
268390409,BSC6910UMTS,21323,VCL Remote Alarm Indication,Minor
268390408,BSC6910GSM,20722,VLAN ID Inconsistency on Active and Standby OMU Boards,Major
100000,OSS,268390423,VNFC Subscription Failure,Major
8193,GBTS,4222,VSWR Prompt Alarm,Warning
268390408,BSC6910GSM,4222,VSWR Prompt Alarm,Warning
8193,GBTS,2244,Version Rollback Alarm,Warning
268390408,BSC6910GSM,2244,Version Rollback Alarm,Warning
8193,GBTS,3702,Version Rollback Alarm,Warning
268390408,BSC6910GSM,3702,Version Rollback Alarm,Warning
8193,GBTS,3182,Version Rollback alarm,Warning
268390408,BSC6910GSM,3182,Version Rollback alarm,Warning
268390408,BSC6910GSM,4744,Version rollback alarm,Warning
268390408,BSC6910GSM,11286,Version rollback alarm,Minor
8193,GBTS,11286,Version rollback alarm,Minor
8193,GBTS,4744,Version rollback alarm,Warning
100000,OSS,793,Versions of the OSS Subsystems Are Inconsistent,Major
8193,GBTS,2504,Voltage Regulator Alarm,Major
268390408,BSC6910GSM,2504,Voltage Regulator Alarm,Major
8193,GBTS,8588,Voltage Regulator Alarm,Major
268390408,BSC6910GSM,8588,Voltage Regulator Alarm,Major
268390417,BTS3900,25670,Water Alarm,Critical
8200,BTS3900 LTE,25670,Water Alarm,Critical
268390522,BTS5900 LTE,25670,Water Alarm,Critical
268390521,BTS5900,25670,Water Alarm,Critical
268390540,BTS3900 5G,25670,Water Alarm,Critical
268390526,BTS5900 5G,25670,Water Alarm,Critical
268390523,BTS5900 WCDMA,25670,Water Alarm,Critical
125,BTS3900 WCDMA,25670,Water Alarm,Critical
268390408,BSC6910GSM,25670,Water Alarm,Critical
8193,GBTS,25670,Water Alarm,Critical
268390408,BSC6910GSM,20043,Water Damage,Critical
268390409,BSC6910UMTS,20043,Water Damage,Critical
268390408,BSC6910GSM,13102,Water Damage Alarm,Critical
8193,GBTS,13102,Water Damage Alarm,Critical
8193,GBTS,5876,Water Immerse Alarm,Major
8193,GBTS,2352,Water Immerse Alarm,Major
8193,GBTS,5642,Water Immerse Alarm,Critical
268390408,BSC6910GSM,2352,Water Immerse Alarm,Major
268390408,BSC6910GSM,5876,Water Immerse Alarm,Major
268390408,BSC6910GSM,5642,Water Immerse Alarm,Critical
268390408,BSC6910GSM,2374,Water Immersed Alarm,Major
8193,GBTS,3832,Water Immersed Alarm,Major
268390408,BSC6910GSM,6410,Water Immersed Alarm,Critical
8193,GBTS,2374,Water Immersed Alarm,Major
8193,GBTS,6410,Water Immersed Alarm,Critical
268390408,BSC6910GSM,3832,Water Immersed Alarm,Major
268390408,BSC6910GSM,9754,Water immerse alarm,Major
8193,GBTS,9754,Water immerse alarm,Major
100000,OSS,317,Weak Algorithms or Protocols Exist,Warning
268390409,BSC6910UMTS,21348,Working Attributes of Load Sharing Ports Inconsistent,Minor
268390408,BSC6910GSM,21348,Working Attributes of Load Sharing Ports Inconsistent,Minor
268390522,BTS5900 LTE,29204,X2 Interface Fault,Warning
268390521,BTS5900,29204,X2 Interface Fault,Warning
268390417,BTS3900,29204,X2 Interface Fault,Warning
268390451,MICRO BTS3900,29204,X2 Interface Fault,Warning
8200,BTS3900 LTE,29204,X2 Interface Fault,Warning
268390522,BTS5900 LTE,29224,Xw Interface Fault,Warning
268390521,BTS5900,29224,Xw Interface Fault,Warning
268390417,BTS3900,29224,Xw Interface Fault,Warning
268390451,MICRO BTS3900,29224,Xw Interface Fault,Warning
8200,BTS3900 LTE,29224,Xw Interface Fault,Warning
268390408,BSC6910GSM,9758,arrester alarm,Major
8193,GBTS,9758,arrester alarm,Major
268390408,BSC6910GSM,9760,boolean 1 alarm,Major
8193,GBTS,9760,boolean 1 alarm,Major
268390408,BSC6910GSM,9762,boolean 2 alarm,Major
8193,GBTS,9762,boolean 2 alarm,Major
268390408,BSC6910GSM,9764,boolean 3 alarm,Major
8193,GBTS,9764,boolean 3 alarm,Major
268390408,BSC6910GSM,9766,boolean 4 alarm,Major
8193,GBTS,9766,boolean 4 alarm,Major
268390522,BTS5900 LTE,29253,eMTC Service Failure,Major
268390521,BTS5900,29253,eMTC Service Failure,Major
268390417,BTS3900,29253,eMTC Service Failure,Major
8200,BTS3900 LTE,29253,eMTC Service Failure,Major
268390522,BTS5900 LTE,29229,eNodeB  Service Overload,Minor
268390521,BTS5900,29229,eNodeB  Service Overload,Minor
268390417,BTS3900,29229,eNodeB  Service Overload,Minor
8200,BTS3900 LTE,29229,eNodeB  Service Overload,Minor
268390522,BTS5900 LTE,29256,eNodeB Logical RF Site Out of Service,Critical
268390521,BTS5900,29256,eNodeB Logical RF Site Out of Service,Critical
268390417,BTS3900,29256,eNodeB Logical RF Site Out of Service,Critical
8200,BTS3900 LTE,29256,eNodeB Logical RF Site Out of Service,Critical
268390417,BTS3900,29227,eNodeB NG Control Plane Transmission Interruption,Critical
268390522,BTS5900 LTE,29227,eNodeB NG Control Plane Transmission Interruption,Critical
268390521,BTS5900,29227,eNodeB NG Control Plane Transmission Interruption,Critical
8200,BTS3900 LTE,29227,eNodeB NG Control Plane Transmission Interruption,Critical
268390521,BTS5900,29226,eNodeB NG Interface Fault,Major
268390417,BTS3900,29226,eNodeB NG Interface Fault,Major
268390522,BTS5900 LTE,29226,eNodeB NG Interface Fault,Major
8200,BTS3900 LTE,29226,eNodeB NG Interface Fault,Major
268390521,BTS5900,29251,eNodeB Out of Clock Synchronization,Major
100000,OSS,316,eNodeB Out of Clock Synchronization,Critical
268390417,BTS3900,29251,eNodeB Out of Clock Synchronization,Major
268390522,BTS5900 LTE,29251,eNodeB Out of Clock Synchronization,Major
8200,BTS3900 LTE,29251,eNodeB Out of Clock Synchronization,Major
268390521,BTS5900,29249,eNodeB Out of Service,Critical
268390417,BTS3900,29249,eNodeB Out of Service,Critical
268390522,BTS5900 LTE,29249,eNodeB Out of Service,Critical
268390451,MICRO BTS3900,29249,eNodeB Out of Service,Major
8200,BTS3900 LTE,29249,eNodeB Out of Service,Critical
268390521,BTS5900,29213,eNodeB S1 Control Plane Transmission Interruption,Critical
268390417,BTS3900,29213,eNodeB S1 Control Plane Transmission Interruption,Critical
268390522,BTS5900 LTE,29213,eNodeB S1 Control Plane Transmission Interruption,Critical
268390451,MICRO BTS3900,29213,eNodeB S1 Control Plane Transmission Interruption,Critical
8200,BTS3900 LTE,29213,eNodeB S1 Control Plane Transmission Interruption,Critical
268390417,BTS3900,29848,gNodeB Logical RF Site Out of Service,Major
268390521,BTS5900,29848,gNodeB Logical RF Site Out of Service,Major
268390526,BTS5900 5G,29848,gNodeB Logical RF Site Out of Service,Major
268390540,BTS3900 5G,29848,gNodeB Logical RF Site Out of Service,Major
268390521,BTS5900,29816,gNodeB NG Control Plane Transmission Interruption,Critical
268390417,BTS3900,29816,gNodeB NG Control Plane Transmission Interruption,Critical
268390526,BTS5900 5G,29816,gNodeB NG Control Plane Transmission Interruption,Critical
268390540,BTS3900 5G,29816,gNodeB NG Control Plane Transmission Interruption,Critical
268390521,BTS5900,29815,gNodeB NG Interface Fault,Major
268390417,BTS3900,29815,gNodeB NG Interface Fault,Major
268390526,BTS5900 5G,29815,gNodeB NG Interface Fault,Major
268390540,BTS3900 5G,29815,gNodeB NG Interface Fault,Major
268390521,BTS5900,29830,gNodeB Out of Clock Synchronization,Major
268390417,BTS3900,29830,gNodeB Out of Clock Synchronization,Major
268390526,BTS5900 5G,29830,gNodeB Out of Clock Synchronization,Major
268390540,BTS3900 5G,29830,gNodeB Out of Clock Synchronization,Major
268390521,BTS5900,29840,gNodeB Out of Service,Major
268390417,BTS3900,29840,gNodeB Out of Service,Major
268390540,BTS3900 5G,29840,gNodeB Out of Service,Major
268390526,BTS5900 5G,29840,gNodeB Out of Service,Major
268390521,BTS5900,29901,gNodeB Radio Interface Ciphering Disabled,Major
268390417,BTS3900,29901,gNodeB Radio Interface Ciphering Disabled,Major
268390526,BTS5900 5G,29901,gNodeB Radio Interface Ciphering Disabled,Major
268390540,BTS3900 5G,29901,gNodeB Radio Interface Ciphering Disabled,Major
268390521,BTS5900,29800,gNodeB X2 Interface Fault,Major
268390417,BTS3900,29800,gNodeB X2 Interface Fault,Major
268390526,BTS5900 5G,29800,gNodeB X2 Interface Fault,Major
268390540,BTS3900 5G,29800,gNodeB X2 Interface Fault,Major
268390521,BTS5900,29801,gNodeB X2 Interface Full Specification,Major
268390417,BTS3900,29801,gNodeB X2 Interface Full Specification,Major
268390526,BTS5900 5G,29801,gNodeB X2 Interface Full Specification,Major
268390540,BTS3900 5G,29801,gNodeB X2 Interface Full Specification,Major
268390521,BTS5900,29810,gNodeB Xn Interface Fault,Major
268390417,BTS3900,29810,gNodeB Xn Interface Fault,Major
268390526,BTS5900 5G,29810,gNodeB Xn Interface Fault,Major
268390540,BTS3900 5G,29810,gNodeB Xn Interface Fault,Major
8193,GBTS,3710,iSite Power Off Alarm,Major
268390408,BSC6910GSM,3710,iSite Power Off Alarm,Major
268390408,BSC6910GSM,9768,nfcb not consistant with physical alarm,Major
8193,GBTS,9768,nfcb not consistant with physical alarm,Major